0.108499957232396,-0.03688282809515695,0.003361374600790441,0.9354578057995124,-0.08910709349486844,-0.011745374600790441,0.9442115343928682,1.0000765857997773,-0.1354705222278281
0.108499957232396,-0.03688282809515695,0.003361374600790441,0.9354578057995124,-0.08910709349486844,-0.011745374600790441,0.9442115343928682,1.0000765857997773,-0.1293952662400179
0.108499957232396,-0.03688282809515695,0.003361374600790441,0.9354578057995124,-0.08910709349486844,-0.011745374600790441,0.2105932116590844,0.5634100438838876,-0.1622723880016067
0.108499957232396,-0.03688282809515695,0.003175186733715236,0.9354578057995124,-0.08910709349486844,-0.011745374600790441,0.219045164198565,0.586021016160711,-0.1360259419894514
0.108499957232396,-0.03688282809515695,0.0019691222300752998,0.9354743802448421,-0.0889329210577843,-0.011559186733715237,0.5879644035038945,1.0000009341531602,-0.2131834009932741
0.108499957232396,-0.03688282809515695,0.005154129201546311,0.9355809586916327,-0.08780461420669684,-0.0103531222300753,0.5651645246553192,1.0000014124820036,-0.15174789717107778
0.108499957232396,-0.03688282809515695,-0.003311745012179018,0.9352965554674407,-0.09078399568801715,-0.013538129201546312,0.21549945106860258,0.576535394831361,-0.1523057507948133
0.12205289608502087,-0.03685490625298296,-0.004507932821288707,0.9360315955431515,-0.08286273400801841,-0.005072254987820983,0.21899610180446982,0.5858897626512358,-0.11434766120403175
0.1491587737902706,-0.03679906256863497,-0.004646225487813356,0.9225773699685358,-0.08183202249822831,-0.0038760671787112936,0.5768714098006285,1.000001136412605,-0.18475327105513292
0.1898175903481452,-0.036715297042112995,-0.0035378849040716915,1.061578960894756,-0.07797246156225268,0.023556225487813356,0.5653863894356244,1.00000140652098,-0.05178719568868771
0.2304764069060198,-0.036631531515591016,-0.005785127719864252,1.0208336230868562,-0.07937661539068261,0.02244788490407169,0.21549723242079954,0.5765294594236863,-0.13630165114629886
0.25762050711669865,-0.05512878924896016,-0.010582100525498392,0.9803517722207894,-0.07740133512561291,0.024695127719864252,0.2189961239909478,0.585889822005313,-0.05557343087740768
0.29824110116914415,-0.03649192230472105,-0.010813300255686045,0.9533734669035507,-0.054488755995135627,0.02949210052549839,0.5768764261571606,1.0000011363094499,-0.055450323267599674
0.3389381400113102,-0.0549612581963718,-0.010322665944695473,1.0782213627830335,-0.06459094975931962,0.052913300255686045,0.5653862891062749,1.000001406523667,-0.034184249282336446
0.46099103441399025,-0.09181616445282072,-0.016989976428449155,1.0373040224981829,-0.047071696957517874,0.05242266594469547,0.2154972334240931,0.5765294621077345,-0.008847696876387513
0.7857646903372626,0.1500442790136745,-0.015032440954819324,1.078675077025813,0.007450022137718841,0.07818597642844916,0.21899612398091495,0.5858898219784725,0.16316043281704531
0.8400146692982156,0.13160286496680632,-0.015685516381636268,1.078537275304121,-0.21029360174546696,0.10197344095481933,0.5768764238887162,1.000013212519075,-0.5157755843875255
0.9077793652198728,0.1317424741810932,-0.015628754794597632,1.0241418262456836,-0.1920009493260171,0.10262651638163628,0.5653862891516446,1.0000108353159698,0.005097858826751301
0.9619911219571984,0.1318541615525227,-0.012267327420413497,0.9563766880902524,-0.19325770779851217,0.10256975479459764,0.21549723342363925,0.5765294621065199,-0.352602428044753
1.0297558178788557,0.13199377076680957,-0.012825946267694238,1.0577468630024893,-0.1806793547064079,0.1056583274204135,0.2189961239809195,0.585925152016175,-0.02013569132349648
1.0839675746161814,0.1321054581382391,-0.00792002136819065,0.9900902972377945,-0.18109716946323803,0.10621694626769423,0.5768764238897426,1.0000061442348156,-0.2772507671320289
1.1517704906107529,0.11369196592979734,-0.007854048097506169,1.0878470902073232,-0.17065112817777203,0.10326702136819065,0.5653564283714464,1.0000059043950953,-0.08572273633535507
1.2330881254956036,0.11385949698648601,-0.008626742912456395,1.0198903857026802,-0.15284249424199509,0.10320104809750617,0.2154975320314415,0.5765302609530235,-0.16814967247518564
1.3008528223885727,0.113999106202774,-0.014369198298081755,1.0877529621064572,-0.13778397517843055,0.1012167429124564,0.21899612099484134,0.585889813990019,-0.06301638736150984
1.3957616158303998,0.09564145767814872,-0.02510771936737001,1.0207705461882353,-0.1326486505542229,0.10695919829808176,0.5768757487383299,1.0000011363233792,-0.10316473402461314
1.4906321896047319,0.09583691057708732,-0.035881177550181755,1.0715118435568138,-0.08973234758406269,0.10996671936737001,0.5653863026549515,1.0000014065233038,0.05563083998804086
1.5855027633790637,0.09603236347602591,-0.048499095747247346,0.9776138715858312,-0.0817821400151395,0.12074017755018177,0.21549723328860626,0.5765294617452745,-0.05353652900823029
1.680373337153396,0.09622781637496451,-0.05707929716445506,1.0238808778442392,-0.05729590288554101,0.12035809574724735,0.21899612398226975,0.5858898219820969,0.1005640684890493
1.7888350695346091,0.07789808969269196,-0.05779167326167227,1.0651826806270674,-0.03909461577959847,0.11035929716445506,0.576876424195052,1.0000011363094912,0.07125216402194728
1.8837438611352517,0.05954044037330382,-0.06277661234140397,0.9558708860628395,-0.026301365983375652,0.11107167326167228,0.5653862891455179,1.0000014065236658,0.147099781790263
1.9786526522182764,0.04118279184381893,-0.06267176567576824,0.9911685872528645,0.0028685557260815513,0.09160161234140397,0.21549723342370075,0.5765294621066845,0.04949946155588922
2.073523225218626,0.041378244741162966,-0.06216179771814494,1.0219215146134193,0.022865807115153503,0.060920765675768235,0.21899612398091872,0.5858898219784817,0.1299563281339739
2.16843201552767,0.023020596210083507,-0.062264815089292797,1.049502816223013,0.01913969711077233,0.023581797718144934,0.5768764238896036,1.0000011363094938,0.02446960727120064
2.263302589425619,0.02321604910927678,-0.06419787217397241,0.9536336683187149,0.031664228004103456,0.023684815089292793,0.5653862891516279,1.0000014065236646,0.13839233665860848
2.371764317887018,0.004886322418928617,-0.06321216585580257,0.9768718747046136,0.02517183159382864,-0.017417127826027584,0.21549723342363936,0.5765294621065199,-0.07821142520402155
2.4666731068692345,-0.013471326114884377,-0.06452652025967834,0.9813274878310161,0.027974081347362817,-0.06733083414419742,0.2189961239809194,0.5858898219784846,0.020591214586575205
2.5615436790956028,-0.013275873219134905,-0.06300805535167453,0.9953187250646093,0.0281868811155326,-0.12019447974032166,0.5768764238897428,1.0000011363094996,-0.22197766994872725
2.6699671913670446,-0.013052498478754749,-0.057305365130305264,1.0069039354350942,0.0011662764341505395,-0.18011694464832548,0.5653862891516241,1.0000022532955377,-0.27450025698728986
2.764875979280429,-0.03141014701476976,-0.05354070879518983,1.0013178049544933,-0.03689858865004396,-0.24705463486969476,0.2154972334236397,0.5765638539958181,-0.3102864517214745
2.8597465512488034,-0.031214694119551807,-0.053607506034895745,1.0048158353465733,-0.05960841705052038,-0.31320329120481016,0.2189961239809194,0.5859251520169279,-0.4555579962673162
2.968208277203974,-0.04954442081506331,-0.06142958096228537,1.0066747272984036,-0.10281752923717208,-0.3748414939651043,0.5768473560281335,1.0000632721069742,-0.8732180712885581
3.0631170637905325,-0.06790206935381186,-0.06561907184310255,0.9925148653400072,-0.12619216963472285,-0.42625441903771466,0.5653567190494262,1.0000318504183054,-0.7096811107110164
3.1579876363985115,-0.06770661645727619,-0.0854232579190284,0.8971265591617948,-0.10993816049526207,-0.42206492815689745,0.21549752912466147,0.5765646451470572,-0.506362090028067
3.2528964222110885,-0.08606426499761928,-0.1073599143046886,0.8981416808510774,-0.14647757799877395,-0.45744074208097163,0.2189961210239093,0.5859251441438884,-0.8244381126688779
3.3478052075076765,-0.10442191353902541,-0.1336615243274719,0.8978664586798305,-0.16774373083099436,-0.48537608569531143,0.5768466873804312,1.0000577540910318,-0.999681042039433
3.4562669309566205,-0.12275164023970027,-0.1542227571923286,0.8988003577264257,-0.18985484460918983,-0.5027594756725281,0.5653567323901587,1.0000000213882647,-0.999932966094635
3.5511757151843764,-0.14110928878330845,-0.17985082444734876,0.8863466094724973,-0.22350247200408088,-0.5191822428076714,0.21549752899125418,0.5765646447901251,-0.7247728644431917
3.6460845000517366,-0.15946693732559888,-0.21631633547134707,0.8901328620981652,-0.2544910894834621,-0.5236291755526512,0.21899612102524324,0.5859251441090032,-1.0000117545395217
3.740993283247517,-0.17782458587133312,-0.26014467325992896,0.8993601967078929,-0.27871190256696593,-0.5103456645286529,0.5768466876820951,1.0000002300820632,-0.9998763648366209
3.8359402787026777,-0.21473533585589347,-0.29737929967232063,0.814270775984343,-0.2457119160415872,-0.46651732674007107,0.5653567324166271,1.0000001805633736,-0.9998187483303862
3.930887273127493,-0.25164608663354626,-0.3485916724521669,0.8231647182077717,-0.25645187479308035,-0.4457417003276794,0.21549752899098962,0.5765646447894175,-0.7241137550213713
4.025834266518703,-0.2885568366223587,-0.3952811845857652,0.8384960746778598,-0.25672800057708633,-0.40452232754783307,0.2189961210252459,0.5859251441090103,-0.8642724123130999
4.120819472034916,-0.3440206880502742,-0.4430270933825525,0.855810677970156,-0.26069688187672047,-0.3616528154142348,0.5768466876826932,1.0000547382618523,-0.9997120089212287
4.215766463104179,-0.3809314380438703,-0.4881278976518662,0.8685766366877332,-0.24591079299923957,-0.31185790661744756,0.565356732416615,1.0000147734034992,-0.7931097905251819
4.297198726585077,-0.4364232113205168,-0.5268151485640558,0.8908823455217613,-0.2484550519224521,-0.25912510234813374,0.21549752899098973,0.5765646447894176,-0.5107203338712237
4.378630988739151,-0.49191498459989674,-0.559446627320722,0.9165836120496061,-0.23100683341504943,-0.20749085143594426,0.2189961210252458,0.5859251441090098,-0.5961131220154823
4.446510311745747,-0.5474346797220584,-0.590138057889417,0.941399522150112,-0.2155462967831379,-0.15683837267927792,0.5768466876826931,1.0000149041055169,-0.6347840843816258
4.527980783409657,-0.6214795552368987,-0.6113732963521035,0.9771770825809767,-0.19031635855413942,-0.10327494211058297,0.5653567324166155,1.0000103719506803,-0.3864897269397706
4.595860103910025,-0.6769992503642235,-0.6344477593619376,0.988745603200387,-0.1620396157537612,-0.05452670364789658,0.21549752899098962,0.5765646447894174,-0.22110788996372707
4.67733057124707,-0.7510441250970086,-0.659566104831174,1.021191242496445,-0.13464525485139892,0.000493759361937629,0.2189961210252459,0.5858898140713584,-0.18450747219548094
4.74520988924121,-0.8065638202294966,-0.6754736991692334,1.0300778031406985,-0.09321378687898639,0.0617721048311739,0.5768466876826932,1.0000011369211599,-0.009678597747655074
4.8266421433237525,-0.8620555935255058,-0.6886344710458069,1.057894663943792,-0.06242030875173111,0.11781069916923337,0.5653865931967603,1.000001406515516,0.09307381914391069
4.894559668898154,-0.9361283908974294,-0.6963641037140039,0.9604853971370477,-0.057395439675810934,0.13097147104580686,0.21549723038318813,0.5765294539725944,0.0045672485506254015
4.976030131051507,-1.010173265640894,-0.6924484419170767,0.9734241130037898,-0.01600890111364193,0.18251910371400393,0.21899612401132396,0.5858898220598237,0.2862156340510587
5.043909444033191,-1.065692960783709,-0.6887416045460848,0.9736160267399491,0.010480567205781976,0.22578044191707664,0.576876430764194,1.0000060092008298,0.3929952581221103
5.11182696522006,-1.1397657573737021,-0.6894833474978803,0.9940517247490731,0.03676797623493536,0.2722186045460848,0.5653862890141322,1.0000196862944737,0.4863817149193751
5.1932592123383925,-1.1952575314750287,-0.6827978905290363,1.0000696881568367,0.08709812904090077,0.32562434749788033,0.21549723342501437,0.576563854001271,0.40227901781799374
5.274691458128267,-1.2507493047881222,-0.6663099600374696,1.0055421158364326,0.11249854867369989,0.37360989052903626,0.21899612398090562,0.5859251520168913,0.6203405311932424
5.356161911238778,-1.3247941795502167,-0.6526805363595483,0.9089468226629747,0.08919480476061324,0.35712196003746954,0.576847356023525,1.0000519816827245,0.7315930355988434
5.424041219147338,-1.380313874703483,-0.6402142377570267,0.9019090268375398,0.12902232500746366,0.39961053635954824,0.5653567190495031,1.0000075278840888,0.8440156826651162
5.505473460846163,-1.4358056480250052,-0.613800853081047,0.9150303239785956,0.16893949959053045,0.4441092377570267,0.2154975291246608,0.5765646451470549,0.5716248309922911
5.586905701218161,-1.491297421349261,-0.5918421973660584,0.9181621320697935,0.19331165508420659,0.47489485308104706,0.21899612102390908,0.5859251441427574,0.9030062155804983
5.668337940264961,-1.5467891954672162,-0.5640721887722606,0.9193489375693235,0.22723160425296468,0.5097611973660584,0.5768466873804332,1.00000022826835,0.9999826909319419
5.749770177983306,-1.6022809687969388,-0.5314493796601887,0.8268190440148449,0.20497593365460742,0.4819911887722606,0.5653567323911146,1.0000002256739715,0.9997673437067097
5.8312024143748244,-1.6577727421293948,-0.4983071691170332,0.8308268179520412,0.23761451116648447,0.5052403796601886,0.21549752899124464,0.5765646447900998,0.7718167739777607
5.926149378994313,-1.6946834921774832,-0.454117460288107,0.835392904591046,0.2751090155351842,0.5264861691170332,0.21899612102524324,0.5859251441090031,0.9999879220598915
6.007581612842744,-1.7501752655151785,-0.40148878876119815,0.8403301026002341,0.2857920322221587,0.534734460288107,0.5768466876821166,1.0000003148122756,0.9996711987365702
6.088975638707128,-1.7871139374052398,-0.3525480968132611,0.8532713659762965,0.3168101555604188,0.5321977887611982,0.5653567324166268,1.00000005704199,0.9998087254590737
6.183884392565296,-1.8054715860114154,-0.30345620844513144,0.7786058882244067,0.28125002333128746,0.4832570968132611,0.2154975289909895,0.5765646447894169,0.8647019635725653
6.2652784168096325,-1.842410258695784,-0.2512321904674169,0.7943756837550048,0.28358323442240835,0.48158820844513145,0.2189961210252458,0.5859251441090104,0.9656858294701852
6.360187170570278,-1.8607679073021608,-0.20968655947595802,0.8199813225843026,0.30851082371903066,0.4738661904674169,0.5768466876826936,1.0000001375507952,0.9998845652490036
6.441581193191308,-1.8977065791989038,-0.1687367284670469,0.8358883890990755,0.32388415491511074,0.473711559475958,0.5653567324166149,1.0000002005987394,0.9997106734916622
6.536451739102285,-1.8975111263573696,-0.12181163374334546,0.8630990068634403,0.36360499525012746,0.4709027284670469,0.21549752899098984,0.5765646447894178,0.9644128052898905
6.631360490196229,-1.9158687749692402,-0.08665089819580289,0.7850610442321242,0.31099682240681814,0.42397763374334546,0.2189961210252458,0.5859251441090096,0.8596083482546178
6.726231035849213,-1.9156733221282374,-0.03762955550104351,0.8032181439749402,0.3401093206145726,0.4236088981958029,0.5768466876826929,1.000048351792212,0.9998951943202895
6.821101582657788,-1.9154778692848538,0.01466889228671818,0.8291264912684628,0.34171152131911176,0.40596055550104354,0.5653567324166155,1.0000000979268209,0.9999278450257862
6.915972128310771,-1.9152824164438509,0.07064562883228091,0.8572905434383928,0.3417485850877628,0.3815641077132818,0.21549752899098962,0.5765646447894175,0.7895153942011829
7.010804469812761,-1.896533862147317,0.11455873515456942,0.8880947480063052,0.3390522987893181,0.3499753711677191,0.2189961210252459,0.5859251441090102,0.8842175568973729
7.105636811830738,-1.8777853078497202,0.17167359109967975,0.9142471081109668,0.3287335475065718,0.32689026484543054,0.5768466876826932,1.0000911108603268,0.9996850509657932
7.200469154364704,-1.8590367535510604,0.21999277647584706,0.9444902800701575,0.3060869468175415,0.2869964089003203,0.5653567324166151,1.0000000307306223,0.8543849393256556
7.295301498570249,-1.8402881992489564,0.26853191312402513,0.971774658618983,0.2909190183193711,0.252228223524153,0.21549752899098962,0.5765646447894176,0.5229442432388205
7.390095639015547,-1.8029865426995468,0.3229130446538331,0.8883375373748471,0.2505097218436109,0.20368908687597487,0.21899612102524602,0.5859251441090101,0.641491028106201
7.484927983355469,-1.7842379883971664,0.36284386899322285,0.9106952047482101,0.21450074186846002,0.15911895534616693,0.576846687682693,1.0000145569798304,0.6175313242764205
7.566169190183363,-1.7469642544701147,0.400473102591932,0.9347539108504151,0.20814046718747378,0.12517013100677715,0.5653567324166151,1.0000160464480465,0.5159398952223986
7.647372195477058,-1.6911374190821413,0.42769835900515335,0.9635793697168339,0.18014674247529483,0.08959489740806803,0.21549752899098962,0.576564644789417,0.23261341917525624
7.742166341060054,-1.6538357633131164,0.4572628844901921,0.9812190705203647,0.14339209482364576,0.06038864099484664,0.21899612102524602,0.5859251441082562,0.3115846329202933
7.836922284616672,-1.597981006084184,0.4853145278617742,0.9925829848557508,0.12540060373651113,0.024702115509807887,0.5768466876826935,1.0000011369211577,0.23195539775690127
7.918163495572467,-1.5607072721486281,0.5009159689769151,0.9936268709675099,0.09083078151243067,-0.013712527861774182,0.5653567324172524,1.000001407315989,0.08508913352495932
7.99936650595233,-1.5048804367501758,0.5183784698322418,1.01209779100414,0.07695709815590446,-0.04398896897691512,0.21549752899098318,0.5765302528190789,0.06257356754973058
8.08056951765739,-1.4490536005580237,0.5311213653907182,1.019828121534727,0.042568329442833036,-0.08046646983224176,0.2189961210252458,0.5858898140713583,-0.07873642644084015
8.17536366895311,-1.4117519447772298,0.5334407906141134,1.0250551677774284,0.010498936546553818,-0.11652336539071817,0.5768757556127972,1.0000011363232375,-0.19505923062862646
8.256566683202879,-1.3559251093708047,0.5341487352736297,1.02594220508484,0.009252842530732133,-0.1463207906141134,0.5653863025174592,1.000001406523306,-0.18394854352720832
8.35132263508902,-1.3000703521247112,0.5318506789021197,1.0275212358132448,-0.016195756394352803,-0.17841873527362972,0.21549723328998116,0.5765294617489528,-0.2024132764893247
8.44607858852312,-1.2442155948754292,0.531753582088277,1.015984243179085,-0.03500293329112107,-0.21102267890211968,0.21899612398225587,0.5859251520197503,-0.29926067207965834
8.527281606974505,-1.188388759460348,0.5281417266745124,1.0029842855038076,-0.05964148037221014,-0.24878758208827706,0.5768764241919433,1.0000099680493877,-0.574450206242831
8.622075764313026,-1.151087102876135,0.5277800118643794,1.0006771770440288,-0.09140270306043258,-0.2852917266745124,0.5653564283654027,1.0000244056016994,-0.5396013534395288
8.716831722022459,-1.0952323456180442,0.5179610272776339,0.9945975714160404,-0.10754472979222257,-0.3264580118643794,0.2154975320315018,0.5765646529243217,-0.41608808313118195
8.811587681279851,-1.0393775883567649,0.5042673370521519,0.9794929540568564,-0.13457407937373175,-0.35864002727763394,0.2189961209948409,0.5859251440276613,-0.6543108777198883
8.892790705149109,-0.9835507529305217,0.4930511860828852,0.9648491014296359,-0.1623359581623187,-0.38644033705215186,0.5768466808074149,1.0000208170459008,-0.9433764933983704
8.973993730345192,-0.9277239175015449,0.47242732348851907,0.962075704669745,-0.20343444125115534,-0.4152471860828852,0.5653567325541236,1.000017559148226,-0.8647765412903655
9.068787893729773,-0.8904222616958453,0.45029174107126946,0.8683538999196839,-0.19631142503327512,-0.3946233234885191,0.2154975289896146,0.5765646447857381,-0.5710637192417172
9.149990921467312,-0.8345954254706631,0.4082349320035434,0.8658209997697454,-0.21063891693241762,-0.41014674107126947,0.21899612102525956,0.5859251441466251,-0.8736795081762749
9.24478508594453,-0.7972937696627126,0.37016235548071624,0.8739717694234914,-0.2342571188511282,-0.4026119320035434,0.5768466876858028,1.0000837831174343,-0.9994867529532248
9.339617449265443,-0.7785452153212272,0.3369519700389362,0.8791622079869483,-0.24251693083358167,-0.3952903554807162,0.5653567323847921,1.00000005468575,-0.9446817855511139
9.434373417994898,-0.7226904580404333,0.29831180649809597,0.8919401927636702,-0.2408443772388761,-0.38857897003893616,0.2154975289913078,0.5765646447902687,-0.5969562885821377
9.529205784019364,-0.7039419036933781,0.2587368382792925,0.897113822714068,-0.2721189685359009,-0.37184580649809595,0.21899612102524257,0.5859251441090011,-0.9198596553421228
9.637591086930025,-0.6851654275082001,0.21161287146620508,0.9170641951178657,-0.2690204415822381,-0.3493628382792925,0.5768466876819738,1.000047465753026,-0.981956924300367
9.732423452867733,-0.6664168731613236,0.16722625690512413,0.928372339887112,-0.2567422148775408,-0.3143928714662051,0.56535673241663,1.0000099601691816,-0.8004862231982502
9.84084695336897,-0.6661934984451925,0.13177294391207453,0.9548488546460092,-0.2500397480429268,-0.27716625690512414,0.21549752899098962,0.5765646447894176,-0.510547777133697
9.935679320117515,-0.6474449440966454,0.08589264917187452,0.9708823050622672,-0.23069762599805582,-0.24386694391207453,0.2189961210252459,0.5859251441090101,-0.6356023721799471
10.030549884469684,-0.6472494912171185,0.04856666493229628,1.0023335977163046,-0.21979058307489419,-0.19514664917187452,0.576846687682693,1.0000163635107344,-0.6806242650106589
10.138973385265775,-0.6470261165003799,0.01900602090172529,0.9150692450866499,-0.17782257696710685,-0.1578206649322963,0.5653567324166151,1.0000073318783949,-0.4670250241155897
10.247396886061862,-0.6468027417836413,-0.01017228198237658,0.932103482443492,-0.1634569170126322,-0.12044602090172529,0.21549752899098962,0.5765646447894174,-0.2907884618683365
10.342305644342794,-0.6651603903807053,-0.03288215217180491,0.9500537448858151,-0.14711582165483816,-0.07849871801762343,0.21899612102524602,0.5859251441082562,-0.31160214809921116
10.437176207281377,-0.6649649375040906,-0.04831009474582911,0.9805708167214189,-0.11495828384043633,-0.038075847828195085,0.5768466876826932,1.0000011369211599,-0.2345240526052905
10.545637903469714,-0.6832946642609279,-0.06756890398450136,1.010739919737466,-0.10459214060082549,1.0094745829108964e-05,0.5653567324172523,1.00000140731599,-0.15650028455302342
10.640546660423816,-0.7016523128607254,-0.07914818358607532,1.0262428586881818,-0.06836699005090267,0.04687690398450135,0.21549752899098318,0.5765302528190789,0.027034945838755046
10.748970160335356,-0.7014289381458091,-0.08959317688830139,1.0533892101914835,-0.034504886016851935,0.09101618358607533,0.2189961210252459,0.5858898140713584,0.0400566598752999
10.843878916478618,-0.7197865867472772,-0.09735846054740191,0.9457234956908794,-0.033424054852459716,0.10146117688830139,0.5768757556127972,1.0000011363232375,0.12701125305956948
10.938749479798814,-0.7195911338698763,-0.09805860210210027,0.9708946656350607,0.0008762890062883958,0.1467294605474019,0.5653863025174592,1.000001406523306,0.2759271716681163
11.047211172583324,-0.7379208606337262,-0.09677570356521698,0.9961373770110428,0.015060858656572066,0.1898306021021003,0.21549723328998116,0.5765638536382135,0.15068590454398975
11.142119927399762,-0.7562785092379275,-0.08950818827841373,1.0041176034010646,0.049817539761886,0.23575370356521697,0.21899612398225587,0.58588982198206,0.43179578816311825
11.236990489048376,-0.7560830563639703,-0.08282590916845889,1.023783227726279,0.08557274201457221,0.2803221882784137,0.5768473563303659,1.0000178770535508,0.6187284245339435
11.345490372789328,-0.7929658846105349,-0.07161446558777185,0.9298030217540125,0.07068613487002601,0.27363990916845893,0.5653865798241962,1.0000201685660268,0.4601963603762444
11.440360935077548,-0.7927704317352601,-0.05839486217591853,0.9330352419233556,0.1266742987321953,0.31862046558777185,0.21549723051691383,0.5765638462206342,0.5486632484754611
11.548784433514836,-0.7925470570233811,-0.038376342118717134,0.9507266789207556,0.1510048254409991,0.36555286217591854,0.2189961240099868,0.5859251520946983,0.609355187944552
11.643693186193607,-0.8109047056319867,-0.016555852727032604,0.9535416536605528,0.1745250158152631,0.40910934211871713,0.5768473625993913,1.0000890809131149,1.0000156544367222
11.73856374706824,-0.8107092527596241,0.009968839152716697,0.8619229164903881,0.17046228362567103,0.38728885272703256,0.5653567189179824,1.0000000006775696,0.7486915126200457
11.84698724636627,-0.8104858780459719,0.04075066985096842,0.8784062218098063,0.19704949854685527,0.4270891608472833,0.21549752912597597,0.5765646451505738,0.7052174600898826
11.941819616505592,-0.7917373236904391,0.0741081011435023,0.8808643183674801,0.22681430085856,0.4645833301490315,0.2189961210238961,0.5859251441053984,0.8771626510114389
12.036651987160905,-0.7729887693338434,0.10990826637949855,0.8953511959485994,0.24218299654195558,0.5005608988564977,0.5768466873774591,1.0000002015390548,0.9999949932811824
12.131522548551526,-0.7727933164604178,0.14977282942738446,0.9089884219825394,0.2620063494450517,0.5342187336205014,0.5653567324227202,1.0000004448675848,0.999759619106726
12.239907857359192,-0.7540168402630907,0.19793562681879912,0.8248705956943182,0.2395340642264574,0.49435417057261555,0.21549752899092878,0.5765646447892552,0.7632006886933717
12.334740230496923,-0.7352682859013809,0.24810599447693737,0.8292094698208862,0.26112799969036254,0.5148403731812008,0.21899612102524646,0.5859251441090116,0.9999919273990794
12.443087351075508,-0.6979387082157202,0.29599714727606685,0.8484025272661532,0.28530158564126057,0.5316410055230626,0.5768466876828303,1.0000003029082325,0.9996759642306573
12.537919724384475,-0.6791901538536574,0.3350467664143077,0.850350857317116,0.30364357997760477,0.5482808527239331,0.5653567324166124,1.0000000756790477,0.999766995519733
12.632713909353786,-0.641888498003489,0.38052689970936676,0.7658327666393434,0.28369077115292,0.5092312335856923,0.21549752899098962,0.5765646447894174,0.9202466367801595
12.713916969047357,-0.5860616625034405,0.42013972224202056,0.7826053537690527,0.3108905441890694,0.5252121002906331,0.2189961210252458,0.58592514410901,0.9996940497888469
12.808711157420493,-0.5487600066462593,0.470786925866269,0.8041761309657579,0.32632356805806956,0.5435052777579794,0.5768466876826932,1.0000000019313198,0.9999747031727384
12.903505345668389,-0.5114583499983666,0.5205771082779397,0.8262673430238391,0.360700262961824,0.546868074133731,0.5653567324166153,1.0000000002667142,0.9999929674971576
12.971155471153223,-0.4556594363309247,0.564091845764779,0.7424051336781683,0.3339186759214035,0.4970778917220603,0.21549752899098962,0.5765646447894174,0.9997653952141194
13.052358535822385,-0.3998326008206253,0.6198108038445939,0.7814310047629851,0.35212453232637164,0.5034601542352211,0.2189961210252459,0.5859251441090105,0.9998508440793239
13.133561601818373,-0.34400576530759247,0.664803236438893,0.8154995207103196,0.3712009872177455,0.4934121961554062,0.5768466876826932,1.0000125651030256,0.9993109433052725
13.21472648302596,-0.2696258282991375,0.7182225087424742,0.8486837349631143,0.40197177140787355,0.489831763561107,0.5653567324166149,1.0000073069136743,0.9993271464645068
13.2823766134479,-0.2138269138305545,0.7619245103141293,0.7588751688226999,0.3534878418067549,0.4364124912575259,0.21549752899098984,0.5765646447894184,0.9627007206758407
13.3499885580749,-0.13947489865959273,0.8149352377792821,0.8063729694584777,0.38145416592580605,0.42988348968587065,0.2189961210252458,0.5859251441090099,0.9996723049517665
13.417600504176148,-0.06512288348559372,0.8536271143099294,0.847164047156682,0.3894817335748742,0.4098617622207178,0.5768466876826923,1.000000042451268,0.9999420466788191
13.498650831150611,0.06491635800939921,0.901384655549191,0.8844334296506753,0.41065194892055407,0.4000488856900706,0.5653567324166153,1.0000000610660578,0.9999066334762803
13.498650831150611,0.06491635800939921,0.9495146730681883,0.8755531809627366,0.4002569373466527,0.3771353444508091,0.21549752899098973,0.5765646447894172,0.9020557512260168
13.606730667331473,0.2321176469727745,0.9983407229324803,0.8937962044788164,0.35766930738791497,0.32900532693181184,0.2189961210252459,0.5859251441090102,0.8010230775787598
13.660789681595835,0.3064417403190534,1.047036378099583,0.8392928861497663,0.35370117936662043,0.3010592770675198,0.5768466876826934,1.0001197623579878,1.000003035287818
13.701257570313393,0.399291013314654,1.0945086139580238,0.8931973316822106,0.3576994884365117,0.26933662190041696,0.565356732416615,1.0000001356923678,0.9908748935890082
13.741763645968438,0.4735871856102297,1.135844493522309,0.9376827588769567,0.3393263672084034,0.23497238604197612,0.2154975289909895,0.5765646447894168,0.5393218552299718
13.782231536786801,0.5664364586101583,1.1834478536387907,0.9960174853278909,0.3323712401691372,0.20290350647769095,0.2189961210252459,0.58592514410901,0.7988273662634274
13.809146488531399,0.6592578097674575,1.228050723685883,0.9094486274176895,0.28699624105065685,0.15530014636120937,0.5768466876826936,1.0000532845459442,0.7080142608834304
13.83606144101149,0.7520791617172414,1.267377035333775,0.9549939658213444,0.25549406812709746,0.11613027631411699,0.5653567324166153,1.000040176014488,0.5627678371577189
13.876529334778345,0.8449284347232446,1.307078262283467,0.9967520099337968,0.22584137205149457,0.07839696466622503,0.21549752899098962,0.5765646447894174,0.29010444485726444
13.90344428891859,0.9377497858854791,1.33946456016507,1.0323742695687563,0.20561903565163506,0.036431737716533075,0.2189961210252459,0.5859251441082565,0.3840459624524391
13.93035924379596,1.0305711370492325,1.3609744565328583,0.9419713096565814,0.17699874222371606,0.004045439834929887,0.5768466876826932,1.0000054352154009,0.29657828967774774
13.94368307302738,1.141917668653073,1.376972075267695,0.9749169526286324,0.16072039899243598,-0.023604456532858364,0.5653567324172522,1.0000042604550763,0.2306240596832773
13.94349214662443,1.234683176125113,1.396004720791243,0.9891054283058658,0.13059397021526764,-0.04962807526769497,0.2154975289909834,0.5765302528190797,0.07926836774799502
13.970368918025528,1.346057629577961,1.4060214219940825,1.0212660046880147,0.08539852404819251,-0.08256572079124291,0.2189961210252459,0.5858898140713584,0.02262956550455946
13.983730933718554,1.4388510588988566,1.415351193170063,1.0265045605389036,0.07025838610801992,-0.11032642199408249,0.5768757556127966,1.0000011363232393,-0.0671260515266646
13.997054764646972,1.5501975897152234,1.4125263839634135,1.0495329580095472,0.04300806206840586,-0.14114919317006303,0.5653863025174592,1.000001406523306,-0.15407992335359363
14.010416781113973,1.6429910190377137,1.4135025546932591,1.0511365085622046,0.022819612037398945,-0.16341138396341348,0.21549723328998116,0.5765294617489528,-0.08876172989229164
14.02374061288845,1.7543375506467935,1.4076740558398888,0.9574172999634332,0.02045485636050371,-0.16438755469325916,0.21899612398225576,0.5858898219820594,-0.17359546357043373
14.037102630129423,1.847130979970878,1.4017876129830256,0.9567449042319233,1.8337493375900174e-06,-0.18700605583988872,0.5768764241919433,1.0000020523091975,-0.3497682572734285
14.064017590461495,1.939952331145869,1.3925117513770238,0.9723313257398798,-0.020400787757605968,-0.21259661298302546,0.5653862891455808,1.0000057468585641,-0.3389080655302155
14.064017590461495,1.939952331145869,1.3852084926096717,0.983723516511594,-0.0273325444066025,-0.2373977513770238,0.21549723342369997,0.5765638539977546,-0.22015760684963365
14.104256386561547,2.144120213938167,1.3750314162252468,0.9838968967781452,-0.020147491953370223,-0.23009449260967174,0.21899612398091894,0.5859251520161733,-0.287185129687301
14.131209533759021,2.218388463622015,1.3596222839830443,0.9857828640848286,-0.06953537813461347,-0.2936694162252469,0.5768473560264968,1.0000221999054597,-0.7252527953681849
14.158086312162773,2.32976291708929,1.344584394725971,1.0113506218851402,-0.07726058419690562,-0.31663728398304425,0.5653567190500802,1.0000385079434682,-0.4476170449841206
14.185001276069883,2.4225842682716467,1.3293736431328578,0.9998699092247285,-0.0969297627686914,-0.3400353947259711,0.21549752912465503,0.5765646451470396,-0.48472517046185193
14.211916240714118,2.5154056194555214,1.3031938743917268,1.0061665780941849,-0.11627624875050278,-0.3626056431328578,0.2189961210239092,0.5859251441054336,-0.5400598760991848
14.238793021624087,2.6267800729279602,1.2725011775223536,0.912231058400692,-0.08848502799272283,-0.3364258743917269,0.5768466873804459,1.0000404923211768,-0.7388615990982669
14.2522695968445,2.663914197773225,1.2505026115803048,0.9030609266775779,-0.10414352539233625,-0.34218417752235364,0.5653567324226605,1.0000531529431518,-0.640288600710131
14.292737507712602,2.7567634708144606,1.2188064092723656,0.969004606917904,-0.12143460847815443,-0.3546986115803048,0.2154975289909291,0.5765646447892561,-0.4301205980741468
14.333243603898158,2.8310596423613634,1.1887085412768652,0.9757979475384648,-0.12345111654872785,-0.3550644092723656,0.21899612102524646,0.5859251441090115,-0.6088678164158776
14.373749700968267,2.905355813910089,1.1618075138656427,1.0010328214470996,-0.12334221562019707,-0.35416454127686525,0.5768466876828297,1.0000502318845828,-0.7720817940804975
14.414217614930662,2.998205087748669,1.1296154210297393,0.9197112561838008,-0.08875296372538863,-0.3272635138656428,0.5653567324166127,1.0000442415218467,-0.5275684568353607
14.45468553000037,3.0910543607985606,1.1026819731621076,0.9297317041018854,-0.09837332571076478,-0.32110042102973935,0.21549752899098973,0.5765646447894178,-0.42421204215070374
14.495153446175765,3.1839036338507296,1.0724988490669063,0.9417493279042266,-0.11541543864955792,-0.31682397316210764,0.2189961210252458,0.5859251441090098,-0.5440070631943522
14.535659547114147,3.2581998061983946,1.0450720593659215,0.9570322961800453,-0.13148648164759902,-0.30580684906690625,0.5768466876826928,1.0000266853888182,-0.7640549571308939
14.589718595581045,3.332523899615137,1.024808832290583,0.991212454784986,-0.14242125867620722,-0.2940140593659215,0.5653567324166154,1.0000279225947528,-0.5678462668451157
14.643739460707675,3.425401094530286,0.9983679978875448,0.9023053786194287,-0.11470225925991633,-0.27375083229058306,0.21549752899098962,0.576564644789418,-0.3654103286264836
14.697798510525203,3.4997251879498115,0.9705960226384928,0.9163856670194332,-0.12720909942795106,-0.25942699788754486,0.2189961210252459,0.5859251441090101,-0.5346274581344276
14.765410507486393,3.574077204019562,0.9419674142031006,0.9490057086187433,-0.12880851166229978,-0.24031402263849277,0.5768466876826926,1.0000083545604075,-0.6155821959387419
14.819469559810145,3.6484012974442517,0.9172827276913454,0.9763699481640933,-0.11797399199004627,-0.21697941420310063,0.5653567324166151,1.0000064128226467,-0.44615671859089107
14.900596323170955,3.741334336086042,0.897166014197283,1.0135913249872155,-0.12100019194492909,-0.1943337276913455,0.2154975289909895,0.5765646447894169,-0.2970242947762133
14.941064249297517,3.8341836091587127,0.8671748589305213,1.0214004775059702,-0.11768362642394938,-0.17313001419728302,0.21899612102524602,0.5859251441082562,-0.3773838768989392
15.008676253385003,3.908535625243145,0.8430570718972018,0.9274900615372518,-0.1162172834008361,-0.14313885893052125,0.5768466876826936,1.0000011369211583,-0.46362979847768004
15.076288257792772,3.982887640537267,0.8217375223664574,0.9611754166268176,-0.10798858239207756,-0.11494007189720179,0.5653567324172523,1.00000140731599,-0.2933184430621203
15.143938445675184,4.038686554333261,0.797821105602198,0.9963835125827974,-0.10020015930055526,-0.08668552236645732,0.2154975289909833,0.5765646447876254,-0.18578422831117952
15.225103399881887,4.113066491492108,0.7803398369578651,1.0466897084521565,-0.07407911572640903,-0.05312310560219802,0.21899612102524602,0.5858898140713588,-0.13855598327462243
15.292715408673917,4.187418507586234,0.7675055587617687,0.9378150032928123,-0.05152994167984678,-0.03564183695786516,0.5768466876842078,1.0000011369211605,-0.15640021890181013
15.37388036627139,4.261798444752067,0.7520881119696432,0.9749628404767561,-0.04750042354929756,-0.010595558761768764,0.5653865931967448,1.000001406515516,-0.06491665987433705
15.455083506790672,4.317625280418634,0.7441866257740193,1.0034465486049295,-0.028648720894117848,0.019450888030356772,0.21549723038318824,0.5765294539725943,0.010657463238266815
15.536248468860794,4.392005217593682,0.7330921961320574,1.0448980720074863,-0.0006371841714176583,0.04424537422598074,0.21899612401132396,0.5858898220598237,0.06693949123868807
15.61745161225486,4.447832053266171,0.7321687271585698,0.9347535694576723,0.009995995062411717,0.05533980386794257,0.576876430764194,1.000001136309358,0.12683094762572664
15.698616576484824,4.522211991236638,0.7292995075276133,0.9763900266067252,0.03413042005243998,0.07526027284143011,0.5653862890141322,1.0000014065236678,0.20192550244467342
15.766228594492533,4.596564006558779,0.7236644207732761,1.0059356797087518,0.04944240395330669,0.09906049247238669,0.21549723342501448,0.576563853999496,0.14275929175961866
15.847393562114895,4.670943943745266,0.7240701053990061,1.0455512933872804,0.062066553908961944,0.12738057922672397,0.2189961239809055,0.5858898219784475,0.27213264900929407
15.928596712524698,4.72677077943221,0.7254807492904375,0.9355022507456137,0.05969005329688249,0.12697489460099398,0.5768473560250252,1.0000011369074093,0.3221108903460484
15.996208735064092,4.801122795554657,0.7330246732011446,0.9775730507819823,0.09157841485131928,0.14981325070956253,0.5653865798303026,1.000001406515876,0.42050630079777773
16.09096483559148,4.856977553106982,0.7432775910571228,1.0179279320517256,0.09785962812828876,0.16787232679885533,0.21549723051685277,0.5765638462204709,0.20942754814627138
16.158576861191566,4.931329568444764,0.7574032973125588,0.911315971433122,0.11041651322367671,0.15761940894287718,0.21899612400998736,0.5859251520939462,0.4339875315030139
16.226188888265906,5.005681583785584,0.7740137184783827,0.9524350542259724,0.11400055279599874,0.17023170268744114,0.5768473625995294,1.0000011420435435,0.47527207760121504
16.30735386576573,5.080061520992421,0.7784416609443735,0.9936278141637533,0.11786918846093056,0.18125728152161724,0.5653567189186166,1.0000023415724206,0.45820535614571806
16.388557024798253,5.135888357488097,0.7975583762861799,1.0233452431366492,0.14646509629211682,0.2051153390556265,0.21549752912596976,0.5765646451505574,0.3697352613600403
16.442577928734462,5.228765552483202,0.810388671476395,0.9292885391886778,0.1459972020912785,0.18599862371382014,0.21899612102389598,0.5859251441053983,0.44321845421014067
16.496598834144905,5.321642747481343,0.8321322484500716,0.9659657110751453,0.13771870851360735,0.20184532852360504,0.576846687377473,1.000003224268707,0.6096927914948741
16.564172690644263,5.4145478643468685,0.8522460386343311,1.0029703754559458,0.12361838539240065,0.20890375154992846,0.56535673242272,1.0000052343536574,0.4363899785510805
16.631784726931023,5.488899880497638,0.8775937217660259,1.0299389268518162,0.12386322410220817,0.21745096136566877,0.21549752899092867,0.5765646447892543,0.34589364301401715
16.699396764693653,5.563251895860478,0.9132092929072688,0.9323511980809702,0.10221584978479775,0.192103278233974,0.21899612102524657,0.5859251441090112,0.35541139268997596
16.753417676259087,5.6561290908713,0.9391809274442504,0.975355080164669,0.10320603707186897,0.18474270709273122,0.5768466876828311,1.0000019074790518,0.5244453276307278
16.80747676676586,5.730453184374654,0.9600441420264552,1.0110521338403964,0.09303806920123253,0.1863680725557495,0.5653567324166129,1.0000027572342862,0.3539884603955201
16.875050632711826,5.82335830205061,0.9714808014966558,0.9208834657380012,0.07358800828510922,0.16550485797354475,0.21549752899098973,0.5765646447894175,0.22399479587511592
16.92910972587224,5.897682395559431,0.9867274367995571,0.9473272466747523,0.09212004826200534,0.18077119850334422,0.2189961210252458,0.5859251441082561,0.4039470508209357
16.983130643224086,5.9905595905821745,0.9989528121752677,0.9972093283173274,0.10894501475150362,0.19112256320044296,0.5768466876826932,1.0000023411885797,0.5142860231756895
17.03715156204857,6.083436786398922,1.0068792888103064,1.031412347135155,0.12081471529582676,0.20320818782473238,0.5653567324172525,1.0000045000869908,0.4731762576799151
17.07761953122315,6.1762860595602795,1.0230483383266267,0.9249665159598304,0.10864934876880146,0.19528171118969362,0.21549752899098318,0.5765646447894006,0.27561598150049366
17.145231580669186,6.250638074947191,1.0414018533704816,0.9668413051428114,0.10866308901979137,0.20199266167337337,0.2189961210252459,0.5859251441082565,0.4382802649008762
17.19929068016887,6.324962168469073,1.062650316017681,1.0111503725222164,0.14098088132774786,0.2049821466295183,0.5768466876827074,1.000003522312011,0.6122177012952135
17.253311604595474,6.41783936429736,1.0826431145844992,0.9226815088814848,0.13053090241942117,0.18373368398231893,0.5653567324172519,1.0000025370322747,0.4338898148776615
17.29381775600465,6.492135535958035,1.105471978294664,0.9594848343342566,0.14251551601570378,0.18348688541550073,0.21549752899098318,0.5765646447893996,0.3639498722899054
17.334247555083365,6.603537910645086,1.134166491883808,1.0201738954428201,0.14914769496686578,0.178795021705336,0.2189961210252459,0.58592514410901,0.41515992945517066
17.374715531406412,6.696387184612142,1.1621029044268663,1.048983197436759,0.13339797563772987,0.16666350811619202,0.5768466876827083,1.0000011369211594,0.5043595911125585
17.41518350883677,6.7892364577905076,1.1865495048044261,0.9510153705592505,0.10428068206634099,0.13872709557313367,0.5653567324166151,1.0000014073159917,0.3140603353241066
17.45565148737281,6.882085730971155,1.2085444613872103,0.9963098874364499,0.10248210495919696,0.1293524951955738,0.2154975289909894,0.5765646447894167,0.24924348811161112
17.536778325146273,6.975018769766249,1.2359224542556335,1.0421097443321443,0.10311849540355493,0.12106753861278974,0.21899612102524602,0.5859251441082562,0.28253246658889103
17.59079925933975,7.067895965614659,1.2586452496377758,0.9301089221937764,0.1206304797973213,0.0936895457443665,0.5768466876826938,1.00000113692116,0.41746800780969506
17.6447820198271,7.179326262190353,1.2779321660427383,0.9737044779657061,0.13457764946435977,0.08348575036222416,0.5653567324172522,1.0000015022843167,0.32625190828155987
17.658105922072128,7.290672793153647,1.2958675214229156,1.0006075194946025,0.14642464579499975,0.07574083395726161,0.2154975289909833,0.5765646447893996,0.26361713706321377
17.69853573187434,7.402075168653759,1.3103199844388296,1.0397482493588461,0.1211853018678364,0.0686124785770843,0.21899612102524602,0.5859251441082562,0.22938357984519506
17.725450764186476,7.494896519977044,1.3272528721718122,0.9233342156963493,0.11652159042801029,0.05416001556117034,0.5768466876827083,1.0000011369211594,0.34238075053670125
17.738774668384874,7.606243050944363,1.3428402537433433,0.9768808906746281,0.1116671136264787,0.0475731278281879,0.5653567324172522,1.0000014073159895,0.22249148136329516
17.819786995697868,7.754835395107147,1.3581011382071302,1.015991082468866,0.09052832794972746,0.042162746256656725,0.2154975289909833,0.5765646447876254,0.1361849616152358
17.84666385643987,7.866209847953085,1.3707545034913349,1.0045499165345266,0.12840512019013578,0.03721686179286987,0.2189961210252459,0.5858898140713584,0.30805053375792785
17.859987763363986,7.97755637971699,1.3864276179997252,1.0418814939568875,0.1252052717365202,0.03532549650866512,0.5768466876842078,1.0000011369211605,0.25203171285668274
17.873273496176527,8.107456012207342,1.4007034629164266,0.9318137366215801,0.10154641842027379,0.01965238200027475,0.565386593196745,1.0000014065155174,0.19120230594298734
17.88659740402365,8.218802543182179,1.418504947382026,0.9538440038679197,0.0818901175344573,0.01689953708357339,0.21549723038318824,0.5765294539725943,0.09976268447835009
17.89988313782967,8.348702176465544,1.4374143175361684,0.9945805212692296,0.0629461736619289,0.011684052617974006,0.21899612401132407,0.5858898220598241,0.11182913406566158
17.913207046598192,8.460048707442278,1.4503118443442513,1.0170775770767324,0.041042646644076926,0.006714682463831556,0.576876430764194,1.000001136309358,0.06520467301128492
17.940045737316378,8.589976262605026,1.463420648868196,1.057776312528842,0.029197222233333514,0.009387155655748769,0.5653862890141319,1.0000014065236678,0.06492544925676856
17.939816691089224,8.701294871706327,1.4750863347901038,0.9260125985869981,0.02808878177379438,-0.003721648868195926,0.21549723342501448,0.5765294621101986,0.017599177520747335
17.953102426887078,8.831194504202832,1.4822718720650307,0.9681957378545505,0.006734105905569188,0.0020656652098962613,0.21899612398090573,0.585889821978448,0.007803739243321748
17.952835206545085,8.961066215612513,1.4855983016034597,0.9905420063469272,0.0037347591319780984,0.014445127934969326,0.5768764238866337,1.0000011363094965,0.041662184298125605
17.966120943116906,9.090965848110612,1.4811558067193265,1.0140752021915331,-0.005831223616052296,0.03299669839654018,0.5653862891516862,1.0000014065236655,0.032855954757894386
17.979406680203066,9.220865481400738,1.4822430424252533,1.0361868799377034,0.009724975742549404,0.06180319328067352,0.2154972334236388,0.5765294621065189,0.10781091358462111
17.97913946037867,9.350737192020516,1.4846734799211851,1.0578499922339815,0.02372836404757472,0.0877039575747467,0.2189961239809194,0.5858898219784846,0.12539119746526414
18.0059781559266,9.480664746402248,1.489095532945358,0.9285371537974417,0.0097199289009972,0.08527352007881484,0.5768764238897435,1.000001136309497,0.1644545736800596
18.00571093661654,9.610536457814053,1.4924077232787394,0.9485066162890278,0.03859244721568696,0.1105654670546421,0.5653862891516241,1.0000014065236669,0.2812451735968123
18.03251145959922,9.759017113716387,1.5015304049709821,0.9698948318830797,0.04621571863644466,0.1397542767212605,0.21549723342363958,0.5765638539958173,0.14899103980223286
18.032244240805127,9.88888882512926,1.511700296984055,0.9699913979012056,0.07889628330933823,0.16593659502901792,0.2189961239809194,0.5858898219784846,0.39822371239422555
18.031938847899458,10.037313637268582,1.52635822324548,0.9895852126066499,0.09023528529817726,0.19383870301594497,0.5768473560281341,1.0000025458424586,0.471611743836455
18.03163345499214,10.185738450198869,1.5390373528609063,0.9897125386742274,0.10172274412842858,0.21992777675452002,0.5653865798302403,1.0000068795048516,0.5037031295064301
18.04491919554436,10.315638082705165,1.5631014012405657,0.988208576721447,0.12141289513022369,0.2505196471390938,0.21549723051685332,0.5765638462204723,0.3555826238136487
18.04465197700824,10.44550979411857,1.599661998958328,1.0052012683699643,0.1501535135522572,0.2720355987594343,0.21899612400998725,0.5859251520946991,0.5903762379755836
18.01720249045221,10.612431864004773,1.63999542257283,1.0237275631807072,0.1585455439681561,0.2830820010416719,0.5768473625995283,1.0000187224571526,0.7203685734507447
18.00338231120931,10.74227565274001,1.6714946674415851,1.0037463956867132,0.14424980128980058,0.29204357742717013,0.5653567189179804,1.0000271011235493,0.594847616496462
17.98952395722501,10.890672543782337,1.7061819157609723,1.019084051097491,0.15749039502977524,0.31113133255841485,0.21549752912597597,0.5765646451505744,0.4604883680721075
17.962074467573032,11.057594613662163,1.7497019369015478,1.0160677246680405,0.1763294032608099,0.32788208423902754,0.2189961210238961,0.5859251441053985,0.6564067418347643
17.934701325335013,11.187410481296455,1.7975695866951729,0.9943661935651411,0.18382833942102947,0.3361820630984522,0.5768466873774587,1.0000000155170594,0.8752348924750608
17.893737046249925,11.335751527765819,1.8395889908680703,1.0101311469742837,0.1883482082292059,0.3400324133048269,0.56535673242272,1.0000518137979446,0.6952750314612779
17.852772765394104,11.484092575022505,1.8845480198273443,1.0038817861164917,0.19684685399354246,0.34915100913192987,0.21549752899092856,0.576564644789254,0.5473140419332564
17.811808482770793,11.63243362148458,1.936574778021314,0.9987537211270315,0.21042237805727554,0.35429198017265584,0.21899612102524657,0.5859251441090113,0.7204993867753993
17.757329410970765,11.762193645327686,1.9879868800053384,0.9966108703730752,0.2247794880632543,0.35090422197868576,0.5768466876828314,1.0000292289888122,0.9716128864677086
17.689297373475323,11.891925746482352,2.0283887559780864,0.8661401378265212,0.17603866964816647,0.2994921199946614,0.5653567324166127,1.0000000057060179,0.5975334428531157
17.63485647247144,12.003132668801213,2.074552933336237,0.8702676250631312,0.18272081165523066,0.3058922440219134,0.21549752899098962,0.5765646447894174,0.5897482861157469
17.56682443141399,12.132864769948537,2.1294832790503286,0.8988653779373366,0.19384329727944194,0.3043690666637633,0.2189961210252459,0.5859251441090106,0.6087046319757352
17.49886873887784,12.225490668061639,2.180255368412473,0.9079046782591643,0.19905781643965587,0.2916487209496714,0.5768466876826932,1.0000216712545038,0.9087681222695999
17.41736008117207,12.318088645069318,2.217819338799455,0.9487007264247866,0.19228269226702238,0.28044163158752733,0.5653567324166147,1.0000225880119382,0.5967364684268833
17.34936620880997,12.429267644688068,2.2567042795429018,0.9792712944941422,0.18952533580854097,0.2796316612005447,0.21549752899098962,0.5765646447894184,0.5078595963094549
17.26789572166781,12.503312519380053,2.306181569159963,1.0041782292079113,0.2106288494800884,0.2745677204570982,0.21899612102524602,0.5859251441090103,0.6221524498398753
17.186387057513823,12.595910495583476,2.3425121778855114,0.9038004842169627,0.14996578137850342,0.22509043084003677,0.5768466876826923,1.0000059159882781,0.6016544931684091
17.118469531791728,12.669983292955095,2.3793804798135554,0.9348309136945123,0.15653181647471504,0.21956382211448844,0.5653567324166149,1.0000068252878382,0.5948073447947155
17.036999040424146,12.744028167638373,2.413909466625193,0.9891098314974648,0.16056125866768278,0.21042752018644473,0.21549752899098962,0.5765646447894173,0.3165310747996218
16.955528547287457,12.818073042318005,2.4535161221632746,1.0332086410864005,0.15775315421157227,0.20052953337480695,0.2189961210252459,0.58592514410901,0.5120520728782342
16.87409622962769,12.873564815483032,2.492092081964948,0.9286889862416676,0.12217751998821529,0.16092287783672532,0.5768466876826933,1.0000011369211583,0.4323177886476041
16.79266390948549,12.929056588642942,2.524821018339136,0.9842606374240761,0.10293824240107954,0.14386491803505175,0.5653567324166153,1.00000140731599,0.3607640065560715
16.711231589170445,12.98454836259347,2.5489828882226737,1.0378402900557864,0.08828713237643339,0.1295449816608638,0.21549752899098962,0.5765646447894174,0.16288915274042048
16.64335223229276,13.040068057645852,2.561249789209107,0.9411296840477923,0.06373507804678702,0.10538311177732629,0.21899612102524602,0.5858898140713588,0.23926940425839102
16.54840512269368,13.07697880739525,2.565298446216622,1.0030361982160259,0.07755171262399622,0.10843121079089313,0.5768466876826932,1.0000011369211599,0.33671763628332707
16.466972798620926,13.132470580547064,2.559209868917243,1.0504141572151078,0.06989957106282613,0.11663055378337761,0.5653865931967599,1.0000014065155187,0.24684922687479852
16.372025686773622,13.169381330291836,2.5609517284948393,0.9514391982435251,0.07784892562256975,0.12271913108275667,0.21549723038318824,0.5765638458610752,0.23696501662883301
16.304146324133317,13.224901025332343,2.559864299073817,0.9968146454974528,0.07393861472516919,0.13019627150516078,0.21899612401132384,0.5859251520975219,0.23870706046914622
16.222713996299596,13.280392799267377,2.562862320523711,1.0523862799752057,0.1038850951569794,0.13751970092618304,0.5768473629032757,1.000001136907265,0.47479486253095315
16.141319846376923,13.317331470901856,2.5661424919404108,0.9541694306527148,0.10264458139674842,0.1345216794762889,0.565356718912557,1.000001407316352,0.31848099470731844
16.0734404815383,13.372851165937833,2.5742802903614956,1.0070292355785169,0.10528476061685706,0.13456050805958908,0.21549752912603026,0.5765646451507191,0.2596908150499547
15.992008150057435,13.428342939074385,2.5867864160053444,0.9207722501109956,0.10743264628210332,0.12642270963850422,0.21899612102389532,0.5859251441046428,0.3229973110818347
15.924128782896862,13.483862634105579,2.6025426108948904,0.9627231163524065,0.11616657901526745,0.11439658399465547,0.5768466873773361,1.000001136921165,0.41990932803072395
15.842696447717325,13.539354407234512,2.6191326665692043,1.0148413457304637,0.12704777484043114,0.09638538910510963,0.5653567324233599,1.0000014073159902,0.3216820991054292
15.761302292633157,13.576293079649325,2.630030959378929,1.0536790246811734,0.12779270202571041,0.07493133343079572,0.21549752899092223,0.5765646447892369,0.20546721554012365
15.6798699561767,13.631784852775628,2.6439918190427134,0.9659520408553907,0.10866619743890302,0.06403304062107118,0.21899612102524657,0.5858898140713605,0.2479964408408341
15.612028765119597,13.66875144629351,2.6508440094487744,1.0024161580268767,0.11075733941025404,0.04275618095728673,0.5768466876828457,1.000001136921159,0.2730082590330486
15.530634607235983,13.705690117911583,2.6605723338434477,1.0567845391178095,0.10796333418631317,0.026323990551225585,0.5653865931967569,1.0000014065155165,0.19703907742571447
15.44924044846782,13.742628789527833,2.667570590623655,0.9685360701175184,0.09276486699192722,0.01659566615655228,0.21549723038318824,0.5765294539725943,0.1232081075863904
15.354255140048785,13.798092640743748,2.6753435892844575,1.0086054467487584,0.08143671051775499,-0.0020205906236547833,0.21899612401132384,0.5858898220598234,0.11794783757228788
15.286452127122246,13.81650613275249,2.680076891654171,1.0260026050650932,0.07750224582499207,-0.023192589284457554,0.576876430764194,1.000001136309358,0.09963469089899797
15.191466817500011,13.871969983965927,2.6824562358576802,0.9574489538381084,0.05893898613848168,-0.027925891654171142,0.5653862890141323,1.0000014065236709,0.04361086085081942
15.11003447285985,13.927461757866338,2.673460404304787,0.9723467588650353,0.05865553804500256,-0.045192235857680174,0.21549723342501448,0.5765294621101986,0.04364505672325194
15.042193275758322,13.964428351371765,2.685272774044424,0.9966673173745616,0.07376660994951043,-0.05225040430478689,0.21899612398090562,0.5858898219784476,0.07372650805418797
14.94724614340591,14.00133910107429,2.6889158799638966,1.0409611471611093,0.055488921471740976,-0.08094077404442412,0.5768764238866337,1.0000011363094965,-0.07530670577058414
14.86585197792991,14.038277772676722,2.686827292232774,1.0585692964481097,0.031196160729448315,-0.10193087996389671,0.5653862891516865,1.0000014065236669,-0.09099173925960934
14.78441962864749,14.093769545776599,2.6876631445204837,0.9691548658302139,0.03083887094796187,-0.09984229223277419,0.2154972334236388,0.5765294621065189,-0.021387149213789328
14.703025461181262,14.13070821737493,2.688574519823305,0.9890569917894474,0.030258792346375213,-0.11813614452048382,0.2189961239809194,0.5858898219784846,-0.11266997644461217
14.608078325819683,14.167618967071254,2.688368359212763,1.0157032504073535,0.011044511298744822,-0.13626651982330484,0.5768764238897435,1.000001136309497,-0.2192864966379215
14.526645972886868,14.223110740954583,2.6896008580410844,1.0288895302025758,-0.014790998325806892,-0.15270835921276316,0.565386289151624,1.000001406523667,-0.2538190419016729
14.445251801316545,14.260049412544461,2.7015019556367763,1.0449549141318129,-0.021168409929967387,-0.16971485804108433,0.21549723342363958,0.5765638539958173,-0.13678434209880502
14.350266478647209,14.315513263731015,2.7009619140671557,0.9552539554548943,-0.03485949917117002,-0.18161595563677624,0.2189961239809194,0.5858898219784846,-0.3189726907162259
14.268872306168532,14.35245193531902,2.704824742325581,0.9580653180329248,-0.04696524367362989,-0.19570691406715568,0.5768473560281341,1.000002693850878,-0.41353595557217737
14.17396334993264,14.370809583508256,2.7136608247691756,0.9799252783628528,-0.07570482064973562,-0.21283074232558086,0.5653865798302402,1.0000057809805825,-0.45611957121588326
14.092530991030742,14.426301356588318,2.715654087816364,0.9957398305711602,-0.13330827371767726,-0.23336982476917578,0.21549723051685343,0.5765638462204724,-0.3947153020613402
13.983992694371732,14.48173728586031,2.7110828382289034,1.0082358714462554,-0.14591216842530202,-0.24536308781636418,0.21899612400998725,0.5859251520947001,-0.4974340640227794
13.889045550199896,14.518648036329452,2.7076182531798247,0.9966324157305306,-0.16406543032095322,-0.24898283822890344,0.5768473625995281,1.0000100146405786,-0.7446315081853218
13.807651372782487,14.555586707907285,2.6950056819478037,1.0047879496796965,-0.1951562742233431,-0.2518282531798248,0.5653567189179796,1.000013630759865,-0.6358613619590197
13.712704226622042,14.592497457581361,2.676542578325605,0.9178043969672398,-0.1843054765110946,-0.23921568194780374,0.21549752912597597,0.576564645150574,-0.4234509501632906
13.617718893338115,14.647961308746046,2.648553136275148,0.929482367256198,-0.2020776837711115,-0.22513957832560516,0.2189961210238961,0.5859251441053985,-0.6189302041395943
13.52277174370013,14.684872058412958,2.6197047647694105,0.9352207120297101,-0.1944123533351824,-0.19959913627514814,0.5768466873774589,1.000008916635004,-0.6587833676073099
13.441339375731605,14.74036383147434,2.5940922194579596,0.9506322398242177,-0.2018723770209241,-0.1712627647694105,0.56535673242272,1.0000138584045977,-0.5677319402657072
13.359907006436258,14.795855604532987,2.571892126486635,0.9684099172905191,-0.18864198680196428,-0.14424221945795956,0.21549752899092878,0.5765646447892545,-0.30806246664655906
13.264921667437985,14.85131945647687,2.539484833166933,0.9855313454681732,-0.17761697177368926,-0.1187391264866351,0.21899612102524657,0.5859251441082588,-0.4456641967424112
13.183489295378422,14.906811229529822,2.5176331958034996,0.993129739588141,-0.16279304694152502,-0.08116183316693304,0.576846687682831,1.0000034080867333,-0.3880247090057958
13.10201873334439,14.980856104067513,2.4916509966412557,1.01016524295905,-0.14947121825558238,-0.05230619580349982,0.5653567324172487,1.0000028226246511,-0.30967303648096756
13.007033389667004,15.036319955210786,2.4769785701716316,1.0163402656497,-0.11549752901877694,-0.017514996641255554,0.2154975289909833,0.5765646447876254,-0.08949752299682218
12.939115794214537,15.110392751647778,2.4746934364223847,1.0211840954439204,-0.11462831715275226,0.007746429828368484,0.2189961210252459,0.5858898140713584,-0.22843096350106842
12.84413044740275,15.165856603575568,2.4757883269106964,1.0343696207447584,-0.09359325660197071,0.022378563577615473,0.5768466876842078,1.0000011369211605,-0.07486343194834703
12.762659879742765,15.239901478101665,2.476349743283354,1.0372550531345202,-0.10581795875456115,0.035373673089303725,0.565386593196745,1.0000014065155174,-0.18581460976892814
12.681189309158093,15.31394635262174,2.4659363899892206,1.0391208223171047,-0.09276943635537313,0.05063425671664623,0.21549723038318847,0.5765294539725949,-0.009139897851290098
12.59975692681564,15.369438125653508,2.4542255596583726,1.0415087306564121,-0.06634932692681153,0.07859761001077947,0.21899612401132396,0.5858898220598237,-0.03801701116902017
12.518286354067873,15.443483000960093,2.4546721705002725,1.0549082949187054,-0.05073099191122985,0.10958444034162751,0.5768764307641936,1.0000011363093555,0.1320007793823179
12.436815779552632,15.51752787547207,2.452121885302477,1.0553002870173367,-0.031171282483330832,0.13013882949972766,0.5653862890141322,1.0000014065236678,0.11737096123392725
12.355345203268293,15.591572749980399,2.4599316080426803,1.0551541825836002,-0.0059799524988219405,0.15541411469752298,0.21549723342501448,0.5765294621101986,0.15214932776860748
12.273912814955136,15.647064522999864,2.4692945633595818,0.9451567142671471,-0.00805557482796049,0.14760439195731978,0.21899612398090573,0.585889821978448,0.12693962654854446
12.19248042415956,15.702556296014217,2.4752446207357575,0.956148320732064,-0.006250103874792514,0.16268643664041837,0.5768764238866337,1.0000011363094965,0.30233725163609965
12.111009843008572,15.776601171303495,2.4816105562960735,0.9665377869814183,0.001462967479281446,0.18289137926424237,0.5653862891516863,1.0000024667832814,0.24655400205771177
12.029577450493806,15.832092944314306,2.4817594494903465,0.9648315469778699,0.026253066012381674,0.2043684437039266,0.2154972334236389,0.5765638539958154,0.24063967078651954
11.948106866027386,15.906137818805778,2.4987515907222413,0.9736120947214312,0.04554091797198561,0.23371555050965354,0.2189961239809194,0.5859251520161741,0.34947707513167264
11.85312150005199,15.961601669903116,2.515589928631671,0.9711972244017221,0.06637615439528796,0.24782040927775872,0.5768473560281357,1.0000097794276481,0.5700864062949279
11.771689102069452,16.01709344290266,2.534838752155192,0.9686264641970864,0.06789409734103125,0.26360607136832925,0.5653567190500632,1.0000169545428625,0.44264316397487413
11.690218512588961,16.091138318174774,2.5507440337585283,0.9765432030738841,0.07849764972646801,0.27841024784480783,0.21549752912465525,0.5765646451470402,0.34614631886087394
11.595233141932829,16.146602169262465,2.5791300831781703,0.9733663494439828,0.11117654876390763,0.2978599662414716,0.2189961210239093,0.585925144105434,0.5519462721767082
11.500247769728734,16.20206602034697,2.5944489628868177,0.9704671534970708,0.1127097267436077,0.3059759168218297,0.5768466873804455,1.0000267521469892,0.6956135505414478
11.40526239597668,16.257529871428286,2.6199013774888593,0.9655952312674433,0.13101186282867883,0.3281210371131822,0.5653567324226603,1.0000447245082535,0.6768753546390093
11.310277019521072,16.312993722504032,2.642346165110358,0.9616918544768966,0.14370529058103854,0.34087862251114087,0.2154975289909291,0.5765646447892558,0.4391012577342516
11.215329835288163,16.34990447209967,2.6741226131515585,0.9572731643467158,0.1635694886188357,0.35714683488964205,0.21899612102524646,0.5859251441090115,0.7207135287073393
11.120344457148592,16.405368323962914,2.7090504027204596,0.9630032805547403,0.16229086582692667,0.36431638684844136,0.5768466876828298,1.000000694778662,0.8429440087845234
11.025397270593743,16.44227907355377,2.732337513198145,0.9610449884559341,0.17863628521233443,0.36828059727954043,0.5653567324166127,1.000003605741816,0.7834422800766786
10.930450083006917,16.4791898231425,2.76581461780239,0.965219460472081,0.1934758004900962,0.38352548680185494,0.21549752899098984,0.576564644789418,0.5483731986679126
10.835502893232531,16.516100572726724,2.804899371196517,0.9714431024441192,0.20229349235015373,0.3879066893771963,0.2189961210252458,0.5859251441090098,0.7690235759750346
10.740555703581759,16.5530113223112,2.845218336214312,0.876795533928149,0.16765084576654188,0.3488219359830693,0.5768466876826928,1.0000011341566075,0.8462358838552625
10.632093735259946,16.57134104850739,2.880606494178065,0.885385004578327,0.1772100828886583,0.3453689709652741,0.5653567324166155,1.0000551925205177,0.7829137090669169
10.537184738187387,16.589698696612494,2.910418659676798,0.88600173185997,0.1730844589454253,0.3455368130015213,0.21549752899098962,0.5765646447894174,0.48205107458836743
10.442237545882973,16.6266094461915,2.946362159778364,0.8987179737103367,0.18084107822897205,0.34966064750278836,0.21899612102524602,0.5859251441090103,0.7484552346564438
10.333813769426047,16.626386070906843,2.9882846581237397,0.9092578238227016,0.2040124133127626,0.3457261474012223,0.5768466876826932,1.0000305695274305,0.9360392221325058
10.225351798819151,16.64471579709832,3.02395791404415,0.9154412844096098,0.1855264025109068,0.33359264905584673,0.5653567324166149,1.0000479008281093,0.6913391933380325
10.130480995172496,16.644520343725798,3.0618058341043075,0.9175491705024414,0.19395108679964265,0.32520039313543636,0.21549752899098984,0.5765646447894182,0.5503849786643338
10.03561019152584,16.644324890353275,3.0990121152298533,0.9360528552035969,0.18562834523389662,0.31184847307527885,0.2189961210252458,0.5859251441090099,0.613937114353059
9.927186414774066,16.644101515068012,3.138063000072726,0.9542702779726294,0.17900620867146375,0.2960771919497329,0.5768466876826926,1.0000230490908661,0.8294344081691338
9.832315611127413,16.64390606169549,3.1650066375033936,0.9591790008264672,0.17123214421473876,0.27512530710686,0.5653567324166154,1.0000206940349874,0.5789121767270639
9.710338863581713,16.643654764502244,3.2047049861447894,0.9755320201975267,0.17610832795704287,0.26266466967619273,0.21549752899098973,0.576564644789418,0.46143316965632947
9.60195328498649,16.6248782877491,3.2437787523167216,0.9670391006492527,0.17015795120798066,0.23354832103479684,0.2189961210252458,0.5859251441090098,0.5015794701106204
9.507082481597829,16.62468283437711,3.286310473610648,0.9701358796850872,0.14639900804867834,0.2008535548628645,0.5768466876826928,1.000003134052954,0.5894374643687752
9.385143930818892,16.605878435713123,3.3203854476707066,0.9882124655889633,0.135735438785216,0.1601878335689384,0.5653567324166155,1.0000015827969555,0.383047534109846
9.290349523385515,16.568576779404633,3.348425821294078,0.974858425263357,0.11828142806469413,0.12314085950887943,0.21549752899098962,0.5765646447894174,0.22941006509707496
9.19551691887747,16.54982822456625,3.3786914613144483,0.9822747405457851,0.08301054000453646,0.0869604858855082,0.21899612102524602,0.5859251441082562,0.1953680719295488
9.073578371428642,16.531023825909127,3.399345682342538,0.9914305964687391,0.06176645381524145,0.04306684586513798,0.5768466876826932,1.0000011369211599,0.1622385219212969
8.965230993912352,16.493694247694123,3.4191217605816213,0.9719532504940626,0.05448461406889967,0.003004624837048553,0.5653567324172523,1.00000140731599,0.06383513681844925
8.870474789303204,16.437839489927367,3.433482606862673,0.9588696500996041,0.02479684731571338,-0.042187453402035224,0.2154975289909833,0.576530252819079,-0.06254282318027714
8.762089216236404,16.419063013185614,3.4408649907866513,0.9509237258419492,-0.023910300347969933,-0.08809229968308685,0.2189961210252459,0.5858898140713584,-0.1787965624579229
8.653741843340192,16.381733434980124,3.44359714463819,1.0333144242687549,-0.04680845248296652,-0.17653468360706492,0.5768757556127971,1.0000014382607991,-0.4408189316284162
8.545394470469407,16.344403855983717,3.445415858342314,1.0117900576972845,-0.07465566175443755,-0.22795083745860367,0.5653863025174591,1.0000082863484103,-0.4546635857501936
8.450600071218101,16.30710219969209,3.442568614506164,0.9885356133580386,-0.1062742164719339,-0.28282555116272734,0.21549723328998116,0.576563853639989,-0.41087267780782705
8.355805672998768,16.26980054340258,3.431463455506602,0.9772016315896485,-0.1424207575802788,-0.33621461450616374,0.21899612398225599,0.5859251520205043,-0.6425979942091301
8.247458304672717,16.232470965206513,3.4207014017784987,0.9661770247391871,-0.17605936211240922,-0.3830804555066023,0.5768473563288653,1.0000386784069195,-0.9843158275777986
8.139072736544648,16.213694488474925,3.405213629403153,0.9418031492986461,-0.21219553620964857,-0.4304324017784986,0.5653567190433961,1.0000000092978611,-0.8971722692569708
8.030725369126952,16.17636491028073,3.3839547340059664,0.9234676829798509,-0.23236144281885918,-0.47161162940315293,0.21549752912472175,0.576564645147219,-0.7151180923922371
7.922339802473129,16.15758843355219,3.348320743837395,0.902546284216172,-0.27172951738184603,-0.5041207340059666,0.21899612102390842,0.5859251441054307,-0.9995777598864544
7.813992438274973,16.12025885536462,3.313581929900685,0.891865952540682,-0.28692412976694115,-0.5181577438373948,0.5768466873802947,1.000000255018177,-0.9998512920788285
7.70556867093458,16.120035480098746,3.2745574761414917,0.7881557430274649,-0.2740108615064921,-0.4834189299006848,0.5653567324226644,1.0000002302604765,-0.9997912504226598
7.597183104894257,16.101259003371464,3.238542591431179,0.7850684564008558,-0.27909723078895965,-0.48907947614149183,0.2154975289909291,0.576564644789256,-0.8644989281583211
7.502350511443066,16.082510448555865,3.202599083431998,0.7820339858057375,-0.3109204978105677,-0.4921855914311788,0.21899612102524646,0.5859251441090116,-0.99985576057352
7.380335570803171,16.100812252840928,3.16976458782796,0.797270530641739,-0.34901829936849066,-0.4894970834319978,0.5768466876828298,1.00000000345918,-0.9999776081723036
7.28550297794168,16.082063698026545,3.131874940642157,0.7906822947519075,-0.3555079169249506,-0.4839705878279599,0.5653567324166124,1.0000000023443418,-0.9999684565900337
7.190632180879227,16.081868244667586,3.092355263181963,0.8168160564752818,-0.399432702789092,-0.46751194064215706,0.21549752899098973,0.5765646447894184,-0.9997947975278806
7.095723181153026,16.100225892767224,3.0609052726114174,0.8494265722686534,-0.4250512306190703,-0.4437132631819627,0.2189961210252458,0.5859251441090098,-0.999838079579385
7.000814180910838,16.1185835408658,3.015568094798365,0.7662923349634612,-0.38748271408730056,-0.41226327261141726,0.5768466876826923,1.000027730093975,-0.9994813386918464
6.892352209198258,16.136913267054993,2.9783784079039477,0.8050566014950208,-0.39299357351527126,-0.37715009479836503,0.5653567324166154,1.0000000964419664,-0.999933933921217
6.797443207887242,16.155270915151373,2.9487570414925006,0.8317028317882449,-0.4063704909331276,-0.34491340790394753,0.21549752899098962,0.5765646447894172,-0.8922522962863996
6.702534204904639,16.1736285632443,2.911472981967965,0.8729031101892746,-0.4228777037142989,-0.31518704149250043,0.2189961210252459,0.5859251441090101,-0.9521965680693883
6.594072231496672,16.191958289430005,2.8733902312302986,0.9212594968069501,-0.4301518210022717,-0.2729239819679652,0.5768466876826934,1.000236323058869,-0.9994748840936075
6.499125023159822,16.22886903897599,2.8299295491958056,0.9604482757882222,-0.43627360748205635,-0.2251372312302986,0.5653567324166151,1.0000005122042435,-0.9999513089886422
6.404177813790997,16.26577978851984,2.793666623928586,0.8768046309338433,-0.38811528616464025,-0.18167654919580567,0.21549752899098962,0.5765646447894174,-0.5894884385908573
6.309268809347204,16.284137436609758,2.7561950371647277,0.9247280550872632,-0.37171045567573857,-0.13108762392858608,0.21899612102524602,0.5859251441090098,-0.7644569862961949
6.214321597016828,16.32104818614751,2.7251150463009273,0.9808127022417487,-0.3657814014531929,-0.07473103716472762,0.5768466876826932,1.0001352658383245,-0.7553011842358043
6.132927356206757,16.35798685759474,2.693574132719079,1.028057352863149,-0.34257525479909,-0.02023304630092726,0.5653567324166154,1.000126085683187,-0.5534530380420548
6.037941936345986,16.413450709372032,2.6653526958310993,0.9489870426777928,-0.3119496791090746,0.011307867280920814,0.21549752899098962,0.5765646447894173,-0.38378067898271656
5.942956514938884,16.468914560355167,2.6363552548969182,0.985031011144602,-0.2700080635058176,0.06749230416890084,0.21899612102524602,0.5859251441082562,-0.30662447660861136
5.861524063712208,16.524406333245018,2.623195676826874,1.018322368403484,-0.22115058703826387,0.12903074510308166,0.5768466876826933,1.0000168569060515,-0.1581216423244507
5.7665386381641595,16.579870184219626,2.612529422291557,1.0565384877508894,-0.17565228880634548,0.1793563231731259,0.5653567324172523,1.0000068799672441,-0.006394461153832095
5.685144391825657,16.61680885565546,2.6016942798579143,1.0790723026291347,-0.13357213727566178,0.23185657770844292,0.21549752899098318,0.5765302528190789,0.031557342393581184
5.590158964705847,16.672272706626828,2.608996193134229,0.9916511216024605,-0.1320286908333847,0.24269172014208573,0.2189961210252459,0.5858898140713584,0.044918703483304616
5.495173536036446,16.727736558385974,2.6220182540221173,1.008008097782356,-0.10283458469534501,0.2819098068657713,0.5768757556127972,1.0000183481141711,0.3343019465789766
5.413741078065086,16.783228331261927,2.6314693831233344,1.020638826401506,-0.07385372795598556,0.3200637459778828,0.5653863025174591,1.0000402688607704,0.2950477551855474
5.332346826221957,16.820167002686425,2.641531326356347,1.0419149197604043,-0.028724502023005433,0.36633361687666577,0.21549723328998116,0.5765638536399889,0.3021512520163847
5.2373613933894365,16.875630853646026,2.658954045954164,0.9524340444141682,-0.04581777563511279,0.3562716736436533,0.21899612398225587,0.5859251520205034,0.2787594839952418
5.142414168135594,16.912541603157152,2.67109520229977,0.9584471602534795,-0.008115586168646662,0.39889795404583595,0.5768473563288654,1.0000808295790242,0.7564069868540105
5.0474287324651455,16.9680054541109,2.6916702829627357,0.9693996655318812,0.02455093639577226,0.45077579770023,0.5653567190433968,1.0001504920827762,0.5884172985229209
4.952481504887734,17.00491620440821,2.707906057941731,0.9684345133652372,0.07212301336978073,0.49767602421685053,0.21549752912472175,0.5765646451472184,0.582272452823322
4.857534275124382,17.04182695391005,2.7328855976043305,0.9717154270787665,0.11393305149637571,0.5516912492378552,0.21899612102390864,0.5859251441437197,0.7791995425756205
4.7490340726505815,17.07870978149996,2.7712911653099614,0.8724618467539915,0.08576340662693767,0.5267117095752556,0.5768466873802949,1.0000249125392984,0.9998654094314203
4.654048631451707,17.13417363244232,2.804177956688221,0.8630981707128527,0.1116401511747082,0.5605001418696247,0.5653567323903027,1.000000017890592,0.9461809943091216
4.5591396101277795,17.15253128049746,2.842881458210762,0.8575832213949921,0.17212385127105959,0.6007983504913654,0.21549752899125274,0.576564644790122,0.7947435385863171
4.464192377318419,17.18944202999302,2.8911255724309037,0.8641494734058192,0.19968025016862745,0.6352538489688242,0.21899612102524335,0.5859251441090032,0.9998455771483992
4.3557303804568654,17.207771756130413,2.9418692902801586,0.8666541637547317,0.2436072268340908,0.6591257347486823,0.5768466876820979,1.0000000268459202,0.9998155973282313
4.260859568812419,17.207576302741412,2.9884284586785386,0.7679523308283117,0.19578196883656612,0.6083820168994274,0.5653567324166269,1.0000000019241757,0.9998834299217506
4.165988757167972,17.20738084935241,3.045211683618838,0.7798457598966231,0.21642592314778356,0.6319448485010475,0.2154975289909895,0.5765646447894168,0.9615302771431976
4.057526760356331,17.225710575489902,3.0964012457011285,0.7936496198057128,0.2352289067589909,0.642459623560748,0.2189961210252459,0.58592514410901,0.9999813568832026
3.9626559472982943,17.225515122097992,3.1413996849535053,0.7925136672319182,0.282278388934073,0.6550720614784575,0.5768466876826936,1.0000000002810279,0.9999349851000199
3.8677851353958554,17.225319668708458,3.1943779347417895,0.8063746664917388,0.32282873312732624,0.6698786222260811,0.5653567324166153,1.0000000000237923,0.9999731347907539
3.759399563250464,17.206543191968603,3.2421076507447295,0.7275892229823026,0.2844857368267243,0.6169003724377968,0.2154975289909895,0.576564644789417,0.9998393222452434
3.66456696474998,17.1877946371426,3.2875021917698914,0.731830795916126,0.31461601176875587,0.6246476564348566,0.2189961210252459,0.5859251441090101,0.9998155564296959
3.569734366765482,17.169046082317656,3.350860050725752,0.7506461402136517,0.35060896536755726,0.6302161154096946,0.5768466876826935,1.000000925871684,0.9996823209769703
3.4749017681413754,17.150297527491396,3.4100747249601424,0.778779105652707,0.37700079986497137,0.6132482564538342,0.5653567324166152,1.00000070530638,0.9995502525749231
3.380107385106791,17.112995871233178,3.4680935011385023,0.7033165092062572,0.33733102378677915,0.5540335822194438,0.2154975289909894,0.5765646447894168,0.9997812399092859
3.285313003104181,17.07569421497708,3.522020689654166,0.7302425078776856,0.3568499055672483,0.5378658060410837,0.2189961210252459,0.58592514410901,0.9998156829915812
3.190518622133544,17.038392558723107,3.5725248030899115,0.7587790621726975,0.3819954006905876,0.5213506175254201,0.5768466876826936,1.0000020360437143,0.999699707020209
3.109277214881525,17.00111882438314,3.632827791976745,0.7894290123869256,0.41180000620234636,0.5039685040896749,0.5653567324166153,1.0000017634274565,0.9995297159539512
3.0145210496602117,16.945264065906564,3.687117085861976,0.8400820352217104,0.42849545055172267,0.4726695152028415,0.2154975289909895,0.576564644789417,0.9998955896657843
2.946909047169182,16.87091205061639,3.752703532981689,0.7521116592988794,0.383697148266531,0.41838022131761043,0.21899612102524602,0.5859251441090108,0.9998993446032065
2.8657058585526944,16.815085214850733,3.811897182273681,0.799550976039435,0.3598834888738656,0.3778707741978975,0.5768466876826935,1.000000095758857,0.9999638094506453
2.770949699055514,16.75923045717692,3.8705683891056135,0.8449421064693353,0.3624522195864492,0.340022124905905,0.5653567324166147,1.0000001488873624,0.9999355117892056
2.689784729000846,16.684850519985417,3.9256420947192274,0.8822691147553517,0.37241811351567433,0.29915891807397266,0.21549752899098973,0.5765646447894176,0.7255999512812836
2.635725704542235,16.610526425827167,3.9893674291251258,0.9180000240248543,0.3614095105724938,0.2585532124603587,0.2189961210252458,0.5859251441090096,0.8340989679661623
2.5681137083405563,16.53617441054995,4.048244414436635,0.9752768022097641,0.3202616786171209,0.20614787805446033,0.5768466876826931,1.0000824342442485,0.8578817159794759
2.500539931082312,16.443269293847685,4.099023161041553,0.8922088967231145,0.2697297185849417,0.14727089274295135,0.5653567324166155,1.0000503351725425,0.594459913867261
2.446519127065185,16.350392098267463,4.135896701621824,0.918839443312386,0.2394454458867974,0.10485714613803276,0.21549752899098973,0.5765646447894176,0.3657601771231471
2.406051295733074,16.257542825390086,4.183106896686369,0.9481762522527627,0.20954338158297228,0.073587605557762,0.2189961210252459,0.58592514410901,0.41128047578389404
2.365583465506648,16.16469355251499,4.2205105484602985,0.9841679059490104,0.1563709165136889,0.029419410493217057,0.5768466876826931,1.0000026987280413,0.27103138676501776
2.325115636385907,16.07184427964217,4.25417165498715,1.0150589336077782,0.1103526754114398,-0.007304241280712276,0.5653567324166153,1.00000140731599,0.13125148802919853
2.28464780837248,15.978995005980662,4.279284385549837,1.0424308587380453,0.06602462359342504,-0.04243734780756414,0.21549752899098962,0.5765302528190956,-0.004242170838006992
2.244218198476969,15.86759263168337,4.298524466115052,0.942499846561005,0.03759160789224013,-0.06755007837025095,0.21899612102524602,0.5858898140713588,-0.018345163538196832
2.203750372783851,15.774743358817611,4.303910073791633,0.9485971528380955,0.000470400706885478,-0.09019815893546568,0.576875755612783,1.0000011363232384,-0.21264642339517664
2.149729576972596,15.681866163254297,4.302921628439802,0.9697685027469249,-0.016755436344829656,-0.1007017666120471,0.565386302517459,1.000001406523308,-0.15429443758767214
2.1092999710575504,15.570463788965204,4.304192295419055,0.984278035364918,-0.01615231175658733,-0.10631432126021556,0.21549723328998116,0.5765294617489528,-0.10792665244364734
2.0688321489763393,15.47761451610689,4.308247372396293,0.9858789611736536,-0.03842133012550973,-0.11543398823946882,0.21899612398225599,0.58588982198206,-0.22591206986408555
2.028364328002441,15.384765242459885,4.3122719831066245,1.0030699782675268,-0.057033913329352856,-0.12835206521670672,0.5768764241919433,1.000001136309493,-0.3317582249940763
1.9743435388367223,15.291888047701232,4.310269855665977,1.0189517263633412,-0.0767522807864054,-0.1420246759270385,0.5653862891455803,1.0000014065236664,-0.3384894783374583
1.9338757202568468,15.19903877485013,4.303616629070604,1.0288190936409463,-0.07895855197166574,-0.1502325484863909,0.21549723342369997,0.5765638539977546,-0.19341187061088838
1.893407902782656,15.106189502001302,4.302365005635658,1.0434592459675804,-0.08981846751245987,-0.15414532189101804,0.21899612398091883,0.5858898219784828,-0.35183456733072627
1.8529400864157806,15.01334022836379,4.288133466118016,0.9422859940270571,-0.08841151592823926,-0.1528936984560718,0.5768473560264968,1.0000011369074093,-0.41673682406073626
1.8124722711529608,14.920490955519522,4.2818293628701944,0.9569455949125235,-0.09360741706185328,-0.14939115893843002,0.5653865798302581,1.0000014065158749,-0.36616357880123296
1.7720426752996516,14.809088581251158,4.270930186198094,0.9703189522501382,-0.10723633024287324,-0.15380905569060843,0.2154972305168531,0.5765638462204721,-0.2688888875720393
1.7315748623604008,14.716239307620707,4.259662702144125,0.9669846859786919,-0.12526515561336313,-0.15347987901850813,0.21899612400998714,0.5859251520939456,-0.4019532770967951
1.6775540814005565,14.623362112878958,4.252817103364507,0.9802857706957993,-0.13597595288264566,-0.15250939496453864,0.5768473625995285,1.0000011419668233,-0.5113325641567491
1.6370862708553275,14.53051284004441,4.2491535292146745,0.9867661387052917,-0.139733062142334,-0.15559179618492047,0.565356718918617,1.0000018915596236,-0.4405122665549314
1.5830654938169222,14.437635644519773,4.251078623798678,0.9985733746557741,-0.159713852037677,-0.16141722203508824,0.21549752912596976,0.5765646451505574,-0.3532805826827238
1.5290064992838985,14.363311551214144,4.247189962104897,1.0031635630664077,-0.17411912095942716,-0.1723453166190918,0.21899612102389598,0.5859251441053983,-0.48572875760206646
1.474947505930273,14.288987457910943,4.244986055721531,1.0251385027770041,-0.17526911563895042,-0.17694665492531048,0.5768466873774729,1.000005150743377,-0.6097943857341814
1.434517919364722,14.177585083661716,4.238719779518435,0.9348127676809272,-0.15823683186741225,-0.17474274854194505,0.5653567324227201,1.0000039035024875,-0.4901817678980162
1.3804971478916004,14.084707888148545,4.225401569870302,0.9302428287628354,-0.18718990300249203,-0.176441472338849,0.21549752899092856,0.5765646447892541,-0.43465211104999724
1.3400293446070408,13.991858615328951,4.210188581091355,0.9375671651649832,-0.1898450411813903,-0.1705662626907154,0.21899612102524657,0.5859251441090114,-0.4763219143981733
1.2860085758965039,13.89898142061244,4.1910752015234936,0.9521094287059876,-0.20322320285509432,-0.16228527391176906,0.5768466876828313,1.00001116415968,-0.6927662286990842
1.2319878075062491,13.806104225105619,4.176460403096866,0.9614984151468972,-0.20144974543202743,-0.14960789434390742,0.5653567324166127,1.0000137177526558,-0.4887754633873154
1.1915200079073087,13.71325495229362,4.166457983260047,0.9705046870222478,-0.20447626779989672,-0.14095309591727956,0.21549752899098973,0.5765646447894176,-0.40606501334627576
1.1374992434352342,13.620377757585842,4.144136821632278,0.9862177558527199,-0.22404520896238322,-0.13644867608046063,0.2189961210252458,0.5859251441090098,-0.5177118919558822
1.0699255146444988,13.527472640192451,4.125546792452228,0.9984236814834282,-0.22017726320974565,-0.11917651445269195,0.5768466876826932,1.0000165059177217,-0.5965538467291017
1.015904753305201,13.434595445491128,4.111483646933924,1.0030807676521523,-0.2089524014589981,-0.1051914852726421,0.5653567324166155,1.0000163453741322,-0.46393922533909826
0.948292807462123,13.36024343031766,4.10163734805305,1.0149925143041496,-0.2138876651292532,-0.09528433975433792,0.21549752899098962,0.5765646447894174,-0.3618190543996762
0.8943102698076539,13.248813134201047,4.0890190256992405,1.0342998071791842,-0.20158520362216825,-0.0891360408734636,0.2189961210252459,0.58592514410901,-0.4015624356637676
0.826698327135838,13.174461118243144,4.074264742978853,1.032506311120305,-0.21914627956361787,-0.07973371851965405,0.5768466876826932,1.0000161415617173,-0.5760189185181039
0.7726393497278913,13.100137024972796,4.0563135759765325,0.9356307909189429,-0.19387293545002776,-0.06497943579926657,0.5653567324166153,1.0000113753876536,-0.3614799687254354
0.6915126663084165,13.007203986495703,4.030844765626828,0.9658039258952912,-0.18545814222454884,-0.049733268796946284,0.2154975289909895,0.5765646447894168,-0.3016763422295383
0.6239389496785971,12.914298869918337,4.008052634322088,0.9665566437849562,-0.15950760528218338,-0.026417458447241415,0.2189961210252458,0.5859251441082561,-0.2393608242558867
0.5563652348932172,12.821393752553803,3.9877375719184096,0.975898904027642,-0.14672804080081273,-0.005180327142502161,0.5768466876826936,1.0000018422100794,-0.2995672338943564
0.4887533001438555,12.74704173740319,3.9743450602376877,0.9857133440318023,-0.13613577558131723,0.014232735261176632,0.5653567324172525,1.0000016135515708,-0.17594860921762334
0.40758840276958896,12.67266180036143,3.9524298837268765,1.0092295808433096,-0.11957527939152866,0.027435246941898583,0.21549752899098318,0.5765302528190789,-0.1331999012507833
0.326423506008825,12.598281863320931,3.9397781947488006,1.0249009761476904,-0.08368399095394623,0.04993542345270985,0.2189961210252459,0.5858898140713584,-0.029991605771702557
0.24529683464295812,12.505348824077702,3.9310402691224637,1.0399580820288246,-0.05655889611946694,0.06401311243078567,0.5768757556127972,1.0000011363232375,0.0016089587621848037
0.1641319427971224,12.43096888704733,3.927312089954507,1.0421910689600917,-0.04592441906220736,0.07508603805712255,0.5653863025174592,1.000001406523306,0.03687150182321861
0.06945231219549228,12.3380079267109,3.92869074929506,1.0581872127137422,-0.026850148080110582,0.08212521722507926,0.21549723328998116,0.5765294617489528,0.03650490382430192
-0.011712575741955908,12.26362798889761,3.933176252711568,1.0522532369403501,-0.01605210506748735,0.08509955788452661,0.21899612398225587,0.58588982198206,0.07289246405786796
-0.09283923852195608,12.170694950463039,3.938676128499214,0.9422156284272569,-0.015293908833111979,0.08061405446801828,0.5768764241919433,1.000001136309493,0.10895919866640665
-0.17400412385729566,12.096315013446077,3.9394190840516288,0.9467708249063473,-0.01706389264509035,0.08057317868037206,0.5653862891455803,1.0000014065236664,0.0762971161455478
-0.26868374520801735,12.003354053128707,3.938615903714677,0.9655730653069162,-0.00044519637722425956,0.08645822312795737,0.21549723342369997,0.5765294621066821,0.09407435909230191
-0.36332513985007087,11.89183999061131,3.940928351022308,0.9624969807458781,0.015450169183200873,0.0951184034649093,0.21899612398091872,0.5858898219784817,0.14024352615164423
-0.4715577181498405,11.798851108414484,3.9440581877529675,0.9470171268585189,0.016668417084060107,0.10194595615727797,0.5768764238896056,1.000001136309495,0.21440895870093424
-0.5662373313184832,11.705890148113971,3.949078186536213,0.93617341644494,0.04130500648234127,0.10929211942661876,0.5653862891516279,1.0000014065236646,0.25550866759191604
-0.6608787181232155,11.59437608561272,3.9543829669524038,0.9356649243991847,0.05613971796537115,0.11613312064337356,0.21549723342363958,0.5765638539958173,0.16174393886567653
-0.7690730624184163,11.482834102021863,3.965979790659626,1.0554919918156898,0.07837534729293762,0.1388823402271826,0.21899612398091928,0.585889821978484,0.3186655962196958
-0.863714441656202,11.371320040327172,3.9784614918846684,1.0345638471384146,0.08913000905367216,0.1435545165199601,0.576847356028134,1.0000011369074102,0.39161708715795396
-0.9719087790945168,11.259778055959476,3.992787737594923,1.0234621925269856,0.09190276881479843,0.14888181529491806,0.5653865798302407,1.0000014065158767,0.3556997086554051
-1.0665501530749155,11.148263994275615,4.013896386818965,1.0039460169166534,0.10594960378937571,0.1539285695846635,0.21549723051685332,0.5765638462204721,0.2656429148294382
-1.1611915228037968,11.036749932600513,4.036962133543571,0.9946116946325261,0.10641399089105716,0.15377992036062116,0.21899612400998703,0.5859251520939452,0.3461490526696416
-1.2557946628755121,10.906682768731459,4.060191643582661,0.9858885066202765,0.10848633221582409,0.15327217363601564,0.5768473625995285,1.0000011369072717,0.4680171146562086
-1.3639507596767664,10.77658768377437,4.0832939140964335,0.9629228212692681,0.10287417227771792,0.15420366359692572,0.5653567189186175,1.0000014073163512,0.3672847805715148
-1.4449627051092406,10.627995340398337,4.108088671984155,0.9319580476943958,0.112973977910752,0.1568603930831527,0.21549752912596964,0.5765646451505572,0.30055773200824
-1.5395658352444577,10.497928177340723,4.13543299940415,1.037320784077445,0.11969173075282115,0.18828763519543124,0.2189961210238961,0.5859251441053985,0.4002330269593871
-1.6070248140346972,10.34936375586412,4.165621196152645,1.0148719235936876,0.12583092808579696,0.19132730777543583,0.5768466873774731,1.0000023561757132,0.5615167277929295
-1.7016279360484918,10.219296592823238,4.191630741329867,0.991501569732059,0.10195179736588726,0.19295311102694113,0.5653567324227198,1.0000033673664266,0.37679503990449237
-1.7826016394785924,10.052151148069656,4.226609584959228,0.9690083962888474,0.12087888672521903,0.20010056584971947,0.21549752899092856,0.5765646447892541,0.37940494671666763
-1.8636517953661391,9.922111906927137,4.266696140738207,0.9221161291453774,0.10779751912561783,0.1995107222203587,0.21899612102524657,0.5859251441090125,0.3593665981511286
-1.9446254924331625,9.754966462186665,4.300458676638085,0.9086096650561494,0.11451923499813817,0.19490616644137893,0.5768466876828313,1.0000026296792348,0.6050246614447704
-2.0255991843657477,9.587821018247743,4.334592589559037,0.9954594526879064,0.15014405794521038,0.2347176305415013,0.5653567324166117,1.0000096251499142,0.578500815564883
-2.1065728723162294,9.42067557352605,4.365711402567106,0.9486528065533372,0.16220874161878715,0.2382707176205494,0.21549752899098962,0.576564644789418,0.39643568732223616
-2.173993598970258,9.253558051483742,4.405700419517236,0.9022018790058238,0.18541860081861003,0.2451299046124802,0.2189961210252458,0.5859251441090098,0.645654296671304
-2.2414143223055945,9.086440528657302,4.4475425556022685,0.995515639902302,0.2344446631928551,0.2809068876623506,0.5768466876826928,1.0000254122072012,0.9096854799707685
-2.281729129017105,8.919378850386362,4.486815740736203,0.9582811674706319,0.2515654112113389,0.2762807515773178,0.5653567324166155,1.0000376072486534,0.7464002869427895
-2.308490977414257,8.752345093206719,4.534105731220918,0.9285482106349386,0.25296045906647285,0.2733795664433831,0.21549752899098962,0.5765646447894184,0.5631680756250801
-2.3487675509320276,8.56673031354008,4.5949402683693945,0.903849273960539,0.24120405788363336,0.2613085759586684,0.2189961210252459,0.5859251441090103,0.6761901238705583
-2.36193821106606,8.381171376840324,4.655686231525618,0.9957937946930195,0.2725552329682504,0.26622503881019166,0.5768466876826923,1.00004298266829,0.964196815230176
-2.375147100083279,8.214165542336119,4.708718953402715,0.9590644596154309,0.24650984892433678,0.23541007565396876,0.5653567324166149,1.0000344743610339,0.6086202911219689
-2.3747648038948164,8.028634527514527,4.764802370937543,0.9390419710797494,0.2367549961542455,0.20995735377687108,0.2154975289909895,0.5765646447894175,0.5205389458735192
-2.3608295531898174,7.843131434567381,4.835367654236037,0.9015784753893638,0.2176745776677201,0.17882793624204285,0.21899612102524602,0.5859251441090102,0.5068181859035555
-2.333379578583711,7.676209365686659,4.892361847432333,1.0019770518907682,0.20091750503089442,0.14925865294354956,0.5768466876826932,1.0000105424558179,0.6154703922265881
-2.305929605302799,7.5092872960122365,4.9348868691641865,0.9792254494980736,0.16117155851743434,0.10782845974725275,0.5653567324166151,1.0000043241608856,0.32384644783563854
-2.2377825435359675,7.323895891339411,4.982802238138395,0.952792117879717,0.1400248991063057,0.07728743801539983,0.21549752899098973,0.5765646447894176,0.26031653315679304
-2.1830355221583373,7.064264158379965,5.02959776398726,1.0332300649026427,0.08887891431169781,0.04186806904119145,0.2189961210252459,0.5859251441082565,0.09783711345398126
-2.128517878640237,6.915951033838589,5.068167693736033,1.0415077551916205,0.06762564015483404,-0.00862045680767376,0.576846687682693,1.00000113692116,0.1180758351030585
-2.0604090563326998,6.74911273054855,5.090250775562601,1.0184998055521661,0.020603909944807906,-0.05526638655644667,0.5653567324172522,1.0000014073159895,-0.15084158111646365
-2.005853189350904,6.582246504591431,5.100433513047175,0.9706599608535313,-0.015505156741971716,-0.0895304683830147,0.21549752899098318,0.5765302528190789,-0.08068064685153623
-1.937744373345782,6.4154082012884075,5.107604162981735,1.056995929514045,-0.045828232082885334,-0.13569720586758893,0.21899612102524602,0.5858898140713588,-0.2937121914158236
-1.842529656806699,6.248625740925798,5.105553701585161,1.0060589129566617,-0.07375352551410023,-0.1660458558021487,0.5768757556127972,1.0000011363232375,-0.42442048416810213
-1.7744208480991104,6.0817874376077405,5.103056863369421,0.9447649014480054,-0.1205731976931855,-0.19001039440557488,0.5653863025174588,1.0000030808251728,-0.5423333968630257
-1.7336090835061355,6.007658796791945,5.09368672712706,1.0220823970020683,-0.17806677723393954,-0.24551255618983459,0.21549723328998116,0.5765638536399886,-0.4499629815581634
-1.6110591123751907,5.729613572484575,5.0670074432995165,0.9397140158187446,-0.17877766964336675,-0.23614241994747354,0.21899612398225587,0.5859251520205033,-0.5497570753283433
-1.3937531825987541,5.507423104646255,5.03794226183556,0.9004562146122389,-0.2397661117871604,-0.2703841361199302,0.5768473563288655,1.000025420505459,-1.00001998669556
-1.352788518143439,5.359082058179863,5.011824305346234,0.8910445086881211,-0.4256648109053337,-0.2988339546559733,0.5653567190433968,1.000000437726864,-0.9999390475119821
-1.2981944527618194,5.173662731546335,4.9772754737641645,0.8826667122868423,-0.43904628115242267,-0.2984049981666481,0.21549752912472186,0.5765646451472192,-0.8746610532601821
-1.2436386168866864,5.006796505525129,4.927098410120231,0.841543055776301,-0.4529791925727943,-0.2867271665845783,0.21899612102390864,0.5859251441054324,-0.9998832859947264
-1.202635732212657,4.839902358427279,4.868353994777424,0.8297222151533907,-0.46492743792065266,-0.2561591029406449,0.5768466873802942,1.000303809851908,-0.9996778094639254
-1.1887005195432763,4.654399265401772,4.80389823942445,0.8295753442178848,-0.46146733497295533,-0.2134306875978378,0.5653567324226629,1.0003397259467206,-0.9994641993204193
-1.1612505861424314,4.487477196436159,4.738347338726743,0.9723980360023227,-0.45418108277226643,-0.16935293224486414,0.21549752899092933,0.5765646447892561,-0.6905919783056151
-1.1609065490944788,4.32049928295681,4.66901569037698,0.9876719080893511,-0.42942955042806963,-0.10790803154715656,0.21899612102524657,0.5859251441090119,-0.7683078993779667
-1.1740772328549598,4.1349403469993495,4.598545874049885,1.0063182304284015,-0.37365421432923496,-0.038536383197394164,0.5768466876828297,1.000145959493712,-0.6897266156815464
-1.1872861422888785,3.967934511662109,4.541451042285186,1.004149297172612,-0.3040824235083038,0.036151433129701704,0.5653567324166123,1.0000809831088722,-0.36772440473463014
-1.2275627175003683,3.7823197312010106,4.490086888065559,1.013617128726715,-0.24529785759634862,0.10166626489439978,0.21549752899098984,0.5765646447876429,-0.19089491055403682
-1.2678775171354422,3.615258052944648,4.441896350076418,0.9951520693604575,-0.16778321322991305,0.16567741911402756,0.2189961210252458,0.5858898140713583,-0.00842155044610793
-1.3352599795242435,3.429587428779687,4.402564564039925,0.9890292551850942,-0.08815097069603452,0.23077595710316778,0.5768466876841931,1.0000067581130299,0.29954457185848576
-1.3755747744048576,3.2625257505331193,4.3765365607943325,0.9506742522177594,0.005246185923347017,0.2913257431396614,0.5653865931967452,1.0000267825929496,0.5244694123236202
-1.442995457456273,3.095408227789673,4.364749698778608,0.9326396251330729,0.06777524693703715,0.34294874638525363,0.21549723038318824,0.5765638458628515,0.38427071110183353
-1.510416138347847,2.9282907058416456,4.371504224250086,0.9020622518543491,0.14611608302143392,0.38479060840097823,0.21899612401132384,0.5859251520982757,0.8026998807239246
-1.5778368147651332,2.7611731831118664,4.394434435376891,0.8706270749340506,0.21232336028718934,0.4126450829295003,0.5768473629017743,1.0000920514901852,0.9997610629605453
-1.6181133721029568,2.5755584034785617,4.423341883579264,0.8407309197004367,0.27055266608774353,0.42897687180269495,0.5653567189119351,1.0000000999311902,0.999890409161854
-1.645028121873511,2.4827370519464007,4.469280435899267,0.8015466103172438,0.2997492208435939,0.44407442360032245,0.21549752912603626,0.5765646451507349,0.8270412250540795
-1.698895847019236,2.315647451875351,4.533683949569236,0.858739812384245,0.333909580193583,0.44694587128031893,0.21899612102389543,0.585925144105397,0.9999605414516805
-1.7392106263080116,2.1485857728699362,4.6093834309373,0.8441936664673882,0.36639577048151034,0.4361693576103507,0.5768466873773228,1.0000000408468035,0.9999257556686222
-1.7523812899081022,1.9630268369540091,4.686865466693411,0.8381695710611231,0.38631074615539035,0.418850876242286,0.5653567324227227,1.0000000286915904,0.9999205202530511
-1.7519607823447376,1.758942720691771,4.769637903431425,0.8178213141664235,0.38779800573279904,0.40432984048617504,0.21549752899092833,0.5765646447892535,0.9497211617887198
-1.738063788605709,1.5919927290913471,4.8529992543253995,0.7806745169803805,0.3863814138542182,0.388791403748161,0.21899612102524646,0.5859251441090114,0.9903133604120358
-1.7105756259178626,1.4065175587219882,4.938298337915907,0.779543678953559,0.38369863052939573,0.37646505285418685,0.5768466876828318,1.0001045308493246,0.9990859406030591
-1.655981581984932,1.2210982312533005,5.02401742623187,0.7586692322902934,0.3827424223967772,0.3653609692636789,0.5653567324166127,1.0000001166425034,0.9999471425027616
-1.6014257685568714,1.054232005976819,5.107668737629423,0.8628661375715815,0.432816380007805,0.4341558809477163,0.21549752899098973,0.5765646447894176,0.9998320487304785
-1.5333552444558505,0.905946803157569,5.1922232143674,0.8530148295204649,0.43347302075532756,0.42886256955016344,0.2189961210252458,0.58592514410901,0.9998426440049352
-1.4381406141620132,0.739164343408244,5.2747476451192,0.8567281014494097,0.4277220487675025,0.4220170928121866,0.5768466876826931,1.0000209578142416,0.9994368105919129
-1.3429642165205007,0.5909349842647617,5.355678168395529,0.8318220082089169,0.42342107155894476,0.4155656620603859,0.5653567324166153,1.0000214254452098,0.9992700061403231
