-0.013552967983527476,-0.037106281580132426,0.00021440016105771074,1.0577865612763429,-0.08596551000303915,-0.008598400161057711,0.9442115343928682,1.0053351,-0.11906799
-0.013552967983527476,-0.037106281580132426,0.00021440016105771074,1.0577865612763429,-0.08596551000303915,-0.008598400161057711,0.9442115343928682,1.0053351,-0.11906799
-0.013552967983527476,-0.037106281580132426,0.00021440016105771074,1.0577865612763429,-0.08596551000303915,-0.008598400161057711,0.9442115343928682,1.0053351,-0.11906799
-0.013552967983527476,-0.037106281580132426,0.00021440016105771074,1.0577865612763429,-0.08596551000303915,-0.008598400161057711,0.2105932116590845,0.6847264,-0.07579731
-0.013552967983527476,-0.037106281580132426,-0.00024757284671068187,1.057826162144246,-0.0854768320077922,-0.008136427153289319,0.4855129001907048,1.008974,-0.06638483
-0.013552967983527476,-0.037106281580132426,-0.0013514079339802265,1.0579198699963213,-0.08430911453621087,-0.0070325920660197746,0.21629596731324874,0.703381,-0.073260956
-0.013552967983527476,-0.037106281580132426,-0.0044766380637884145,1.058178188571377,-0.08100246513972373,-0.003907361936211586,0.46968910602529135,1.009112,-0.055233147
-0.013552967983527476,-0.037106281580132426,0.0033567355852574107,1.0575112068217898,-0.08928900029250617,-0.01174073558525741,0.2164542052549029,0.7039397,-0.080062665
0.013552967983527486,-0.037106281580132426,0.006033676164224743,1.0301629541235966,-0.09195602420352407,-0.014417676164224744,0.46921533474902466,1.0083729,-0.08001023
0.04065890395058245,-0.03710628158013242,0.0020804018061608073,1.0034125533827831,-0.08782640826186708,-0.010464401806160808,0.21645894296766555,0.7041171,-0.076590225
0.0677648399176374,-0.03710628158013242,0.0014966145996004343,0.9763577487177799,-0.0872000467932641,-0.009880614599600435,0.46906531336721113,1.0069658,-0.07341993
0.10842374386821985,-0.03710628158013241,-0.0008501699566841126,0.9359008104023809,-0.08494307446223415,-0.007533830043315888,0.2164604431814836,0.70431566,-0.070610724
0.16263561580232977,-0.037106281580132405,-0.007014122381806374,1.0482819500194291,-0.07524585178370344,0.025924122381806372,0.46889749070312825,1.00879,-0.016894098
0.2168474877364397,-0.0371062815801324,0.0016375303268432622,0.993379925632964,-0.08422352037006703,0.017272469673156737,0.2164621214081246,0.7040998,-0.054549772
0.2710593596705496,-0.03710628158013239,0.00040559615939855646,0.9392710621569211,-0.08297768997012431,0.018504403840601442,0.46907994145360377,1.0059229,-0.040094968
0.3117182636211321,-0.037106281580132384,-0.0008509141765534869,1.0640467072815496,-0.07472633315437163,0.04295091417655349,0.21646029690061974,0.7037463,-0.029646937
0.3794831035387694,-0.03710628158013238,-0.0028382685594260685,0.9964285466538656,-0.07280388364672932,0.044938268559426064,0.4693786986465417,1.0073775,0.0032598777
0.44724794461200246,-0.03710628158013237,-0.006901293937116862,0.9289528979371229,-0.06922244075927653,0.04900129393711686,0.21645730932869034,0.7041028,-0.015517552
0.44724794461200246,-0.03710628158013237,-0.014185721781104802,0.9294324929992962,-0.06245377368553209,0.0562857217811048,0.4690774203186915,1.0056251,0.02239475
0.5827776228624537,-0.05565942237019856,-0.021359966993331907,0.9576456620308719,-0.026585917967311336,0.08255596699333191,0.21646032211196875,0.70364004,0.0424135
0.6640954305424804,-0.055659422370198545,-0.02460005606524646,1.0380325695761183,-0.009144260424494215,0.10076805606524646,0.46946852158903873,1.008278,0.11823424
0.7454132382225072,-0.05565942237019854,-0.02647167413495481,0.9567585484034615,-0.009353812135976566,0.10263967413495481,0.2164564110992655,0.7034598,0.071478374
0.8402840115641105,-0.07421256316026476,-0.028421267317607992,1.020385998653859,0.026782138404355553,0.115362267317608,0.4696209024493072,1.007694,0.15791202
0.9351547880884093,-0.07421256316026474,-0.025777013478800646,0.9256139904203579,0.021638673847999626,0.11271801347880064,0.21645488729066287,0.7033062,0.10421004
1.0300255606560293,-0.09276570395033093,-0.016426480142399655,0.9867743772399908,0.04719357167873237,0.10981748014239966,0.4697507406669281,1.0068939,0.17063299
1.0300255606560293,-0.09276570395033093,-0.01195541388355194,0.9869755191155944,0.04278118104576332,0.10534641388355194,0.21645358890848643,0.7029772,0.112085305
1.2062141430044886,-0.0927657039503309,-0.0010547837521880702,0.9641662122521469,0.04662671655455702,0.09640178375218807,0.47002883779783344,1.0064462,0.16072947
1.2875319502422389,-0.0927657039503309,0.00514529591426255,1.0323723399658535,0.05415158301005952,0.08744470408573746,0.21645080793717741,0.7027871,0.104786955
1.3824027265085432,-0.09276570395033089,0.0061339922063052815,0.9375563833694033,0.05371278695760509,0.08645600779369472,0.47018951965556277,1.0058657,0.15953404
1.4772734976019086,-0.11131884474039708,0.002556495638564245,0.9876372697799228,0.08783124413588383,0.08230250436143575,0.2164492011186001,0.7026917,0.12799834
1.572144276729961,-0.09276570395033086,0.0035216871742159285,1.0335398531351203,0.07829239293075375,0.06833731282578408,0.4702701902019151,1.0083379,0.15957221
1.653462083967711,-0.09276570395033085,0.005643240464851276,0.9523871161087,0.07655840200735843,0.06621575953514873,0.21644839441313657,0.70291686,0.10800936
1.74833285907842,-0.09276570395033085,0.012247260850854235,0.9942760255214641,0.07702462712295088,0.041032739149145764,0.47007987183641897,1.0075939,0.13881968
1.8296506674717659,-0.09276570395033083,0.018037090958096105,1.044996731199822,0.07415208673975499,0.010787909041903895,0.21645029759679146,0.70269644,0.06705748
1.9245214425824744,-0.09276570395033082,0.030540295676328263,0.9510156294865413,0.06397775422112696,-0.0017152956763282629,0.47026614903210295,1.0068082,0.09234396
2.0058392443654838,-0.11131884474039701,0.041193905831314645,0.9979017215771265,0.07028262453505738,-0.04294490583131465,0.21644843482483478,0.70288205,0.03384262
2.100710024930934,-0.09276570395033079,0.04079769334290178,1.0242192209465903,0.04631405143689427,-0.07937769334290179,0.4701092919290224,1.00667,0.013672168
2.195580800041643,-0.09276570395033079,0.046970376116223636,1.0467271625898167,0.029316945418947297,-0.12858537611622362,0.21645000339586562,0.7030653,-0.05104855
2.2904515763079467,-0.09276570395033078,0.050149481557309625,0.9520635719482188,0.03074487309858066,-0.13176448155730963,0.4699544156150268,1.003526,-0.052318826
2.3853223514186555,-0.09276570395033076,0.05621932453475892,0.9696205092912301,0.009111399241269387,-0.1867623245347589,0.21645155215900558,0.70348585,-0.09936396
2.4801931265293646,-0.09276570395033075,0.05622823321726172,0.9824238289444367,-0.011987093207847042,-0.24094923321726172,0.4695989360437324,1.0015092,-0.18760985
2.5750639016400734,-0.09276570395033074,0.05963832016568629,0.9907247575714295,-0.0418718789799183,-0.3027633201656863,0.21645510695471848,0.7038766,-0.20572138
2.6699346840114853,-0.07421256316026452,0.059188112081028504,0.9938927348776406,-0.09198079824945606,-0.36354811208102855,0.46926862519355084,1.0034299,-0.35588208
2.751252492625969,-0.07421256316026452,0.05780659821350125,0.9128368785874473,-0.08590954596822506,-0.3621665982135013,0.2164584100632203,0.7042369,-0.28590852
2.846123267994672,-0.0742125631602645,0.05604148938786236,0.9135475882148973,-0.12185451113430944,-0.42278548938786237,0.46896405979487177,1.0031129,-0.4612335
2.846123267994672,-0.0742125631602645,0.05483640503603963,0.9136937698041745,-0.12075352101729263,-0.42158040503603966,0.2164614557172072,0.7043493,-0.35714635
3.0358648269879045,-0.055659422370198254,0.04727269400376825,0.9056743877037251,-0.22381833930658834,-0.5349566940037682,0.46886906763230796,1.006397,-0.66975605
3.1307356026146023,-0.05565942237019825,0.03782338021788744,0.8129459303627197,-0.21166299504634745,-0.5255073802178875,0.2164624056388328,0.7046771,-0.5533005
3.2120534114502246,-0.05565942237019823,0.03125076799187808,0.82056830785458,-0.2603859311796504,-0.5741147679918781,0.468591981537266,1.0043877,-0.73030937
3.3069241870769224,-0.055659422370198226,0.024244135324843208,0.8133412789588386,-0.3132014439760866,-0.6169801353248432,0.21646517649978314,0.69461316,-0.7023119
3.40179496270362,-0.05565942237019821,0.0087612822698429,0.7232257180203145,-0.2997403851993864,-0.6014972822698429,0.47709795343269423,1.0009828,-0.72124684
3.483112770383647,-0.055659422370198205,-0.013433293844573223,0.7349008823077178,-0.34686103069128704,-0.6229877061554268,0.2163801167808289,0.67876613,-0.6977905
3.577983546010344,-0.05565942237019819,-0.03978545888792726,0.7360762537076022,-0.39513085296489864,-0.6336195411120727,0.49049263629454043,1.0004442,-0.77686596
3.6728543128045636,-0.07421256316026441,-0.06444280057679865,0.737788435647748,-0.4298925211337759,-0.6390371994232014,0.21624616995221035,0.6639907,-0.73071116
3.767725088173267,-0.0742125631602644,-0.08940084948670123,0.6537949266166748,-0.4198170232053812,-0.6140791505132988,0.502982120202073,0.9986124,-0.73740387
3.8490428851649487,-0.09276570395033058,-0.11159929617773745,0.6710336240826699,-0.46008080795503775,-0.6150627038222626,0.21729406477692137,0.6577984,-0.7064724
3.9710195852226606,-0.11131884474039677,-0.1441560952318833,0.6555582829585276,-0.5008312797061022,-0.5989649047681167,0.5082053158835982,0.99828744,-0.75983614
3.9710195852226606,-0.11131884474039677,-0.1786155621660874,0.6724240620718231,-0.4779482334253509,-0.5645054378339126,0.21751649129291384,0.66281337,-0.67442596
4.133655177929099,-0.14842512711149716,-0.202298765773885,0.6142222340397839,-0.5180711405345769,-0.550815234226115,0.5039644746106209,0.9975913,-0.72378075
4.214972973041106,-0.16697826790156334,-0.23882688134443017,0.6497275896423593,-0.553733322981945,-0.5181071186555698,0.2181472592624889,0.65667945,-0.6869564
4.296290767710837,-0.18553140869162954,-0.2704913087142632,0.6867203047679934,-0.5909911478452416,-0.48439369128573684,0.5091425219266403,1.0009009,-0.7372207
4.39116151764865,-0.22263769027176195,-0.2951834256900475,0.7049509613218568,-0.6171434526782952,-0.4520695743099524,0.21605967109588942,0.65583163,-0.7184355
4.472479299013234,-0.2597439718518944,-0.3165864285780118,0.7366308422063946,-0.6396648225058756,-0.41771957142198823,0.5098799682626749,1.004702,-0.7590554
4.5537970806488595,-0.29685025343202676,-0.34716791986953477,0.7765076060392467,-0.6520745924921387,-0.3691170801304652,0.21605229663252912,0.6702624,-0.7357818
4.648667840279897,-0.315403394222093,-0.3654957061959431,0.8043564144133982,-0.6921666144131516,-0.3279172938040568,0.4976832310141821,1.0100391,-0.78114444
4.648667840279897,-0.315403394222093,-0.39381530254613617,0.8236331483495284,-0.669113070008341,-0.2995976974538638,0.21617426400501394,0.6830561,-0.73989415
4.811303397112044,-0.3896159573823577,-0.4196595282806085,0.8893728981729959,-0.6994372203596405,-0.21429447171939153,0.48686882011175925,1.0165489,-0.77532053
4.892621160896142,-0.44527538054352434,-0.45488839014898996,0.9305761427357115,-0.6698987257735834,-0.14290560985101008,0.2162824081140381,0.7068443,-0.696814
4.973938938035291,-0.48238166212365685,-0.4864611078752206,0.9766861838274673,-0.6535812000246032,-0.0712018921247794,0.46676210370385385,1.0173733,-0.6607069
5.041703732398462,-0.5380410844938553,-0.5207390500558543,1.0260698708429612,-0.604371655220054,0.006894050055854306,0.2164834752781174,0.7070286,-0.4995293
5.123021492533778,-0.593700506864054,-0.5566456602467226,1.0613101733472967,-0.5526900054472619,0.08997766024672255,0.46660427523023307,1.0110581,-0.42291448
5.204339251342264,-0.6493599292342527,-0.593560577775352,1.0929194579842427,-0.4927226116872281,0.177037577775352,0.21648505356285352,0.7064185,-0.24190478
5.272104042167223,-0.7050193516044513,-0.6232728280080487,1.1272600648206932,-0.42581463724623597,0.25941382800804874,0.4671199241809991,1.0089226,-0.12223151
5.353421798432619,-0.7606787747656178,-0.6451795721007516,1.1424235513251555,-0.3689362638256485,0.3359915721007516,0.2164798970733457,0.704991,-0.023591164
5.421186573348675,-0.8348913379258827,-0.6652928037894895,1.151464715669953,-0.28517640102314784,0.4122228037894895,0.4683265183768084,1.0088593,0.14844175
5.488951360561708,-0.8905507602960814,-0.6756668182415891,1.164125067243731,-0.22148652478742237,0.47956181824158917,0.21646783113138768,0.70349383,0.20155028
5.556716146669051,-0.94621018266628,-0.6750836029602217,1.0763097393990129,-0.22106508847762732,0.47897860296022177,0.469592022660583,1.0064218,0.25361317
5.638033897737698,-1.0018696050364788,-0.6721870991168546,1.0718052556648687,-0.17552368900610177,0.5332810991168546,0.21645517608854992,0.703285,0.2826204
5.705798666006557,-1.0760821689877114,-0.6672701149014759,1.063172915417518,-0.10386922021544305,0.585189114901476,0.469768672191334,1.0051413,0.42714503
5.773563448501973,-1.13174159135791,-0.6574016580311586,1.0630908417388676,-0.046909657312173524,0.6311926580311585,0.21645340959324244,0.7024131,0.49639025
5.854881195590131,-1.1874010137281086,-0.6441092904238035,1.0500770732594318,0.0032165317704965124,0.6722882904238034,0.47050561284605785,1.0040268,0.5787246
5.936198926363966,-1.2616135768883736,-0.6244228722481062,0.9405769602794452,-0.0047870266535333635,0.6526018722481062,0.21644604018669522,0.70259416,0.57618725
6.003963721464259,-1.298719858468506,-0.6032644860772423,0.9490980993906002,0.03726982094239475,0.6838814860772422,0.4703526395041018,1.0015532,0.637155
6.085281448133986,-1.3729324216287708,-0.5755518552986912,0.9256615599328685,0.10103921073400896,0.7062608552986912,0.2164475699201147,0.70171285,0.73990405
6.166599206573905,-1.4100387039998712,-0.5452476805774503,0.923228033160551,0.13641110734671483,0.7233796805774504,0.4710975068514731,1.0007358,0.77909756
6.166599206573905,-1.4100387039998712,-0.5113831803528599,0.9273173138593525,0.10507421585589823,0.6895151803528599,0.21644012124664103,0.70196927,0.7230205
6.3427876525668445,-1.5213575487402684,-0.48157964054029506,0.8078967941223498,0.16713858086879926,0.704213640540295,0.4708808570627092,0.99449277,0.79498196
6.410552442875807,-1.5584638303204008,-0.4402481097308926,0.8230222648453871,0.21139234824260061,0.7042731097308926,0.22109697304415066,0.7080944,0.8940362
6.50542316222283,-1.5955701119005332,-0.40750658127944983,0.8137463109931924,0.254721821532431,0.7096725812794498,0.4656573390507618,0.9896128,0.90079796
6.6002938805378735,-1.6326763934806654,-0.3666833591787152,0.8084600550807204,0.29563163476634163,0.7036413591787152,0.2252737200521704,0.7181386,1.0004064
6.68161163308077,-1.6697826750607978,-0.3263320547668271,0.7308064881836416,0.2718573057086456,0.663290054766827,0.45712629732751897,0.98396945,0.8756926
6.776482367833754,-1.6883358158508643,-0.27465863171499294,0.7389950567523531,0.29440374635211625,0.642989631714993,0.23012877812263677,0.73258626,0.9264336
6.857800119910566,-1.7254420982219647,-0.22540277752559706,0.7581485080163983,0.3423567067513499,0.6216357775255971,0.4448666285258308,0.9846519,0.897934
6.9526708534104324,-1.7439952390120308,-0.17932759109418916,0.7710597635218471,0.3731230745127901,0.5999485910941892,0.22967455171570716,0.7315318,0.9576159
7.047541605559625,-1.7439952390120308,-0.12765782895963715,0.7916923473245764,0.38244975609198323,0.5691068289596372,0.44576240025476443,0.9887031,0.86799955
7.128859373729625,-1.7625483798020969,-0.08549356255214735,0.7245046320925825,0.3602803035544665,0.5269425625521473,0.22624158218232826,0.72096884,0.85008407
7.2372830901767085,-1.7625483798020969,-0.040326380166225875,0.7320462102945482,0.37751907539155516,0.4989963801662259,0.454724490510546,0.98841107,0.7795955
7.3321538432235,-1.7625483798020969,0.006362005737609424,0.755710406267239,0.39468256567890003,0.4658589942623906,0.22639876096030698,0.7239747,0.800019
7.427024595114699,-1.7625483798020969,0.0515627461345859,0.7809154918202338,0.41226700207142514,0.4304692538654141,0.45218237822685803,0.99517804,0.7374613
7.521895367461181,-1.7439952390120308,0.09637178775388675,0.8062849394458798,0.4104438687597257,0.3916422122461133,0.2207047669921075,0.7099868,0.7062038
7.616766140323656,-1.7254420982219647,0.13578143712598756,0.8298479148103985,0.41148140431597047,0.35428656287401245,0.46406182386748696,0.9999325,0.66031396
7.7116369148577135,-1.7068889574318982,0.17856239583808856,0.8551238241325662,0.4078163902308883,0.3095246041619114,0.21656750547765824,0.6990143,0.5937263
7.806507688752164,-1.6883358158508643,0.21349093240220027,0.8773984530657496,0.40861662017787564,0.2684740675977997,0.4733771012776098,1.0025915,0.57657194
7.901378463162606,-1.6697826750607978,0.25141975116450266,0.9009529086524268,0.4042280719666358,0.22018224883549736,0.21641732530237978,0.69935465,0.49680611
7.982696295020416,-1.6326763934806654,0.284794278261251,0.9303369619131009,0.3794055560311015,0.17213272173874905,0.4730909471953326,1.0046831,0.47588614
7.982696295020416,-1.6326763934806654,0.3128970777662463,0.9406305660809099,0.3531141130049534,0.14402992223375372,0.2164201868432024,0.70069945,0.38032672
8.158884904163461,-1.577016971110467,0.33575548839289615,0.9717364488418199,0.3559101858685483,0.07884251160710387,0.471954300006284,1.0064638,0.38225454
8.25375568223573,-1.5584638303204006,0.3598879791470237,0.9872296612979748,0.3511967306875643,0.027232020852976324,0.2164315533150929,0.7006707,0.30477086
8.335073540003567,-1.5028044079502016,0.37934472408611253,0.9991966039610684,0.3079370759892391,-0.023614724086112537,0.47197846832687196,1.0052135,0.28173587
8.416391376210427,-1.4656981263700695,0.4013153290422625,1.0166969588908776,0.275426487929044,-0.08048732904226252,0.2164313116318871,0.7011841,0.17908002
8.497709190192897,-1.4471449855800032,0.4180389687092967,1.0384725003347182,0.2609669623454514,-0.1350729687092967,0.471544568794641,1.003949,0.176649
8.592580016570816,-1.3914855632098047,0.4366156987519927,1.03155475286521,0.21209701290716448,-0.19376569875199268,0.21643565062720926,0.701664,0.06072564
8.673897856660643,-1.3543792808387043,0.4432296429993577,1.0404958752564062,0.182705586797662,-0.24190764299935769,0.47113893564596165,1.0019921,0.034008667
8.768768661919863,-1.3172729992585714,0.4531572160543866,1.036667657039859,0.15150711527165642,-0.2938362160543866,0.2164397069586962,0.7021505,-0.047398783
8.86363949231513,-1.2616135768883732,0.4550735004711889,1.022589143409031,0.10780291295739691,-0.33724650047118887,0.4707276630368784,0.9991381,-0.15958959
8.9585102998963,-1.2245072953082408,0.4598007772024714,1.0163421213849684,0.07375689808690088,-0.38199677720247144,0.21717227924399451,0.70524096,-0.16091405
9.039828142811016,-1.1874010137281081,0.4625575040187679,1.0216120753990778,0.03160478205798029,-0.4224125040187679,0.46810831105639394,0.9995895,-0.32479355
9.134698953538027,-1.1502947321479757,0.4575990357017137,1.014541115445579,-0.0006341496909864649,-0.4519760357017137,0.2168169634801287,0.7045777,-0.27132186
9.21601682335789,-1.0946353097777772,0.4581970248697318,1.0117597625284749,-0.06492851427827469,-0.4833250248697318,0.46867246573373245,1.0026941,-0.4705033
9.310887635177544,-1.0575290274066769,0.45052337964530953,1.0062427105024445,-0.10173746066973204,-0.5021503796453095,0.2164643716578185,0.7038543,-0.40723857
9.405758448029175,-1.0204227458265445,0.4475418548053122,0.9049564705611011,-0.09113327292691518,-0.4991688548053122,0.46928737375503604,1.0018557,-0.52792484
9.487076295808933,-0.9833164642464118,0.4356158221280193,0.9136200540906998,-0.13382340661838754,-0.5091498221280193,0.2164582225776055,0.7041215,-0.45677254
9.581947111806398,-0.9462101826662794,0.4254333459725594,0.9116626599784149,-0.17501610321960545,-0.5160593459725594,0.46906164300902153,1.0048321,-0.609861
9.663264961428972,-0.9091039010861469,0.40999110022094004,0.9252819643466275,-0.21905706041081874,-0.5127711002209401,0.21646047988506556,0.7046263,-0.5234371
9.77168874458608,-0.8719976195060146,0.39678290338721023,0.9161377639568338,-0.2559692427107713,-0.5067229033872103,0.46863492247837524,1.0076941,-0.6595519
9.77168874458608,-0.8719976195060146,0.37589491398539293,0.9212842060965146,-0.23677851963146465,-0.4858349139853929,0.2164647470903721,0.70485425,-0.50867957
9.947877415021258,-0.7977850563457498,0.3578243501624082,0.8403125570286962,-0.2816906713648579,-0.46991835016240824,0.468442236005879,1.0073849,-0.6498896
10.042748208794336,-0.7792319155556835,0.3415137457987283,0.8574427061948701,-0.30605025841319045,-0.4507677457987283,0.216466673955097,0.70539427,-0.55389225
10.137619029496372,-0.7421256331845832,0.3225661316653703,0.8720569105842558,-0.3448418060184474,-0.42400613166537027,0.4679857960175622,1.010105,-0.63890254
10.232489851230385,-0.7050193516044507,0.30243997232522707,0.8903333941936223,-0.38103597191487054,-0.39111097232522707,0.21647123835498006,0.7057918,-0.5863013
10.313807679218268,-0.6864662108143845,0.28608644799794897,0.8131969355775254,-0.3612767579047292,-0.37475744799794897,0.46764978240673405,1.0096948,-0.61645705
10.40867847437884,-0.6679130700243183,0.2686608664086078,0.8389237379624551,-0.38072292271518404,-0.33961886640860783,0.21647459849108852,0.7059761,-0.55435634
10.503549271210998,-0.649359929234252,0.24972316303755987,0.867299015072001,-0.3954934986641618,-0.2980231630375599,0.467493931003393,1.0114955,-0.59871197
10.598420067403545,-0.6308067884441858,0.2293803613772606,0.8979893675069128,-0.4047697309486715,-0.2500723613772606,0.2164761570051219,0.70608467,-0.51839745
10.693290864112086,-0.6122536476541196,0.2052908822288727,0.931519713930544,-0.4054890241255397,-0.19342288222887272,0.4674021778762528,1.0125862,-0.53976727
10.788161661336614,-0.5937005068640533,0.17931418934371224,0.9665464046845635,-0.3983649723346383,-0.12994318934371224,0.2164770745363933,0.70605326,-0.43358487
10.883032459077132,-0.5751473660739871,0.15746284001972433,0.9999781094935903,-0.38859572566307254,-0.06569084001972432,0.46742871767657657,1.0109748,-0.42331207
10.977903228635578,-0.5751473660739871,0.133436405598185,1.036030880300369,-0.3511676720366013,0.005541594401814981,0.21647680913838996,0.70576197,-0.279328
11.08632699410163,-0.556594225283921,0.11809696377720587,1.0513148672530492,-0.3321510152884018,0.07271703622279414,0.46767491548033846,1.0078195,-0.23442534
11.181197762762475,-0.556594225283921,0.09871090353932134,1.081203840164878,-0.28472316877292786,0.14829509646067868,0.21647434716035252,0.70499736,-0.106240995
11.27606853142332,-0.556594225283921,0.08230095209088077,1.106828661436035,-0.2326926474172027,0.2248570479091192,0.46832118347671037,1.0091717,0.04079133
11.384492268191307,-0.5565942252839209,0.06845723704900493,1.1144822107170467,-0.1747849662853945,0.30227576295099506,0.21646788448038867,0.70372677,0.09822225
11.479363036852154,-0.5565942252839209,0.06466231463942577,1.020464979226372,-0.16442405494582513,0.3060706853605742,0.46939514661136816,1.0063703,0.1628321
11.574233836988334,-0.5380410844938546,0.06228707395959544,1.034547406571454,-0.13152424082798045,0.3747709260404046,0.216457144849042,0.7034614,0.19166899
11.68265757289558,-0.5380410844938546,0.06247209785971689,1.0325828436047884,-0.07454399696464285,0.44286190214028304,0.46961953491761177,1.0054927,0.3385651
11.68265757289558,-0.5380410844938546,0.061693963608703474,1.0326405362253994,-0.07374048640017974,0.44364003639129646,0.2164549009659794,0.70288575,0.29030028
11.885952078877262,-0.5380410844938546,0.05951112185139105,0.932400595519943,-0.0013437529634373034,0.5151578781486089,0.47010610385871243,1.0023905,0.45595458
11.9808228477961,-0.5380410844938546,0.06946122599299892,0.9370383710421044,0.06029196952399148,0.5746657740070011,0.2164500352765687,0.7021692,0.5394746
12.07569364955396,-0.5194879437037885,0.08417011228855593,0.9381217052962021,0.10606783973552746,0.628605887711444,0.4707117915765189,1.0015647,0.63311744
12.170564418730793,-0.5194879437037885,0.10402570096310124,0.8456847705990119,0.09727240587874322,0.6087502990368987,0.21644397839939067,0.7022795,0.62638974
12.278988188324757,-0.500934802913722,0.13080495593603597,0.8338940448372859,0.14302797066960357,0.6489420440639639,0.4706186032764046,0.9989697,0.7053592
12.37385895891518,-0.500934802913722,0.15646339667495235,0.8375395254145674,0.2135754675179587,0.6878146033250476,0.21731573683429084,0.6970058,0.87193394
12.468729762257865,-0.4823816621236559,0.18405560833867535,0.8388820849987874,0.2708568943110867,0.7216833916613246,0.47506719170032385,0.9904175,0.9297964
12.563600566116536,-0.46382852133358965,0.21357543704565513,0.749863375158334,0.24795561149732023,0.6921635629543448,0.2244995244268294,0.71469116,0.9375795
12.672024337663888,-0.4452753805435234,0.24720509228762136,0.7421986898267369,0.313076584636136,0.7164399077123786,0.4600477767654766,0.97929734,0.9918057
12.75334217653745,-0.42672223896248923,0.28770292667206276,0.671025611509966,0.2880540494498562,0.6759420733279372,0.2340484085944038,0.74102753,0.97837067
12.848213016883923,-0.38961595738235677,0.3244434016710137,0.6766642175947024,0.3390836428739712,0.6932115983289863,0.43769291138885025,0.97282255,1.0057535
12.929530855744433,-0.3710628165922906,0.3739186399942254,0.7086294494947587,0.3995340440408699,0.6936333600057747,0.23974442152598097,0.75722617,1.1275365
13.010848730429329,-0.33395653501215816,0.41109806803520665,0.6336198107339872,0.37139882203367075,0.6564539319647934,0.423944941751464,0.9700658,0.9938878
13.092166605998772,-0.2968502534320257,0.45735721645411,0.663532645691916,0.4233927021406775,0.6558657835458901,0.24221191388299868,0.76431644,1.084614
13.187037485855267,-0.24119083106182712,0.5013339528208588,0.6756441529232619,0.47026712661429837,0.6533010471791413,0.4179276038358103,0.97547406,1.0541397
13.268355364644268,-0.20408454948169463,0.5434267490869377,0.6060447024231704,0.4517056127567575,0.6112082509130624,0.23770102871690946,0.74838233,1.0357407
13.349673279465739,-0.14842512711149602,0.5850179993873451,0.6344362788301499,0.5000470336730977,0.6067900006126549,0.43144014657149166,0.9755764,1.0042093
13.417438227741084,-0.09276570395032942,0.6248407274251794,0.6762814517750289,0.5441109668833155,0.5999562725748205,0.23747940501409226,0.7492397,1.0929971
13.485203177122115,-0.037106281580130775,0.6648008891707275,0.6098084176142731,0.5146576689720459,0.5599961108292724,0.43071773194409113,0.97580236,0.955287
13.566521095702935,0.018553140790067875,0.7149585559731338,0.6098084176142731,0.5146576689720459,0.5599961108292724,0.43071773194409113,0.97580236,0.955287
13.634286084483415,0.09276570395033272,0.7604396739369247,0.6931762057731127,0.5925919948631523,0.5180803260630754,0.23922986866074403,0.75687444,1.03643
13.68849807027987,0.14842512632053137,0.812396334982476,0.6453259202019577,0.5568675417404478,0.4661236650175241,0.4242473652786557,0.9792542,0.89182913
13.756263061677148,0.22263769027176417,0.862133347368798,0.6933704980419599,0.5840895905751788,0.4372666526312021,0.23444288606479524,0.7433145,0.94973767
13.810475048345108,0.27829711264196283,0.9057667997246595,0.7637139550514497,0.6150531792559321,0.41060620027534056,0.43575602990410256,0.98584217,0.9004842
13.864687073601674,0.3525096758022277,0.9515262558823436,0.6991508481629191,0.5805433831888627,0.3648467441176564,0.2287596681488252,0.72677237,0.87648124
13.918899100037637,0.4267222389624925,0.9896874776249737,0.7546295448393584,0.6024312256745223,0.33979352237502625,0.4497941974861953,0.9878761,0.8498882
13.959558158600647,0.5009348021227572,1.0291142487293092,0.8192204636948488,0.6090992355722863,0.3096337512706908,0.2269002025173752,0.7269066,0.8343798
14.013770225357465,0.5937005068640563,1.0748036712175217,0.8650773901918305,0.6094426433014094,0.26937732878247833,0.4496993418709099,0.99880534,0.78131855
14.067982255331641,0.6679130700243213,1.109271736419758,0.7949763089524975,0.5947612198499961,0.2349092635802421,0.21766382038919885,0.6988126,0.7394569
14.095088385752833,0.7606787739746524,1.1450617393618434,0.846942569509639,0.5781218157898579,0.20071226063815661,0.4735366158012715,1.0000938,0.6898767
14.14930041909398,0.8348913379258851,1.1831051686173288,0.9051955463317536,0.5880217397345398,0.16040483138267114,0.216415730157143,0.6978313,0.64327204
14.176406512732525,0.9091039010861499,1.2174135848646968,0.9707048456925422,0.5714266675266069,0.1199564151353032,0.47437851289880606,1.0050611,0.5883018
14.20351264558623,1.0018696050364813,1.2450302222138256,1.0128554289583986,0.5505692566262013,0.08231377778617444,0.21640731118616785,0.6980438,0.5147998
14.24417174940883,1.0946353089868122,1.2780740177398529,0.9299398943527324,0.5289672944132523,0.04926998226014723,0.47419895069929496,1.003209,0.5078707
14.257724913505022,1.187401013728111,1.299630033648571,0.9696948746537871,0.4986893504502444,0.01380896635142892,0.21640910680816283,0.6995135,0.41799608
14.284831009723499,1.261613576888376,1.32033820686396,1.020596735306399,0.48342709565110964,-0.024643206863959932,0.47295677317520646,1.0039941,0.42387512
14.31193714545199,1.3543792808387072,1.3388824039464797,1.0499555253090362,0.4618953136742048,-0.06468040394647967,0.21642152858340358,0.69959766,0.3398027
14.325490310985572,1.447144985580006,1.3590916991000972,1.080156214883916,0.4216845190597298,-0.10997669910009722,0.4728855158386711,1.0039551,0.32135975
14.352596448004027,1.5399106895303374,1.3715243046497905,1.101204399232767,0.3993755226064414,-0.15085630464979038,0.2164222411567691,0.6999372,0.23691034
14.352596448004027,1.5399106895303374,1.387960532954892,1.107619589335998,0.38122274625987695,-0.167292532954892,0.4725985077372248,1.003611,0.25051767
14.393255713625987,1.706888956640933,1.3942186581110563,1.0479568508721935,0.36220950830285725,-0.20502765811105617,0.21642511123778352,0.7004162,0.17639485
14.406808920143817,1.818207802172298,1.4008852249244206,1.045487339966514,0.3228727526917409,-0.2457712249244206,0.4721936449411316,1.0007128,0.12696576
14.420362048673603,1.892420365332563,1.4133617967972512,1.0787009224242632,0.27981165238963784,-0.29439679679725117,0.2164291598657444,0.70098716,0.055968266
14.447468188751124,1.9851860692828942,1.4102806281438078,1.08475637697072,0.2599687692152177,-0.3289186281438079,0.4717110377800493,1.0000527,-2.0225532e-05
14.461021357380618,2.0779517740241933,1.4167273384286072,1.0934527077250327,0.21260009300131943,-0.37374233842860716,0.2164339859373553,0.7014532,-0.052649323
14.474574526378673,2.170717477974524,1.42413576077204,1.1000929153639403,0.16025238423312627,-0.41958676077204005,0.4713170873551944,0.99834204,-0.20230827
14.501680668298997,2.263483181924855,1.4219640627363674,1.1014899520711734,0.12796400537274266,-0.4551960627363675,0.21783922773060216,0.7066017,-0.18697189
14.515233838218451,2.356248885875187,1.4162332173017762,1.1035801006002557,0.08237122088098642,-0.48591621730177625,0.4669515721885993,0.9991216,-0.34471777
14.51523403558419,2.4490145906164855,1.409732752502894,1.0114562410761385,0.07466674807302673,-0.47941575250289403,0.2172239947373943,0.70525634,-0.25143754
14.542340179163045,2.541780294566817,1.3997495812037943,1.0111535337046256,0.04245714988777885,-0.5039455812037943,0.46809479649023755,0.998982,-0.41272584
14.555893350188178,2.634545998517147,1.3827340417960645,1.0134338860425474,0.0003243070620608611,-0.5189920417960645,0.21733054674663688,0.7059731,-0.34843463
14.569446521581876,2.727311703258447,1.365040592090225,1.0171755548368568,-0.044613417016452626,-0.5304965920902251,0.4674879407765442,1.0020505,-0.5082313
14.596552628464853,2.801524266418711,1.3489186952123404,0.9394042614742134,-0.018099239535442714,-0.5143746952123405,0.21647621690739038,0.70341015,-0.3702818
14.610105800743098,2.8942899703690426,1.3309425645181896,0.9456863331745167,-0.06733811436988563,-0.5224275645181896,0.46966266890110275,1.0016751,-0.5296815
14.637211987185857,3.0056088151094396,1.3152904643723728,0.9327316801962591,-0.11333969119031573,-0.5294324643723729,0.21645446962614479,0.70387435,-0.46111065
14.664318094756052,3.079821379060673,1.2957085151085619,0.958402730736713,-0.14899769602594565,-0.5290165151085618,0.4692705459142258,1.0046812,-0.5968815
14.704977217227889,3.1725870830110035,1.276336445049382,0.9649675977562705,-0.17894702323045653,-0.5252784450493819,0.21645839085601337,0.7042692,-0.500114
14.745636340805419,3.2653527869613344,1.2577020595828066,0.867355362486987,-0.15082513712275059,-0.5066440595828066,0.4689368057254272,1.0032947,-0.5884247
14.772742450586984,3.3395653509125673,1.2424478234210976,0.8981314581961402,-0.1951041385316277,-0.5035068234210976,0.21646172825790155,0.70455515,-0.49960026
14.772742450586984,3.3395653509125673,1.217268087998963,0.9027589084834905,-0.17242996905233798,-0.47832708799896306,0.46869506080472256,1.0046319,-0.5656879
14.840507687263132,3.506543618023163,1.197806024835444,0.8372464904401525,-0.20885898493110477,-0.4675240248354441,0.2164641457071086,0.7048746,-0.47976252
14.881166774205445,3.5807561811834283,1.1744888755539424,0.8720644467090813,-0.23557974908310456,-0.44950087555394247,0.46842506327077027,1.0063301,-0.5856235
14.921825902611143,3.6735218859247274,1.1492967550316822,0.893810950700343,-0.267701052622326,-0.4263477550316822,0.21646684568244812,0.7051509,-0.50076354
14.962484991433124,3.747734449084992,1.1225170256057748,0.9366876325967294,-0.2899386978199459,-0.3984810256057748,0.4681914858895174,1.0092527,-0.5614804
15.016697097626126,3.840500153035323,1.0973676343122496,0.836402514494721,-0.2603386846319908,-0.3733316343122496,0.2164691814562607,0.70531094,-0.46127898
15.057356189630806,3.914712716195588,1.0765593141177672,0.8815742668056089,-0.2875363647860181,-0.34844231411776716,0.46805619877545335,1.0082285,-0.5280051
15.111568298440602,4.007478420936887,1.054523979709484,0.9075918278602244,-0.3088101330875677,-0.31947197970948404,0.21647053432740104,0.7054728,-0.47113958
15.165780367482409,4.081690984097151,1.0280337422946473,0.9540666417765907,-0.3144722066572465,-0.2833357422946473,0.46791935978596677,1.0100915,-0.51045644
15.21999243770362,4.155903547257417,1.0051583190122624,0.8693011583193193,-0.2865733493874952,-0.2604603190122624,0.216471902717296,0.70551986,-0.41314438
15.274204550641315,4.2486692512077475,0.98685695423279,0.9003695995325216,-0.3077228617593618,-0.22994695423279,0.4678795982049575,1.0089372,-0.4706705
15.341969600013526,4.32288181515898,0.961323386416771,0.9437922939985719,-0.29758320631538737,-0.18978438641677098,0.21647230033310627,0.70550174,-0.37644687
15.396181674067785,4.397094378319246,0.9414062020787974,0.994948966352591,-0.2997609745211004,-0.15297420207879742,0.467894909007914,1.0099514,-0.4118231
15.450393749301442,4.471306941479511,0.9143897957215092,0.9108086673001525,-0.27511863143316684,-0.12595779572150922,0.21647214722507668,0.70553696,-0.315013
15.518158803957148,4.545519504639775,0.8939621709892535,0.9551730663583597,-0.2621895714273747,-0.0865331709892535,0.4678651373993339,1.0077498,-0.33206505
15.585923858931512,4.6197320685910075,0.8753049727389598,0.9997652221490803,-0.24644031501879132,-0.04694497273895981,0.21647244494116247,0.70530635,-0.23394667
15.640135937998224,4.693944631751273,0.8573209825763489,1.0533917823139995,-0.23688598870954575,-0.006275982576348871,0.46806004521294575,1.0084484,-0.2214098
15.707900995773661,4.768157194911538,0.8390020473906781,0.957060886985491,-0.21672393611130936,0.012042952609321977,0.21647049586302636,0.705201,-0.15798427
15.707900995773661,4.768157194911538,0.8241838208446289,0.9601671601266729,-0.20251871640743105,0.026861179155371118,0.4681490818573315,1.0060254,-0.15480979
15.82987809487492,4.898029181232969,0.8021104337880398,1.0682279074984364,-0.1595732767606861,0.09878656621196014,0.21646960549658234,0.7042412,-0.049955208
15.897643156741402,4.972241744393234,0.7896074109384801,1.0682279074984364,-0.1595732767606861,0.09878656621196014,0.21646960549658234,0.7042412,-0.049955208
15.965408221237732,5.046454307553499,0.7767768053570772,1.0115274940555616,-0.121984164973465,0.15085819464292283,0.46643541350441686,1.007304,0.06958527
16.03317328605272,5.120666870713763,0.7715712822088981,1.0515187073936267,-0.09671010734208767,0.18369971779110184,0.21648674218011155,0.70370126,0.06583395
16.100938308556636,5.176326293083962,0.7685379508743071,0.9644010497687926,-0.08643272024163788,0.18673304912569288,0.4694165196312824,1.0058669,0.13060157
16.168703332166242,5.231985716245129,0.7698059629695498,1.0158610758424855,-0.050291900696644944,0.21375103703045018,0.2164569311188429,0.70331216,0.12630618
16.250021335442835,5.287645138615327,0.7712469853460796,1.056867014533038,-0.0010237482311485622,0.24098701465392047,0.4697456824723588,1.0076181,0.23420021
16.317786405749402,5.361857701775591,0.7756248303875335,0.9565084088541659,-0.011190533840611711,0.23660916961246659,0.21645363949043217,0.70315254,0.17641553
16.385551432970928,5.417517124145791,0.774550345353783,1.0065093169356814,0.03494373593365319,0.2664856546462171,0.46988062650202855,1.0061457,0.2839991
16.45331650719731,5.491729687306055,0.7820319281145939,1.0429701749048035,0.06293282393458123,0.287665071885406,0.21645229005013567,0.70222974,0.26995766
16.521081581742358,5.5659422512572885,0.7918194717541344,0.9431156108926578,0.0488075392268964,0.27787752824586553,0.47066058542489964,1.0044864,0.30663094
16.521081581742358,5.5659422512572885,0.8019894893839962,0.9435632034166954,0.0392136781345524,0.26770751061600373,0.21644449046090686,0.7027295,0.23988377
16.656611735255193,5.714367377577819,0.8150661993399269,1.0157643310791826,0.10709337017420345,0.31048280066007305,0.4702382475560649,1.0059519,0.3732365
16.72437676874228,5.770026799948016,0.8322095203772194,0.9306728096203983,0.10229943023651211,0.2933394796227805,0.21644871383959519,0.70227194,0.3086477
16.805694828667036,5.844239363899249,0.8417313280329114,0.9580752068345376,0.14828055836598192,0.31052067196708866,0.47062495387248804,1.0044962,0.4073284
16.8734599575882,5.93700506784958,0.8577045453712351,0.9815664582126836,0.1685313969659849,0.320145454628765,0.21644484677643083,0.70156443,0.37830332
16.941225041126174,6.0112176310098455,0.8736067492142326,0.8837175906682108,0.1572044213202349,0.3042432507857674,0.4712229742144747,1.0027136,0.41272226
17.022543106284513,6.085430194170111,0.8895442694798119,0.9135388962219676,0.20358138569089992,0.3126167305201881,0.21643886657301104,0.70152277,0.40154856
17.06320227873344,6.178195898911409,0.9063385855034001,0.9549973722960512,0.20798001642165923,0.3187024144966,0.4712582479329601,1.0042961,0.45949033
17.130967413317407,6.27096160286174,0.9233889276906855,0.9799103412989194,0.2354169695975726,0.32299507230931446,0.21643851383582602,0.7010633,0.43144426
17.212285483635632,6.345174166022005,0.944919514916838,0.8769691562849609,0.23669588242545148,0.3014644850831619,0.4716466120925539,1.0024915,0.47140425
17.212285483635632,6.345174166022005,0.9669982983544476,0.8819809482700649,0.21727735436753715,0.2793857016455523,0.21643463019423015,0.7015863,0.38678262
17.334262782142563,6.530705574713636,0.988466837443412,0.9413307476649768,0.2797879754856678,0.29580016255658803,0.47120458781472063,1.0040724,0.49664918
17.388474942698547,6.623471278663967,1.0150636209920054,0.9801590736944031,0.29264543970408147,0.2857663790079945,0.21643905043700862,0.7007412,0.44536865
17.44268715216287,6.7347901234043634,1.0398904861882334,0.8636776309003654,0.25861094298897386,0.2609395138117665,0.4719188470763318,1.0024652,0.45679215
17.496899315814783,6.827555828145662,1.0632378293946387,0.9029332630675765,0.27703872244246197,0.25266417060536117,0.21643190784439226,0.70114654,0.41018125
17.551111480940943,6.920321532095994,1.090699899084866,0.9447553404564414,0.29193473468109216,0.23891210091513404,0.47157630069712864,1.0045954,0.46096665
17.605323695417706,7.031640376836391,1.1190708096697923,0.9717916058112561,0.29762615413049576,0.22306019033020763,0.21643533330818443,0.7008654,0.39970505
17.659535863639785,7.124406081577689,1.1444114564731713,0.8721395585160057,0.28389955783301485,0.19771954352682863,0.4718138974065835,1.0031499,0.42575347
17.70019509907611,7.2357249263180865,1.1711409265175456,0.905784671236219,0.2813451139889007,0.18253207348245426,0.21643295734108992,0.7012737,0.35768494
17.74085438408417,7.3655969118485505,1.200740980543196,0.9237571682767141,0.2694453744222663,0.16373901945680402,0.47146883486054403,1.0046996,0.38551286
17.795066606350655,7.476915757379916,1.2295312577858566,0.9549701564521288,0.27806389798791215,0.1452947422141435,0.2164364079665504,0.7012424,0.32376572
17.82217291143372,7.60678774291038,1.257884987182915,0.9784545553802098,0.2555927079465938,0.127118012817085,0.4714952485748001,1.0063446,0.34360543
17.862832152398468,7.718106588441745,1.2871952315047381,1.0161456297148208,0.2508542559633442,0.10812276849526192,0.2164361438294079,0.70133287,0.27126133
17.903491443377227,7.847978573972208,1.3088607211783525,1.035035885827251,0.24902057881111164,0.09721927882164749,0.4714187780757235,1.0079753,0.3124226
17.93059775199848,7.977850559502672,1.3336774868145582,0.908291061796538,0.21910080820116454,0.07240251318544177,0.21643690853439845,0.70195574,0.22540475
17.944151077488243,8.107722545824105,1.3576776440814136,0.9341871962210576,0.19205926444444882,0.05992535591858639,0.4708923248966046,1.0058565,0.24416363
17.971257387915443,8.237594531354567,1.3797446959093211,0.9568680280781916,0.18099059861194525,0.05044430409067879,0.21644217306618985,0.70211667,0.18005095
17.998363699374607,8.367466517675997,1.3979579979553818,0.9792456544135714,0.17491661587180588,0.046171002044618215,0.4707562528315177,1.0070871,0.21818432
18.02547001186574,8.49733850320646,1.4178018789365887,1.0023054448686177,0.16883274736028106,0.04189712106341137,0.21644353378684067,0.7020714,0.16383411
18.039023340193406,8.627210488736925,1.434957312829792,1.0271133150603708,0.1538963979671989,0.04219468717020791,0.47079447579453504,1.0083126,0.19688517
18.05257671812966,8.775635615848422,1.4538142253831028,1.0271133150603708,0.1538963979671989,0.04219468717020791,0.47079447579453504,1.0083126,0.19688517
18.066130096655602,8.924060742168953,1.4712126975134017,1.0396126148531313,0.12516959968259972,0.04738230248659825,0.21898666479958362,0.71061385,0.13041005
18.079683426604927,9.053932728490384,1.4946927999332549,1.0645153463290447,0.11174706922080124,0.04826620006674509,0.4635490329279417,1.0092366,0.16598386
18.093236757070226,9.183804714020846,1.5107178024575116,0.9357178870268413,0.10040564377524017,0.03224119754248833,0.21651560598587627,0.7030529,0.10414537
18.093237150695558,9.332229841132344,1.5244602245092396,0.9413914787036891,0.08761099020919937,0.04548677549076041,0.4699642381222051,1.0062522,0.15276942
18.09323754432088,9.480654967452875,1.5423070821166043,0.9467408517073402,0.075314389578028,0.05735391788339572,0.21645145393393372,0.70297396,0.10024645
18.093237888743026,9.610526953774306,1.5547906438261274,0.9694980444035477,0.07317607753231767,0.07737135617387247,0.4700315795359744,1.006702,0.16566949
18.10679131905201,9.777505220884901,1.5656458107009534,0.954182929968952,0.09076903581024523,0.1018211892990466,0.21645078051979594,0.70273435,0.14699568
18.09323872519678,9.925930347996399,1.5746669398620727,0.9564970071420377,0.0889241707408327,0.13087206013792718,0.470234104072883,1.0059428,0.22048473
18.106792057652267,10.055802333526863,1.5847549977898603,0.9765202944270931,0.11889015714825023,0.16153100221013972,0.21644875527442697,0.7023179,0.21489793
18.093239512447333,10.222780601428427,1.5962084797024734,0.9580667320497253,0.12727568815736406,0.1933485202975267,0.4705861123571613,1.0054468,0.29894176
18.09323990607259,10.371205727748956,1.6080558563023815,0.957204440740276,0.15518587820079002,0.22708114369761856,0.2164452351915842,0.70195377,0.2952325
18.093240250494688,10.50107771327942,1.6230067198723561,0.9741929488012936,0.186027850081524,0.25973728012764385,0.47089390408960785,1.0052569,0.39532152
18.093240693323082,10.668055981180984,1.6419113699346786,0.953940310420334,0.22212479856019912,0.2901276300653215,0.21644215727425964,0.70132756,0.39625013
18.066135107859356,10.816481107501515,1.661036619096995,0.9491329378840635,0.23732391818748252,0.32158938090300504,0.4714232015443711,1.0041001,0.48439464
18.052582511055544,10.964906234613013,1.6866857865452771,0.9459928238273947,0.2673232621062286,0.34737821345472275,0.2164368642997122,0.70087785,0.4763287
18.03902996271775,11.131884501723606,1.711850195527077,0.9239642174850742,0.30796153483605726,0.374033804472923,0.47180335318602673,1.0029969,0.5807233
18.01192437423178,11.280309628835104,1.7449597352743151,0.9207169334342561,0.3333587192397996,0.39264226472568464,0.21643306278329555,0.69927543,0.58337045
17.99837177532713,11.428734755155636,1.780763813853264,0.7840697896294008,0.317867706485481,0.3568381861467358,0.4731577416015875,0.9996922,0.58145046
17.971266233648628,11.595713023057199,1.8200716924667362,0.7670490435502576,0.3556670174391155,0.36866830753326396,0.21667966863383892,0.6975615,0.61532414
17.93060765045826,11.744138149377727,1.8596355965733535,0.7670490435502576,0.3556670174391155,0.36866830753326396,0.21667966863383892,0.6975615,0.61532414
17.87639607381664,11.892563276489225,1.9023112970590597,0.7633817218637577,0.404524981259941,0.38516770294094016,0.4720246402263244,0.9974922,0.69409144
17.87639607381664,11.892563276489225,1.9470336803793915,0.7807037235850732,0.36999163466142415,0.3404453196206083,0.21855043549339703,0.7048504,0.5945827
17.767972912301364,12.189413529921252,1.9962064546346676,0.766195529648721,0.46172837269260775,0.3827155453653326,0.4684246536634358,0.99463725,0.74918497
17.700208336016612,12.33783865624178,2.042850533127785,0.7653711901892285,0.4888688087878409,0.378281466872215,0.22099941986572857,0.70671266,0.7947758
17.632443756783353,12.486263783353278,2.0939133548736573,0.7694180564140627,0.5193666688647038,0.36678364512634287,0.46682616724517034,0.9925639,0.79279494
17.55112613371629,12.616135768883744,2.149604528546334,0.7877491865657223,0.5308508771332823,0.347846471453666,0.2227677882546022,0.7132138,0.79880416
17.456255514175762,12.746007755205174,2.2069242724776275,0.8011684507676496,0.5344878848675789,0.3243477275223725,0.4613137524006786,0.9971892,0.7660576
17.347831897387785,12.87587974073564,2.27325911551714,0.8123804073133285,0.5249560326386693,0.2888168844828596,0.21891361352375938,0.7041776,0.7118908
17.239408275316297,13.005751726266102,2.344225048124791,0.827093257054781,0.5163268742635752,0.24558295187520907,0.4689896334353295,0.99980617,0.669639
17.117431609571504,13.117070571797466,2.4111534097790726,0.8437899369963647,0.49213684550751113,0.2032855902209274,0.2166250278152797,0.69842243,0.5841861
16.99545493984622,13.228389416537865,2.4709166312217716,0.8564039224796056,0.47715230733826725,0.16504036877822825,0.4738767752536064,1.0028213,0.54836106
16.87347822025439,13.321155120488196,2.5214639130234717,0.8754409186798591,0.4578264060279955,0.13290208697652828,0.21641232856261972,0.6989654,0.47660515
16.737948501485537,13.413920825229495,2.572947598099709,0.8822682354628985,0.43177264256291453,0.09673340190029123,0.47342001302588277,1.0040513,0.45853493
16.60241868988876,13.469580247599694,2.620356106460095,0.9040128159200888,0.3793513105053599,0.061572893539904694,0.2164168961848969,0.70066464,0.35019884
16.493994955639785,13.562345951550023,2.641341257244348,0.9180723587265673,0.3969662680306037,0.04980674275565189,0.4719837534095874,1.0042123,0.40032762
16.37201817758083,13.63655851471029,2.651296190321444,0.9235074112010325,0.40248499170380303,0.04608780967855619,0.21643125878105995,0.70047307,0.3595142
16.25004135383315,13.692217937871458,2.6861520598083715,0.9451334454627704,0.36845955308464867,0.014550940191628392,0.4721455232707139,1.0042822,0.3554801
16.141617479567174,13.729324219451588,2.7195278433710315,0.9828136194307427,0.3235817444487899,-0.018344843371031594,0.21642964108244866,0.70090175,0.25570065
16.046746643164248,13.784983641821787,2.757015155628321,1.0229955483362259,0.2945210475572728,-0.0580871556283209,0.47178322401548556,1.00508,0.2497057
15.93832276516273,13.82208992340192,2.7940342286974165,1.053449026932904,0.24089168037921993,-0.09997022869741645,0.21643326407500096,0.701344,0.13842916
15.843451925811307,13.877749345772118,2.8312198386341314,1.086158914725416,0.20640835252357212,-0.14447183863413127,0.47140938626900963,1.0053524,0.12484402
15.748580999257932,13.896302486562185,2.8517943749576786,0.9939588071800339,0.1746883168652519,-0.1650463749576785,0.21643700245246578,0.70207286,0.047983963
15.653710072188579,13.91485562735225,2.856288421601055,1.027316078198187,0.13799335263856266,-0.17912042160105512,0.47079333204636997,1.0035936,0.03519069
15.558839144603226,13.933408768142316,2.8619104546215373,1.058020975829095,0.09874457765622233,-0.19636045462153717,0.21644316299469213,0.7024824,-0.0342003
15.463968215346288,13.951961908932384,2.8575257943663734,0.9613092648627214,0.09460357350419926,-0.19197579436637335,0.4704471262064168,1.0018114,-0.029191952
15.382650324370887,13.989068191303483,2.8489235055167215,0.9960596283237715,0.09018413805148863,-0.19677250551672154,0.21644662505309165,0.70275897,-0.039685104
15.287779395016436,14.00762133209355,2.8463631474878635,1.0215623652017896,0.05701319362711075,-0.2090991474878634,0.47021333969408174,1.0030196,-0.080912255
15.192908506461881,14.044727613673682,2.8566223658155647,1.0399964710280185,0.02683497077355748,-0.23541236581556468,0.21644896291821492,0.7031242,-0.115283266
15.11159057181179,14.063280754463747,2.855135176647454,0.9567088158660021,0.023201871062565205,-0.23392517664745416,0.4699046026101177,1.0008945,-0.14424887
15.016719639532639,14.081833895253816,2.859054254069924,0.9776810106011907,-0.019688860204558834,-0.2547222540699243,0.21645205028905445,0.7036984,-0.1628297
14.935401744576753,14.118940176833945,2.8602978068403893,1.0043566948849234,-0.04010273537466923,-0.2733128068403894,0.46941928467321103,1.001712,-0.2416524
14.84053085255771,14.156046458414078,2.865542686479165,1.0158176469478595,-0.0700127381628335,-0.2960156864791652,0.2164569034684236,0.7040083,-0.22572803
14.759212955759013,14.193152739994211,2.8568356576468785,0.9279214618929091,-0.04839760130064193,-0.28730865764687863,0.46915732319201764,1.0008537,-0.25993618
14.650788985740427,14.193152739994211,2.857964264685287,0.9354042524731594,-0.11500995065371535,-0.30565626468528695,0.21645952308323568,0.70440865,-0.2768677
14.569471086311873,14.230259021574344,2.8517601833585644,0.9578809874244806,-0.13296530312160157,-0.3161001833585644,0.4688189109060219,1.0041827,-0.3584977
14.48815314775502,14.24881216236441,2.846217636642977,0.9845560776700109,-0.1705153989424214,-0.3263316366429767,0.2164629072060955,0.70456946,-0.34173808
14.3932822514975,14.285918443944544,2.8376975176390253,0.9926217795757655,-0.19248741616757914,-0.3324425176390253,0.46868295840014995,1.0067251,-0.4251111
14.311964311798098,14.304471585525576,2.822949663838371,0.9123157042282096,-0.1856839043679861,-0.31769466383837086,0.21646426673115426,0.7048185,-0.35253194
14.230646410355506,14.341577867105709,2.8220218633394683,0.9314768251963824,-0.21209973842368654,-0.3300278633394682,0.4684724673471974,1.0064412,-0.44336024
14.135775472966385,14.360131007895776,2.8148798221815365,0.9444323241530349,-0.2556111381442055,-0.33458882218153674,0.2164663716416837,0.70509034,-0.42916554
14.054457568746518,14.397237289475909,2.8102986122574647,0.8566279521371762,-0.24264333231486296,-0.3300076122574649,0.4682426742338084,1.0063171,-0.4738258
13.986692661529155,14.434343571056042,2.808748830622061,0.887648724343354,-0.26598622738991107,-0.3384578306220609,0.21646866957281774,0.7052693,-0.44300088
13.905374756769497,14.471449852636171,2.7991020659264163,0.907754958492082,-0.2871324234694355,-0.33700206592641635,0.46809141781073904,1.0085897,-0.51978314
13.810503854246411,14.508556134216304,2.7730348379071783,0.9202498120834104,-0.29813224347807465,-0.3172448379071784,0.21647018213704838,0.70539254,-0.45920914
13.729185910308534,14.52710927500637,2.757369226431472,0.9499224679349465,-0.330905867044764,-0.305966226431472,0.46798722188506614,1.010622,-0.54077303
13.634315004897601,14.564215556586504,2.7436009312327925,0.8525511892996697,-0.3203589137935104,-0.2921979312327925,0.21647122409630515,0.70568687,-0.4661026
13.525891139329692,14.619874979747669,2.727264811238272,0.9524886070215782,-0.3610004579497772,-0.278822811238272,0.4677384470599849,1.0116054,-0.551929
13.525891139329692,14.619874979747669,2.7167822917457647,0.9562204012800212,-0.35099632664991065,-0.2683402917457647,0.21647371184455588,0.70565456,-0.47734132
13.363255355830894,14.712640683698002,2.7015327355917513,0.8837622993982835,-0.34974579856286137,-0.25168273559175125,0.467765726821582,1.0101273,-0.5250175
13.28193748048254,14.7683001060682,2.6875046341028033,0.9004820383486674,-0.3490811974575665,-0.23435163410280335,0.21647343904693994,0.70580673,-0.4551901
13.200619566753751,14.805406387648333,2.667048931559545,0.9281323940640542,-0.358036161488845,-0.20872593155954489,0.467637115631532,1.0109887,-0.5044535
13.105748691393726,14.86106581001853,2.654330485826355,0.9330985363756218,-0.36255435738287534,-0.18900348582635518,0.2164747251588407,0.70586395,-0.43814462
13.02443081217546,14.916725233179697,2.6397322677727755,0.951006983061618,-0.35773212854276915,-0.16559626777277536,0.4675887403100507,1.0112365,-0.47599313
12.929559933830078,14.972384655549897,2.611926137572151,0.9619233041579847,-0.34529231487713985,-0.1272011375721509,0.2164752089120554,0.7057908,-0.38136694
12.848242051847587,15.028044077920093,2.5902262124326048,0.9824163277752335,-0.3299569812267566,-0.09315421243260458,0.46765054874216916,1.0101075,-0.39740565
12.766924133819666,15.065150359500226,2.5616321411635696,1.0149671230917336,-0.32090846184119076,-0.050470141163569515,0.21647459082773413,0.70563555,-0.30506694
12.685606248249062,15.120809781870426,2.53217555700801,1.037310052978437,-0.2923622739912981,-0.005191557008009884,0.46778178847430807,1.0078267,-0.27937216
12.604288362507226,15.176469204240625,2.5059258422162354,1.0577653002820617,-0.2642162905534685,0.038608157783764696,0.21647327843041264,0.7051754,-0.1768198
12.522970509493758,15.250681768191857,2.4867833657469567,1.064117180951353,-0.22600035832885246,0.07702663425304346,0.4681707163836949,1.0085186,-0.11762304
12.428099656210632,15.324894331352123,2.463206428429108,1.059196519248889,-0.1891032964379462,0.121604571570892,0.21646938915131886,0.704427,-0.053937647
12.373887763157722,15.380553753722321,2.445847978955131,0.9850322328402411,-0.16271435439469958,0.13896302104486935,0.4688032959559748,1.0064797,0.011838208
12.306122903964063,15.454766316882587,2.429476473173122,0.9970977901295508,-0.11499493271507835,0.17805952682687787,0.21646306335559606,0.70393705,0.04953664
12.224805043234571,15.52897888004285,2.420628887126217,0.9963814518248594,-0.08084832230358738,0.21135211287378297,0.4692174627807846,1.0064502,0.15274845
12.224805043234571,15.52897888004285,2.4147994929831427,0.9968358165044819,-0.07503868131678539,0.21718150701685746,0.21645892168734793,0.7035471,0.11095209
12.197699244446454,15.640297725574214,2.410624451260077,1.0098748085518798,0.021005053794116345,0.24751154873992265,0.4695470742138108,1.0063932,0.25819322
12.102828480945181,15.770169711104677,2.41673644005786,0.9592397014733919,0.07850751047686103,0.26924255994213997,0.21645562557301778,0.7024321,0.2703597
12.0350636149331,15.844382274264943,2.421742721097538,0.9651506289883801,0.11671414118335253,0.2937322789024619,0.47048952024370205,1.0048342,0.36972362
11.92663981327392,15.955701119796311,2.4294366959575506,0.9156303180203309,0.15697046687704022,0.3171353040424494,0.21644620111271884,0.7018635,0.36964265
11.858874943502496,16.029913682956572,2.4446625113580316,0.9156303180203309,0.15697046687704022,0.3171353040424494,0.21644620111271884,0.7018635,0.36964265
11.858874943502496,16.029913682956572,2.4542735251318604,0.9237511327470398,0.18357411094119488,0.32492247486813985,0.4684249264111142,1.0035102,0.44651034
11.79111010316617,16.122679386906903,2.4654324256163025,0.9178202177026136,0.24054131435744996,0.3478165743836974,0.21646684705104458,0.70125437,0.45740452
11.655580260794347,16.215445091648206,2.478961317790665,0.8591052755595658,0.25739240326794655,0.36964268220933505,0.47148481829381683,1.0014923,0.54168296
11.574262385077395,16.28965765480847,2.506522139562286,0.8579862310691092,0.28553785358003986,0.37858386043771386,0.2164362481322174,0.7003549,0.52842903
11.492944476337238,16.345317077178667,2.5372957887779846,0.8691321458219345,0.2996866821961932,0.38527421122201533,0.4722453720843882,1.0015709,0.5859183
11.411626566270249,16.400976499548864,2.5712926998268735,0.8814857117513077,0.31444426201227205,0.3894873001731267,0.21642864259431183,0.6995988,0.56583583
11.316755652972045,16.456635921919062,2.5997493348549976,0.8809114086191483,0.33059354156904575,0.3997436651450026,0.47288448752486734,1.0017133,0.6204648
11.235437740140842,16.51229534508023,2.6292181959282526,0.8926612912823663,0.3567508112501793,0.4092208040717473,0.21642225143990712,0.6993332,0.6440578
11.140566825012883,16.56795476745043,2.6587856527697222,0.7929502424710148,0.3354568368710251,0.37965334723027766,0.4731090338565932,0.9997116,0.6124001
11.045695878299105,16.60506104903056,2.682094234330572,0.8004119732685062,0.35034740914866513,0.395236765669428,0.21666378300335365,0.6984465,0.63881356
10.950824930553356,16.642167330610693,2.7126376585196623,0.8102671585417078,0.36321409045866687,0.40322534148033773,0.47385603516632324,0.9994223,0.6600439
10.855954010141895,16.69782675298089,2.747164703113951,0.8147077925225129,0.3935964635104895,0.40655660406563543,0.21690079530290052,0.69808567,0.70588344
10.747530058772568,16.734933034561024,2.7758028871845375,0.8124034294469457,0.4105740547961468,0.41478441999504856,0.47415865080898756,0.99843955,0.72053003
10.652659107599185,16.772039316141157,2.806186257703222,0.8240392349176947,0.43476482387069,0.41995704947636403,0.2177283944031968,0.6993973,0.77412343
10.544235153944772,16.809145598512256,2.8443154368828902,0.8272709122808458,0.45169763973994603,0.41576387029669615,0.47304176616930427,0.99814034,0.7621926
10.462917173703461,16.827698739302324,2.8743650833796623,0.7571378982692768,0.4230601907381573,0.38571422379992404,0.2179924586152382,0.6984804,0.725711
10.35449321697692,16.864805020882457,2.9102055711578485,0.761258010227342,0.44847283498603374,0.38188273602173783,0.4738140835769271,0.9951891,0.73639417
10.25962223395973,16.883358161672522,2.952401495976365,0.7870010892819223,0.456682908129793,0.3694758112032215,0.2204791300894745,0.70748866,0.73733485
10.17830425205989,16.90191130246259,2.9942527843546034,0.827087903912255,0.46861932457380917,0.3549055228249829,0.4661755046518318,0.9988133,0.7218622
10.06988023899319,16.90191130246259,3.024861850542939,0.8383922320772911,0.4686567501812998,0.34879245663664715,0.21749235854552684,0.7006439,0.71306723
9.961456251860234,16.920464443252655,3.0617996628116733,0.8510212851355127,0.4837350762563624,0.333289644367913,0.47199053017786274,0.9996901,0.7142792
9.866585240168876,16.920464443252655,3.092493004901327,0.8762908856670423,0.4878046080533206,0.32069530227825904,0.21669310396277686,0.6998676,0.69301546
9.758161226807323,16.920464443252655,3.1313179924618377,0.8920548021962174,0.4846484244052689,0.2963533147177486,0.4726546401026056,1.0015907,0.67379177
9.663290267672986,16.957570724832788,3.1662299343477858,0.8144997383554177,0.49264820622738387,0.2614413728318006,0.21642454991412974,0.69832224,0.6495814
9.663290267672986,16.957570724832788,3.2111081805359496,0.942978322460209,0.4803881209431847,0.22714512664363662,0.47396346471581485,1.0044429,0.59593225
9.432889236870976,16.957570724832788,3.250725828660644,0.9452629644468024,0.5097956608862644,0.19577247851894208,0.21641146166799763,0.6972174,0.5779261
9.33801822466363,16.957570724832788,3.285811866177238,0.8686781392423926,0.4899580207069697,0.16068644100234808,0.4748973941037722,1.003055,0.55587095
9.33801822466363,16.957570724832788,3.3179890995751986,0.9898938003280982,0.4751218357498255,0.12553720760438747,0.21640212237411804,0.69908875,0.47194394
9.14827615049299,16.920464443252655,3.3493398417066707,0.9159106453960584,0.4557375735318121,0.08604646547291539,0.4733158335326113,1.0044532,0.46990106
9.053405088406073,16.883358161672522,3.385481554968275,1.0366092848056228,0.4147330734988191,0.016868752211311566,0.21641793797982956,0.6999777,0.3492585
8.958534052868716,16.864805020882457,3.4174947507213727,1.053480526001689,0.3852565575419475,-0.04056044354178656,0.47256434440380035,1.0053226,0.333123
8.850109992257442,16.827698739302324,3.4420827506016862,1.0466244555176303,0.3463306043401302,-0.09669244342209993,0.2164254528711178,0.7005229,0.22672924
8.741685956597854,16.809145598512256,3.458724826676763,1.0399373462670165,0.33036972461816444,-0.15096051949717681,0.4721034656872479,1.0029423,0.22409692
8.646814899425872,16.772039316141157,3.4687227014731534,1.0358692261505864,0.29572577936918054,-0.20439239429356704,0.21643006165828327,0.70098627,0.12276005
8.551943842130267,16.734933034561024,3.4821746497880595,1.1205860694896062,0.22337800461699295,-0.319584342608473,0.47171178442556705,1.0014734,-0.01258785
8.457072787022236,16.69782675298089,3.492543510524548,1.1092728196644743,0.1736249905648032,-0.38618951052454786,0.21643397847090018,0.70173883,-0.086603425
8.348648731791975,16.660720471400758,3.5020812177564866,1.0825391616497126,0.12452475549192915,-0.4536982177564868,0.4710756781485508,0.9973435,-0.2807801
8.348648731791975,16.660720471400758,3.5093805473949677,1.083419261986133,0.1166196981346214,-0.4609975473949679,0.21868561713355383,0.7095094,-0.20140803
8.267330702384417,16.642167330610693,3.5075000097416265,1.0850073007686971,0.08242268951638976,-0.5172310097416264,0.4644855396447207,0.998805,-0.38324773
8.11824762270727,16.586507908240495,3.515185702275477,1.0090618311173944,0.02238903760277671,-0.5815837022754771,0.21751626067683782,0.7061896,-0.40485224
8.023376550203084,16.530848485870294,3.5140572365373304,0.9818214027090841,-0.05367344329717897,-0.6342232365373306,0.46730311232887156,1.0017078,-0.64130664
7.928505522368684,16.51229534508023,3.4975047827511956,0.9686891408824111,-0.08596767894279564,-0.6673417827511954,0.21647806519186719,0.70316535,-0.59287953
7.82008147296171,16.47518906270913,3.4874774564802578,0.9365010087165334,-0.14339455658772654,-0.7019994564802579,0.46986955106899564,1.0046607,-0.78824186
7.711657424734133,16.438082781128998,3.470597518682473,0.8241902228519048,-0.12765089700931534,-0.6851195186824732,0.21645240080446593,0.70344967,-0.671712
7.616786377168579,16.400976499548864,3.449996489882463,0.8090131602890898,-0.18850360917001646,-0.7036394898824629,0.46962950673794435,1.0027473,-0.7714709
7.535468332355105,16.363870217968735,3.432391134649509,0.8092137273850624,-0.26139076336594497,-0.7192891346495087,0.21645480124777627,0.68807906,-0.7631581
7.440597308169473,16.345317077178667,3.405667069107288,0.7194844389326044,-0.23282166575221092,-0.692565069107288,0.4826206471380886,1.0005155,-0.7402684
7.345726284499829,16.3267639363886,3.3716942192614026,0.7211531725479646,-0.27897394333109177,-0.6859002192614025,0.21632488984377496,0.6786465,-0.7237724
7.250855260190575,16.308210795598534,3.328405590504402,0.7310529005689591,-0.3225941331644731,-0.6640425905044021,0.490594296332606,1.0005385,-0.76315606
7.142431237135823,16.28965765480847,3.293211909979576,0.731284585492306,-0.3732882814871696,-0.6445699099795759,0.2162451533518297,0.67098284,-0.71925277
7.0340072146707735,16.2711045140184,3.2565524317324095,0.7384711157979525,-0.4260643754506707,-0.6181344317324093,0.49707238884448957,1.0005195,-0.780631
6.925583192795425,16.252551373228336,3.2284129890799456,0.7484217540692462,-0.48720732889945273,-0.5949479890799454,0.21618037242671095,0.6623916,-0.7151011
6.817159190048474,16.252551373228336,3.2021592040359907,0.6527282097105509,-0.4608299315685659,-0.5686942040359906,0.5043343074342035,0.9987697,-0.7288804
6.708735186145925,16.252551373228336,3.166747764497989,0.6745567813517866,-0.5021702610900387,-0.5331777644979887,0.21714759651616644,0.6623851,-0.67182267
6.600311183398975,16.252551373228336,3.13986374780535,0.6975860807924895,-0.5488183870027685,-0.5013147478053503,0.5043301263476625,1.000947,-0.7341216
6.505440180995394,16.252551373228336,3.109189834147685,0.7413995629826391,-0.5908915682555578,-0.46093683414768494,0.2161077950516792,0.66329455,-0.7186769
6.410569178591811,16.252551373228336,3.0881261853873663,0.7841373084148928,-0.6369567519428191,-0.42554718538736624,0.5035718635079238,1.0065898,-0.77442783
6.3021451918274245,16.2711045140184,3.0602819445729184,0.6919939694833652,-0.6051934410366531,-0.3977029445729183,0.2161153776800765,0.6634434,-0.69272673
6.207274189165849,16.2711045140184,3.032435991317027,0.7438962413356704,-0.6434882467882557,-0.35097199131702705,0.5034459949071348,1.0068399,-0.74320495
6.085297202292285,16.28965765480847,3.0057044667005473,0.7694033473213527,-0.662449855029724,-0.30082246670054724,0.21611663636608436,0.6770612,-0.7196696
6.003979216117121,16.308210795598534,2.978707231283182,0.8373875823642123,-0.6698518312058704,-0.24586223128318174,0.4919362709072337,1.0136685,-0.75457835
5.895555212485621,16.308210795598534,2.946943283975118,0.8865895846374675,-0.688625103389187,-0.18155728397511828,0.2162317336060835,0.70363873,-0.7365429
5.800684223926939,16.3267639363886,2.917460421025747,0.9447883347296715,-0.6807576012491677,-0.11490842102574694,0.4694719157804811,1.0189093,-0.7253889
5.692260250959847,16.363870217968735,2.896981464028353,0.9784692853312461,-0.6585850127253775,-0.0525954640283528,0.216456377157351,0.70728457,-0.6026546
5.6109422628313,16.382423358758796,2.868011021167034,1.046367205876719,-0.6310381837274929,0.022894978832966206,0.4663882249564453,1.0149322,-0.55360746
5.502518272984041,16.400976499548864,2.845278614610428,1.0813929352520173,-0.6083755944940388,0.09680338538957223,0.21648721406559146,0.7069709,-0.41898793
5.421200298639735,16.438082781128998,2.8229163983464183,1.1326344864451734,-0.5518856998948831,0.17488660165358194,0.4666530537007867,1.0094794,-0.3433964
5.326329321469638,16.47518906270913,2.79206088393926,1.1696148101473418,-0.4810038546373372,0.2657911160607398,0.21648456577814779,0.7058879,-0.16548464
5.217905343563807,16.51229534508023,2.7808436660282254,1.1781654485246664,-0.42961043528314136,0.34102733397177465,0.46756839012358087,1.0099968,-0.033191252
5.123034365411644,16.549401626660362,2.7738512865826426,1.1921290585280178,-0.37105357688122964,0.41549502059694365,0.21647541241392,0.70465183,0.036003496
5.028163386227505,16.586507908240495,2.769117879653343,1.1996254049440498,-0.30789925151609143,0.49047942752624296,0.4686132115561751,1.0094402,0.19074976
4.946845405936286,16.623614189820625,2.7645220032799926,1.2138027398192701,-0.23281001846343038,0.5672693038995935,0.21646496419959416,0.7032067,0.26066262
4.838421423607704,16.660720471400758,2.7699173280131,1.1949151383836267,-0.17276751069846374,0.635058979166486,0.4698347200502814,1.0080421,0.40807214
4.743550441327638,16.69782675298089,2.7775259004626345,1.0917005390835397,-0.18096122545113694,0.6274504067169517,0.21645274911465318,0.70313025,0.36665082
4.635126456713967,16.734933034561024,2.7903889654669833,1.0674964381326635,-0.12122039066858938,0.6877463417126028,0.46989947661430276,1.00445,0.4946641
4.635126456713967,16.734933034561024,2.810803249636657,1.0647995543991264,-0.14298579471818484,0.6673320575429291,0.21645210154901273,0.70301825,0.4536389
4.5402554599493925,16.753486175351092,2.8336346727702684,1.055853523203585,-0.09938833133658702,0.7166166344093177,0.4699941425306057,1.0039454,0.5393039
4.350513475547542,16.809145598512256,2.858035757848984,1.0245860875335537,0.0480991434620374,0.829635549330602,0.2164511548898499,0.70224285,0.832708
4.25564250012274,16.864805020882457,2.886137287029987,0.9196764279176296,0.04917211808235558,0.8015340201495991,0.4706495137126695,1.0002627,0.79642284
4.187877515101781,16.90191130246259,2.9225602889154016,0.9293371165521256,0.12736243435167904,0.8289130182641844,0.2164446011780291,0.69683087,0.94308007
4.187877515101781,16.90191130246259,2.956866900930172,0.9331587980759439,0.0954113382091696,0.794606406249414,0.47522376120393184,1.0006038,0.82817125
4.106559516469199,16.920464443252655,2.997668860563999,0.8531357660680285,0.06396586983246638,0.7538044466155869,0.2163988587031166,0.69758564,0.77416515
3.9032645114898923,16.957570724832788,3.0442939308378762,0.8230997777826022,0.21848536728328308,0.8224613763417099,0.4745862875499641,0.98558503,1.0062512
3.794840507858391,16.976123865622856,3.091297504911191,0.7232368678993577,0.1926484481106324,0.7754578022683951,0.22858869437861995,0.7256766,0.98993087
3.699969495393051,16.976123865622856,3.1423854571673933,0.7272899891095135,0.24377434418859523,0.7753328500121928,0.450722048339836,0.97794217,0.9935173
3.605098473123946,16.957570724832788,3.182837816784149,0.7313791860836355,0.2891753554706739,0.7812704903954373,0.23528705014824114,0.7444267,1.1147418
3.510227459761002,16.957570724832788,3.2391308713052314,0.7445573687077527,0.3459202103897798,0.7668284358743547,0.43480754293997537,0.9737638,1.0991347
3.4153564382658796,16.93901758404272,3.29459560454822,0.6659985960338509,0.3002353353434219,0.711363702631366,0.23897771273750978,0.75519204,1.0427253
3.374697460676351,16.994677006412918,3.3441339853498984,0.651417221245195,0.329588610571291,0.6618253218296877,0.4256718439276662,0.9727886,0.9589341
3.225614431910752,16.976123865622856,3.3985934305284067,0.6229308821500451,0.3913799013009201,0.6447778766511796,0.2398933474114332,0.75602025,1.0449338
3.1307433927484274,16.920464443252655,3.446486531207327,0.6389823652940448,0.4132234361697826,0.6300067759722592,0.4249626913447453,0.97204924,0.9884201
3.0358723645454653,16.883358161672522,3.502842079708342,0.6671645993499212,0.4495565057984518,0.6026552274712444,0.2405253222271938,0.759899,1.0440171
2.954554346931912,16.864805020882457,3.559726034710173,0.7201970449835773,0.4978573178074616,0.5708482724694135,0.4216780516923395,0.97827697,0.9956522
2.859683320461194,16.827698739302324,3.6150046023819487,0.7581038530083553,0.5347114657794847,0.5369147047976375,0.23529451934403367,0.7465404,1.0493788
2.859683320461194,16.827698739302324,3.6612881183717287,0.7820314984086111,0.499063662350748,0.4906311888078574,0.43302097911325843,0.9857744,0.9019022
2.778365296434652,16.790592456931222,3.716712554106478,0.7200572419685722,0.4680707284363831,0.4352067530731083,0.22884429794572536,0.72872597,0.85574114
2.6563882608977702,16.734933034561024,3.7696768671367207,0.7332974654525997,0.5070422493625719,0.4000504400428655,0.44814217618735597,0.98727214,0.81082726
2.575070232079914,16.679273612190826,3.823698519477609,0.7838917936499273,0.5209456559147493,0.3604967877019769,0.2274271985750007,0.72808444,0.80308867
2.5073052056693768,16.623614189820625,3.880495721707109,0.8485887962011096,0.5204988170947243,0.3150195854724771,0.4486985608903128,0.9991222,0.73311144
2.4259871727973312,16.549401626660362,3.931381849059823,0.8888960339101367,0.5170680180934003,0.27249845811976314,0.21740602107474838,0.7016344,0.674768
2.3582221360670403,16.456635921919062,3.98410651833749,0.9261117278596248,0.4871182467212764,0.22537778884209647,0.4711542192126734,1.003804,0.60377175
2.2633510938955554,16.345317077178667,4.032364374110462,0.9280425958972861,0.4685434729930261,0.1801619330691242,0.21643955412302895,0.6984199,0.5224161
2.1955860602481354,16.252551373228336,4.073423346290352,0.9570695309638154,0.44678002122083477,0.13978296088923425,0.47388074584816975,1.0055275,0.50060034
2.141374029758214,16.159785668487036,4.11516987145877,0.9926211556855813,0.41121121770864166,0.09656443572081619,0.21641228885667396,0.70011145,0.39417326
2.0871620064184064,16.08557310532677,4.149978114971876,1.0387396225339485,0.38995649350968786,0.058348192207709815,0.472451353643935,1.007263,0.39533976
2.03294997872956,15.992807401376439,4.170067722806693,0.9389283235674563,0.3675658874864469,0.03825858437289309,0.2164265827787164,0.70068026,0.32595938
1.9787379525149633,15.90004169742611,4.195499978670836,0.963621544408646,0.345806459794366,0.007708328508750473,0.4719704576221755,1.0047653,0.33227044
1.9245259277746167,15.807275992684811,4.215460990378618,0.9848077026588941,0.3276371397504809,-0.018853683199032023,0.2164313917389339,0.70086974,0.25866234
1.883866903783058,15.714510288734479,4.234265579441547,1.0103223269629913,0.29698645118023653,-0.04550727226196072,0.47181025926018594,1.0050601,0.2595441
1.8025488787245358,15.603191443994083,4.25090992734766,0.9985621877440491,0.29488646179801614,-0.0710146201680737,0.2164329937225541,0.7010951,0.20103407
1.7754428564768827,15.510425739252781,4.2682307489309315,1.026131025843396,0.2505607669152684,-0.09798344175134543,0.4716197656751102,1.0046374,0.19031683
1.7212308317603369,15.399106894512386,4.28310001761651,1.022722740847102,0.22379284663329668,-0.12306271043692396,0.2164348986584046,0.70158505,0.11183315
1.7076778145367983,15.324894331352121,4.303740574726819,1.0690564335518264,0.1676358323673529,-0.15426926754723302,0.47120564305889934,1.0051008,0.08802527
1.6805717946848016,15.232128627401789,4.315126027772186,0.9748670786793369,0.14455796314355915,-0.16565472059259934,0.2164390398845667,0.70237446,0.023538534
1.6399127774379367,15.13936292266049,4.323114752108213,0.9888330922549575,0.11789886659501744,-0.18437244492862703,0.4705384012038891,1.002591,0.0053600734
1.59925376129676,15.046597218710161,4.333567744689045,1.00178661184445,0.0874657217650259,-0.20554743750945903,0.21644571230311704,0.7027603,-0.047194738
1.572147748300028,14.972384655549895,4.341232130089758,1.0354732834358402,0.05262957561065751,-0.22378182291017223,0.47021224051519805,1.0029858,-0.09682765
1.517935732331469,14.861065810018529,4.340998142841256,1.0234181432276184,0.03646268412920178,-0.23384483566167003,0.21644897391000373,0.70310247,-0.10602817
1.4772767195073553,14.768300106068198,4.351288316617704,1.0330803260951007,0.0025011248876494314,-0.25406300943811777,0.4699229903106499,1.0023401,-0.17823681
1.4772767195073553,14.768300106068198,4.35520704751367,1.0330821950914035,-0.0015472477470026096,-0.2579817403340843,0.21645186641204917,0.7033802,-0.15147139
1.436617707788929,14.675534402117867,4.356936124041661,1.0417877280019958,-0.027800865365592696,-0.2691998168620744,0.4696882019426205,1.0022882,-0.22406286
1.3824056926312065,14.545662415796436,4.358506214269422,1.0105069354401532,-0.05501399806472055,-0.2797729070898356,0.21645421429572942,0.7038988,-0.20470151
1.355299680297886,14.452896711846106,4.3493076164601225,1.0239828241624618,-0.08465987160230375,-0.27906430928053627,0.4692498936667504,1.0035046,-0.2874557
1.3281936687016906,14.360131007895774,4.342946480377562,0.9282060839991558,-0.08636465993703701,-0.2727031731979759,0.21645859737848827,0.704316,-0.22864878
1.2875346532845824,14.230259021574343,4.333948339964248,1.012387750121305,-0.15013618102066578,-0.2791130327846618,0.46889720689578085,1.0055056,-0.35009018
1.2468756473525895,14.13749331762401,4.328092456585712,0.9120066223595771,-0.14129029813006874,-0.2732571494061258,0.21646212424619793,0.7046412,-0.28177047
1.2062166425262846,14.04472761367368,4.325204875464536,0.9209263730078968,-0.1672775529906606,-0.2773015682849498,0.46862231164404466,1.0046794,-0.36692128
1.1655576388056672,13.951961908932383,4.321466177166426,0.9302302115290125,-0.19320379380619657,-0.2799988699868394,0.21646487319871532,0.7048661,-0.3350937
0.9893686318724892,13.525239669969888,4.317121922415666,0.9118646734646217,-0.3226361400801733,-0.2967666152360797,0.4684322096097828,1.0097469,-0.52774954
0.9487096341963003,13.43247396601956,4.310770399798623,0.9243405920089282,-0.34957366502466075,-0.29457109261903724,0.21646677421905802,0.7056618,-0.493607
0.9080506351564287,13.321155120488195,4.306233475920728,0.9199638885749327,-0.3859959435913995,-0.2937321687411423,0.46775970051272886,1.0119721,-0.58596337
0.8673916398021847,13.228389416537864,4.290939314481787,0.9379306068157698,-0.4055559344894836,-0.2816540073022007,0.21647349931002835,0.70595443,-0.5383388
0.8267326443980317,13.135623712587533,4.276322770905666,0.8424998953123318,-0.39413176899736363,-0.2670374637260795,0.4675122794280909,1.0110073,-0.5779474
0.7725206593887383,13.061411149427268,4.2613304108800225,0.8729168972720408,-0.3949705816621512,-0.25475010370043627,0.2164759735208749,0.7060832,-0.5127028
0.7318616674252716,12.968645444685967,4.245945327919893,0.8939420738316957,-0.4155179917506165,-0.24151802074030648,0.46740343915016735,1.0124483,-0.58096063
0.6912026765674936,12.875879740735638,4.231485102516584,0.9161822941727549,-0.43672499507649,-0.22861279533699763,0.21647706192365412,0.7062367,-0.5346385
0.6505436868154036,12.783114036785305,4.214591101226383,0.9411751041372209,-0.45537421029246783,-0.212620794046797,0.46727365566416734,1.0144322,-0.5994917
0.5827787116350729,12.690348332044007,4.20044884656089,0.9533703847875854,-0.4525263848030088,-0.19866853938130324,0.21647835975851415,0.70627713,-0.529559
0.5421197244629227,12.597582628093676,4.181132855755264,0.8613545293742869,-0.44596946159397327,-0.1793525485756775,0.46723948669818793,1.012834,-0.5705984
0.4879077454980588,12.504816924143345,4.163169761938031,0.8613545293742869,-0.44596946159397327,-0.1793525485756775,0.46723948669818793,1.012834,-0.5705984
0.43369576918684744,12.43060436098308,4.144159815949377,0.9232334792079777,-0.4471023859690364,-0.14036850876979035,0.2189863093006741,0.7145806,-0.48870805
0.36593079930076833,12.337838656241779,4.1267990796686975,0.9404254450290404,-0.4408808695451025,-0.12067277248911124,0.46019635929587577,1.0131264,-0.51940507
0.3117188247955148,12.24507295229145,4.108181889099059,0.9669576554666417,-0.44383076024503537,-0.098744581919473,0.216549132722197,0.7065569,-0.45694947
0.257506852464782,12.170860389131187,4.091678490084586,1.0091091382506632,-0.4367765076396909,-0.07788818290499977,0.46700230668840437,1.0127252,-0.4767095
0.17618889713832353,12.09664782597092,4.0834617524268,1.0327869896318131,-0.4145980329410464,-0.0642124452472137,0.21648107324827182,0.7060671,-0.39948198
0.1219769271295368,12.003882121229621,4.073179110218761,0.9302039770141464,-0.4157882122599965,-0.05392980303917483,0.46741699009487014,1.010111,-0.43665794
0.05421196687600091,11.91111641727929,4.061252129753111,0.9493753180543933,-0.41155900656387207,-0.03537482257352487,0.21647692641420713,0.7062259,-0.37113014
-0.01355299157157689,11.836903854119026,4.047910372097968,0.9847293832129783,-0.3931183429195218,-0.014176064918382192,0.46728282573570534,1.0091693,-0.3797558
-0.08131794970050071,11.762691290167792,4.030480559547425,1.0221879814738908,-0.368434133917882,0.012393747632160945,0.21647826805779857,0.7058817,-0.2882414
-0.16263589603402503,11.669925586217463,4.01516081430483,1.0362620843104111,-0.34491729939887467,0.03818949287475659,0.4675736923673236,1.0074828,-0.2867637
-0.16263589603402503,11.669925586217463,3.9966349765704874,1.0424737797882684,-0.3256615870162325,0.056715330609098835,0.21647535939148255,0.70562744,-0.20855013
-0.298165801135168,11.502947319106866,3.985602783379137,0.9635547961772856,-0.31324814369936127,0.07960852380044914,0.467788632137222,1.005563,-0.21258998
-0.37948374245623684,11.428734755155634,3.966829212945878,0.9923379351052983,-0.2708161814037877,0.11167409423370822,0.2164732099937835,0.7052554,-0.12135378
-0.4472486913948918,11.354522191995368,3.9529350386233917,1.0285221885935638,-0.24016906920527328,0.14033026855619468,0.4681031103786796,1.0073451,-0.06503699
-0.5285666304807791,11.280309628835102,3.9409982087882156,1.054481373393699,-0.1986710616152342,0.16853609839137063,0.2164700652113689,0.704403,-0.023780588
-0.5963315747018286,11.187543924884771,3.9381745095038703,1.074477744306534,-0.18660953076988737,0.18916879767571615,0.46882359135321394,1.0085907,0.04771706
-0.6776495090202016,11.11333136093354,3.935043704253613,1.0981645802596316,-0.14874504891512158,0.21167260292597323,0.21646286040162366,0.7037857,0.046721306
-0.7725204315562275,11.039118797773275,3.9442074565263385,0.9774645503449423,-0.14213814869186342,0.20250885065324775,0.46934537344246996,1.0061166,0.1000629
-0.8402853700645515,10.946353093822944,3.95277141727972,0.9956641561481978,-0.13613621701557602,0.21490488989986645,0.2164576425807312,0.70398927,0.062770344
-0.9216032988544802,10.872140530662678,3.953932059523642,0.9956641561481978,-0.13613621701557602,0.21490488989986645,0.2164576425807312,0.70398927,0.062770344
-1.0029212243035384,10.779374825921378,3.9565849051857294,1.0279146179473655,-0.06942891805877649,0.25781040199385696,0.46664622880682516,1.0068481,0.19594546
-1.0842391493341248,10.705162262761116,3.959711985182941,1.050003212695626,-0.02598418923691659,0.2804423219966452,0.21648463402708762,0.70296735,0.19640487
-1.1655570694259676,10.612396558810785,3.96747019097674,1.0579084557394642,0.003432018474193796,0.30002111620284655,0.47003683964452225,1.0071701,0.28417322
-1.2468749873064322,10.519630854069485,3.972006112323136,0.9345778609886671,-0.003913878953440839,0.2954851948564503,0.21645072791871056,0.70302194,0.22950555
-1.341745891746016,10.426865150119154,3.984052549586624,0.933147498816111,0.03620073951983618,0.31232375759296227,0.46999103285801025,1.0039823,0.32448584
-1.4230638011495322,10.315546305378755,3.996304853470058,0.9265057836823944,0.05774822879300298,0.3304554537095281,0.21645118598657564,0.7025256,0.3044152
-1.5179347015111189,10.222780601428425,4.0092624418297715,0.924575400330927,0.10529758935857554,0.3493118653498146,0.47041052224341173,1.00341,0.4067056
-1.5992526056073266,10.11146175589706,4.025702860043378,0.9172438011880018,0.1317304271305071,0.3660284471362085,0.21644699109272159,0.701928,0.38920838
-1.694123494972683,10.000142911156663,4.043993027196258,0.9172438011880018,0.1317304271305071,0.3660284471362085,0.21644699109272159,0.701928,0.38920838
-1.7889943812421096,9.888824065625297,4.067434506849378,0.8862424122784909,0.21243640175169648,0.39416780033020826,0.4683709630523092,1.0020128,0.52476716
-1.8838652644156064,9.7775052208849,4.091584206209511,0.8719343221550689,0.25785834151207115,0.40643310097007523,0.21646738668463283,0.7008722,0.52371204
-1.9651831530452182,9.647633235354437,4.1156458654859955,0.8505813333576002,0.28720397866983843,0.41953044169359077,0.47180783383065095,1.0008575,0.60417163
-2.046501037423303,9.517761249033004,4.147851704941123,0.8316727284560461,0.3156880301560063,0.4250116022384629,0.21643301797684922,0.6994069,0.63052976
-2.1278189187054566,9.387889263502542,4.181977574215264,0.8141104710487642,0.3488722386316959,0.42886373296432256,0.47304660914594443,0.99936664,0.66831243
-2.2091367908841026,9.239464136391044,4.225717338607639,0.7850492658965436,0.3720023504929362,0.4231309685719471,0.2169559422068318,0.69694227,0.7087102
-2.2904546657532574,9.10959215086058,4.27072325585875,0.7749802832349102,0.4100244109024362,0.4158840513208366,0.47512449212862595,0.99643886,0.72646916
-2.2904546657532574,9.10959215086058,4.31857876478228,0.7937074803229387,0.3724820701968932,0.3680285423973064,0.21940970926554382,0.70723367,0.6284783
-2.4124314373253934,8.812741897428554,4.3695342594245385,0.7482001809744573,0.4471211336655055,0.3906610477550476,0.4664017140740605,0.9932914,0.74306023
-2.4124314373253934,8.812741897428554,4.424156214282842,0.7714947969568181,0.4056064561235378,0.33603909289674405,0.2221571746313944,0.7150556,0.630406
-2.4666433259186054,8.664316771108023,4.4774753516772705,0.8961579961593072,0.4729366185666078,0.3516969555023157,0.4597631918439984,1.0009264,0.71112454
-2.493749235422855,8.497338503206459,4.533023470924231,0.8828765914797153,0.46392581814162853,0.328141836255355,0.21655346439671586,0.69932365,0.6719235
-2.5479610920247873,8.274700812934697,4.5894974890211575,0.8121894234682537,0.48097154540653764,0.3015988181584288,0.4731157821370855,0.99905777,0.68810606
-2.5615140138273684,8.107722545824103,4.6430501893023,0.8023823854552453,0.47641046772780676,0.2756261178772865,0.2172163070077513,0.7003227,0.64686906
-2.588619918798287,7.940744277922537,4.697847266183231,0.7940041438587644,0.49006150685447086,0.24578304099635484,0.47226477537958644,0.9992554,0.6480471
-2.57506687194224,7.773766010811942,4.7549332648375975,0.9224034684700584,0.4977681299671541,0.22969304234198873,0.21705776507682462,0.69960326,0.6023473
-2.5750668019152423,7.588234602120312,4.809105445430611,0.8982056144247287,0.4910989985244712,0.19108486174897488,0.47287441798282637,1.0034406,0.58053374
-2.5615137560911685,7.421256335009716,4.860536653385494,0.8904176997305294,0.47619156164613646,0.15163765379409244,0.21642235213532757,0.69836074,0.50974035
-2.534407728462437,7.254278067108151,4.915564568624829,1.016591242151676,0.46266908399093376,0.10910573855475736,0.4739309427879841,1.0072142,0.48578438
-2.5073017021605315,7.087299799997556,4.970386162684296,1.0067335486675557,0.430014356798095,0.05450714449529048,0.21641178688727591,0.69992733,0.38457972
-2.4666426953807967,6.9203215320959925,5.012667356715534,0.9865988898262669,0.39874142945874996,0.008309950464052251,0.4726069749553572,1.0048008,0.37515852
-2.4259836971885824,6.771896405775462,5.056768871233795,0.983030663504364,0.3608468499766069,-0.043867564054208996,0.21642502656560203,0.7006024,0.27124986
-2.3717717066508044,6.586364997083832,5.092178248600099,1.0662323700149496,0.31794913669779173,-0.10759694142051313,0.4720362662814246,1.0046871,0.2383599
-2.3040067559299793,6.456493011553368,5.1217826579371435,1.0590961952536915,0.2551893981718225,-0.15704635075755724,0.21643073365234167,0.7012185,0.11661977
-2.249794777333646,6.2895147436518055,5.149083481715059,1.0200368681621839,0.22060336383396817,-0.2075251745354727,0.471515506720656,1.0022098,0.10196006
-2.1820298211711324,6.12253647575024,5.171287089721298,1.0986587994194124,0.1409320561525882,-0.28398578254171203,0.21643594124794918,0.7020193,-0.052044693
-2.1007118998630214,5.992664490219777,5.184423021762631,1.0732155421535978,0.07058483027507446,-0.3268787145830443,0.4708386320874418,1.0009727,-0.16814412
-2.032946955826237,5.844239363899248,5.190944113279693,1.0354341254485568,0.02427450848363473,-0.36389480610010705,0.2164427099942814,0.7031833,-0.18979491
-1.965182014737957,5.69581423678775,5.1925635844329365,0.9969472178094109,-0.020949987001616894,-0.39594027725335024,0.4698547409745455,1.001011,-0.33911902
-1.8838640963652988,5.547389110467221,5.188451618538237,0.9524535610744479,-0.07696430637133107,-0.4213893113586511,0.21645254890541032,0.70401365,-0.31428507
-1.8160991614688797,5.398963983355722,5.178380483933725,0.91555759125842,-0.12015418696894334,-0.43927217675413854,0.4691528327569888,1.0030727,-0.47873092
-1.7347812510333802,5.250538857035193,5.167625892763026,0.8743115519054768,-0.17988035193915047,-0.45420658558344007,0.2164595679875858,0.7046883,-0.4355598
-1.6534633441360869,5.102113729923696,5.151565842260607,0.8365420088179386,-0.24007106058564334,-0.4610175350810206,0.46858253893195745,1.0059013,-0.6087236
-1.5856984186748857,4.953688603603166,5.128572726328857,0.8096115781879512,-0.2872311187704241,-0.4576334191492706,0.21646527092583612,0.7053897,-0.5415906
-1.51793349616219,4.805263476491668,5.107042743046766,0.7862039741847593,-0.3401406609072206,-0.45211943586718006,0.46798968912019645,1.0064995,-0.65301347
-1.4501685726543723,4.638285209381072,5.076365526546723,0.753334917450329,-0.3832892599338901,-0.4336262193671365,0.21647119942395376,0.7012117,-0.6060455
-1.4095096090203252,4.4898600822695744,5.044149648477322,0.7527504638089492,-0.41015499365034347,-0.4096043412977355,0.47152084510510783,1.0062852,-0.6363338
-1.3552976716293526,4.341434955949045,5.014973743488078,0.751256911908281,-0.454098206906364,-0.3845344363084915,0.21643588786410461,0.6965464,-0.62858135
-1.3010857330589762,4.1744566880474805,4.9882655353145635,0.7358602971544427,-0.49595212090355023,-0.3577862281349773,0.475464300444685,1.006816,-0.6621173
-1.2604267765881068,4.026031561726952,4.95923623569775,0.747710700258251,-0.5285566558523932,-0.3245389285181637,0.216396453310709,0.692575,-0.6494806
-1.2197678185692695,3.8590532938253874,4.920984377046114,0.9075616656979874,-0.5916242348894055,-0.2652200698665279,0.4788213014271786,1.0163548,-0.73937124
-1.192661841175686,3.710628167504858,4.883040800769812,0.9379162434647328,-0.592321433174027,-0.21036849359022547,0.21636288330088393,0.7066295,-0.6706427
-1.1520028898278447,3.56220304039336,4.843188881655221,0.9696897337073895,-0.5997098705794621,-0.149298574475635,0.4669428093110326,1.0184381,-0.6856885
-1.1520028647655336,3.41377791407283,4.808400386800056,1.0045027341968191,-0.5658588453546173,-0.08891507962046963,0.2164816682220455,0.70685214,-0.55495507
-1.1248968875562293,3.246799646171267,4.76839212738443,1.0203083054293403,-0.5460037306750113,-0.018851820204843328,0.4667534612644739,1.0137265,-0.5178225
-1.1248968630836182,3.098374519850737,4.72989396028686,1.0530954899352012,-0.4949914476309822,0.05425534689272582,0.21648356170251104,0.706458,-0.3596743
-1.1248968386110065,2.949949392739239,4.693805202473883,1.080288692208128,-0.4387822378229592,0.1296061047057031,0.4670865891529776,1.0080323,-0.2817025
-1.1248968141383944,2.8015242664187094,4.664970699776893,1.0990772023901532,-0.3827075400816292,0.20244560740269346,0.21648023042362607,0.7055366,-0.13839
-1.138449766089413,2.671652280097278,4.64788843133021,1.1255755949429294,-0.31731415515124656,0.2683378758493764,0.4678653588327256,1.0092343,0.0011685891
-1.138449741321949,2.5232271537767486,4.630457139690406,1.1283961555424165,-0.25846411233425237,0.33939616748918056,0.21647244272682842,0.70421135,0.06357678
-1.1520026924621276,2.393355168246285,4.630502186878583,1.1381205258377027,-0.1966944805598325,0.3977321203010036,0.46898553144271027,1.008559,0.20508891
-1.179108612433529,2.2449300411347872,4.633393472000023,1.1221889248885342,-0.11828554846675145,0.4578018351795632,0.21646124100072872,0.7029143,0.2642856
-1.1926615622468781,2.1150580556043237,4.642134288861415,0.9906091707532655,-0.12368684852679772,0.4490610183181709,0.4700819096057467,1.0044621,0.3081226
-1.192661539543367,1.9851860692828922,4.654451339072546,0.9893437559477299,-0.07171461096139008,0.5039779681070402,0.21645027721909826,0.7028501,0.341375
-1.2062144853025163,1.8367609429623626,4.669884676910002,0.9637881436644175,-0.0017352718012263143,0.5595796302695839,0.47013627587878193,1.0028076,0.48926145
-1.2197674337890347,1.706888956640931,4.688416268355209,0.9525078852793457,0.07499899357883988,0.6152430388243769,0.21644973355636798,0.7020463,0.6009699
-1.2197674105695335,1.5770169711104676,4.70536445473786,0.937075293001982,0.14859453197014322,0.6748448524417261,0.47081567312837413,1.0013096,0.72868365
-1.21976738403296,1.4285918439989698,4.737600805512624,0.9018682871778582,0.21765221737585755,0.7205725016669621,0.21644293958387206,0.6961212,0.90949494
-1.2197673608134576,1.2987198584685065,4.782913776091296,0.7812525061612877,0.18572804042584204,0.6752595310882904,0.4758235730834919,0.99318206,0.78023756
-1.2062143672147638,1.1688478729380427,4.833301268867212,0.7697744466548065,0.24222327087354892,0.7032300383123745,0.22215534849161722,0.707872,0.9426187
-1.1926613741320586,1.0389758866166114,4.888554770997719,0.7608922173407678,0.30559822004791415,0.7256855361818672,0.46583476436094573,0.9809638,0.9912995
-1.1791083783588387,0.8905507602960819,4.946551974466996,0.7380922033733844,0.38185798106971597,0.7437613327125899,0.23258203243795927,0.7402991,1.1732676
-1.1384494503041989,0.7792319147647165,5.0041069353138985,0.6405265516168158,0.3318422133836973,0.6862063718656878,0.43832323934633954,0.97049105,0.99491954
-1.111343489938235,0.6493599292342532,5.069208769849498,0.6438876321521505,0.40466171842198595,0.6946635373300886,0.2417086869959194,0.7613103,1.1097019
-1.057131592425813,0.5194879437037898,5.130555101088244,0.6417014384980664,0.4651299205033509,0.7036372060913425,0.42047342848840374,0.97396654,1.0922856
-1.0164726658085694,0.3896159573823582,5.183779937378126,0.5313654020882066,0.4530865977086419,0.6504123698014606,0.23894971979067936,0.74893916,1.0530726
-0.962260771010468,0.25974397185189485,5.245974378935057,0.5403693501297526,0.5316585648803872,0.6547449282445292,0.43095703246835315,0.9740294,1.0396142
-0.8944959159817231,0.1669782671105958,5.313263044706542,0.5836121854781332,0.5845555089744252,0.6498062624730445,0.23879173542204424,0.74867,1.1353586
-0.8267310605475577,0.055659422370198525,5.377552125207143,0.490550113528997,0.5612399858625703,0.5855171819724432,0.4311861173859939,0.97430086,0.96658456
-0.75896620938873,-0.037106281580132516,5.434225635281759,0.5382841791927409,0.6301790087657321,0.586782671897827,0.23856002515152397,0.74730676,1.0780549
