-1.165966,5.009785,5.009785
0.005599,4.589884,5.010106
1.325520,4.296283,5.009738
2.617617,4.150076,5.008458
3.952356,4.082984,5.006681
4.505216,4.104662,5.004294
5.275174,4.167847,5.001590
5.504881,4.251505,4.998699
5.716685,4.359588,4.995581
6.114153,4.470158,4.992382
5.823577,4.587378,4.989070
6.051571,4.698389,4.985735
5.816639,4.818763,4.982266
6.165841,4.906620,4.978966
5.034834,5.015079,4.975462
6.477343,5.085807,4.972172
5.783527,5.165651,4.968772
5.899148,5.225745,4.965470
6.351959,5.257363,4.962341
5.174391,5.306215,4.959064
5.029613,5.325716,4.955974
5.540296,5.333824,4.952954
5.235339,5.355666,4.949825
5.109365,5.365529,4.946770
5.667818,5.365196,4.943782
5.498272,5.382296,4.940662
5.428586,5.389225,4.937606
5.176578,5.412209,4.934422
5.413561,5.417882,4.931352
5.280318,5.432689,4.928208
6.039903,5.446650,4.925059
6.071862,5.473495,4.921803
6.039088,5.498372,4.918544
6.016198,5.534003,4.915186
6.036164,5.564531,4.911844
6.016577,5.592694,4.908499
6.206405,5.623806,4.905113
5.983430,5.652862,4.901722
6.216306,5.695544,4.898209
6.355738,5.732454,4.894712
6.284145,5.763624,4.891234
6.337895,5.801240,4.887686
6.413402,5.827497,4.884200
6.475274,5.869037,4.880580
6.177258,5.906779,4.876961
5.887854,5.943635,4.873325
6.129397,5.974283,4.869712
6.254890,5.986765,4.866216
5.925105,5.990476,4.862776
5.897184,5.969517,4.859519
5.545370,5.952203,4.856244
5.596849,5.931456,4.853003
5.761391,5.899096,4.849859
5.911374,5.867397,4.846727
5.049776,5.841061,4.843569
5.404050,5.790702,4.840608
3.632039,5.728724,4.837763
4.574580,5.655538,4.835037
5.456996,5.615156,4.832100
5.643207,5.602580,4.828972
5.352450,5.589871,4.825850
5.344844,5.578518,4.822723
5.652361,5.571446,4.819567
5.623347,5.562274,4.816430
5.669109,5.551184,4.813310
5.540664,5.548337,4.810132
5.359769,5.539287,4.807001
4.938039,5.533160,4.803850
5.985980,5.527350,4.800699
6.024184,5.513085,4.797615
5.371526,5.530311,4.794294
5.935116,5.491534,4.791393
3.135741,5.567713,4.787625
11.307419,5.460817,4.785225
0.267440,5.517825,4.781620
7.446090,5.577893,4.777955
5.768105,5.435519,4.775819
2.256075,5.693726,4.770664
12.066425,5.406400,4.769581
-0.145328,5.617400,4.764803
7.514682,5.707270,4.760838
5.053872,5.436903,4.759615
4.790197,5.732107,4.754157
11.104079,5.413301,4.753294
-0.345456,5.710351,4.747830
15.237869,5.510069,4.746057
0.542179,5.468003,4.743169
1.406847,5.775549,4.737583
13.148092,5.443720,4.736794
-2.360433,5.568600,4.732640
9.141565,5.651211,4.728740
4.151134,5.413361,4.727290
4.876606,5.656967,4.722221
7.734276,5.336696,4.721410
1.809428,5.647046,4.715861
11.533663,5.346640,4.714899
3.073184,5.476107,4.710753
8.511249,5.456364,4.707696
0.174280,5.386483,4.705042
5.002285,5.507043,4.700937
7.477754,5.321120,4.699160
0.607824,5.458831,4.694956
8.612518,5.278688,4.693160
4.050386,5.321895,4.689719
5.630556,5.311596,4.686671
6.110701,5.251112,4.684021
5.925117,5.279482,4.680709
2.925865,5.235414,4.677948
3.846700,5.268127,4.674608
5.819775,5.202033,4.672025
3.631502,5.234493,4.668705
6.173089,5.187130,4.665992
3.753711,5.212163,4.662738
6.534378,5.198777,4.659770
5.364179,5.137971,4.657181
4.386464,5.221510,4.653492
6.407439,5.178379,4.650750
3.671966,5.205061,4.647483
6.734739,5.222901,4.644268
6.227684,5.211031,4.641277
4.853774,5.302593,4.637476
7.613357,5.308677,4.634294
4.993129,5.293559,4.631274
5.968016,5.255967,4.628440
5.519092,5.257682,4.625317
5.396120,5.211799,4.622568
4.339745,5.232558,4.619320
5.607028,5.181706,4.616624
4.193644,5.193958,4.613460
5.849095,5.164142,4.610619
4.544104,5.141146,4.607742
4.640533,5.157757,4.604565
6.624417,5.122819,4.601785
5.120417,5.083301,4.599061
4.652676,5.151473,4.595509
5.580243,5.049521,4.593261
3.062431,5.143622,4.589522
7.658916,5.038968,4.587299
4.196068,5.013893,4.584509
6.640764,5.093907,4.580901
6.765986,4.964789,4.578900
1.518149,5.111649,4.574792
6.106792,5.035291,4.572362
5.097852,5.006746,4.569599
3.996124,5.057584,4.566224
5.911689,4.988466,4.563768
4.576779,5.035085,4.560437
5.743704,5.007488,4.557665
2.815742,5.022532,4.554571
4.632604,5.031970,4.551513
5.740362,4.978466,4.548947
4.724783,4.996662,4.545845
9.520625,4.980926,4.543000
4.122500,4.992442,4.539949
5.901430,5.019567,4.536767
5.299335,4.977807,4.534114
6.582934,4.983810,4.531108
4.604672,5.015394,4.527895
5.271179,4.979933,4.525194
4.534388,5.023057,4.521892
6.180638,4.993450,4.519140
0.361028,5.043420,4.515774
5.679517,5.000120,4.513119
4.786663,5.000126,4.510146
5.570317,5.006541,4.507121
5.063062,4.998801,4.504206
4.996631,5.022853,4.501042
5.491812,4.997379,4.498257
4.834628,5.011327,4.495175
6.812397,4.985494,4.492399
4.558490,4.996598,4.489346
5.541346,5.011747,4.486255
4.547871,5.001462,4.483356
4.587370,5.008216,4.480328
5.519647,4.997815,4.477432
4.514877,4.990866,4.474515
5.263647,4.996147,4.471506
5.028575,4.979222,4.468669
4.612067,4.977756,4.465720
4.811071,4.990309,4.462661
4.768535,4.961403,4.459923
4.859796,4.981622,4.456814
5.730898,4.959316,4.454029
4.563706,4.948166,4.451169
5.696997,4.954259,4.448180
3.774706,4.939521,4.445352
4.683009,4.966636,4.442202
6.255789,4.915506,4.439656
3.924042,4.944330,4.436507
5.573676,4.946032,4.433556
3.302058,4.924861,4.430785
6.194548,4.938779,4.427750
4.515685,4.905378,4.425081
5.253180,4.939542,4.421897
6.279467,4.890838,4.419350
4.047904,4.947777,4.415995
8.734356,4.879979,4.413595
3.139737,4.921962,4.410366
6.200898,4.937179,4.407324
4.864857,4.899675,4.404691
3.930869,4.941146,4.401456
7.075542,4.927709,4.398631
4.436974,4.929628,4.395694
3.898320,4.932787,4.392745
5.922153,4.934025,4.389811
4.597654,4.921903,4.386982
5.226390,4.955079,4.383803
5.243983,4.940024,4.380985
2.541656,4.956077,4.377932
5.559286,4.961357,4.374954
5.109428,4.925335,4.372301
4.579547,4.971590,4.369019
4.856859,4.949109,4.366254
4.464130,4.976442,4.363109
5.099694,4.956686,4.360320
4.353798,4.974382,4.357248
5.578643,4.962032,4.354404
5.378869,4.947471,4.351585
4.992892,4.978177,4.348418
5.051703,4.957096,4.345642
4.993669,4.973461,4.342585
5.386700,4.964307,4.339719
5.462428,4.970539,4.336738
3.576496,4.964795,4.333849
4.660449,4.973357,4.330852
5.969137,4.951621,4.328088
4.575556,4.964274,4.325068
4.596453,4.967252,4.322117
5.068324,4.962254,4.319228
5.493037,4.956270,4.316351
5.025006,4.950680,4.313475
4.833546,4.951175,4.310555
5.001154,4.954541,4.307614
5.875270,4.945644,4.304767
4.557052,4.930923,4.301973
4.750241,4.950968,4.298915
5.839457,4.924344,4.296213
4.747358,4.943411,4.293169
4.783334,4.933081,4.290345
4.956556,4.942261,4.287376
4.849872,4.926723,4.284595
6.055201,4.926406,4.281706
5.459418,4.926819,4.278812
4.769002,4.915412,4.276012
5.071789,4.937087,4.272961
4.730134,4.927560,4.270141
5.183429,4.929569,4.267239
4.242871,4.925447,4.264384
4.727661,4.929298,4.261471
5.528434,4.928081,4.258596
4.658875,4.933440,4.255672
4.818888,4.924381,4.252858
4.944638,4.936449,4.249886
5.249825,4.926173,4.247083
4.917713,4.932993,4.244153
4.978819,4.930212,4.241296
4.037307,4.942956,4.238320
5.410141,4.930752,4.235533
3.420527,4.943119,4.232563
4.615156,4.929450,4.229789
5.623076,4.937327,4.226858
4.989189,4.934309,4.224007
5.172220,4.935725,4.221126
4.984667,4.932030,4.218285
4.904971,4.938348,4.215369
5.041147,4.932565,4.212545
4.406862,4.945484,4.209581
5.051821,4.938785,4.206763
5.272507,4.930756,4.203960
4.831633,4.935224,4.201067
4.967523,4.944636,4.198135
4.580469,4.937485,4.195327
4.992186,4.933542,4.192499
5.231400,4.933128,4.189648
4.818589,4.937652,4.186761
5.451133,4.931066,4.183959
4.871967,4.933001,4.181096
4.988103,4.928641,4.178282
4.785465,4.928260,4.175441
5.677790,4.919879,4.172664
5.438939,4.921752,4.169815
5.103563,4.920417,4.166990
5.433038,4.924854,4.164124
5.260697,4.912457,4.161386
5.275148,4.921543,4.158492
4.815229,4.925263,4.155636
4.926679,4.922289,4.152831
6.177598,4.914131,4.150068
5.241991,4.919920,4.147206
4.998011,4.921983,4.144370
5.354820,4.921081,4.141558
4.668332,4.925777,4.138705
3.638482,4.930306,4.135853
5.305646,4.918088,4.133127
4.676865,4.924848,4.130266
5.118377,4.921466,4.127480
4.880788,4.921115,4.124675
5.284597,4.915225,4.121913
4.969956,4.921047,4.119068
4.237241,4.924604,4.116239
4.596958,4.925759,4.113428
4.912270,4.920758,4.110665
5.073903,4.924984,4.107837
5.398223,4.913748,4.105126
5.380229,4.915711,4.102323
4.628348,4.923602,4.099476
4.429142,4.928332,4.096650
4.339575,4.926287,4.093875
4.841613,4.922517,4.091117
4.648761,4.925416,4.088312
4.873351,4.924997,4.085532
7.231734,4.905058,4.082902
5.048622,4.919396,4.080027
4.807581,4.924013,4.077220
4.996072,4.923130,4.074453
5.023464,4.916944,4.071729
5.305802,4.911135,4.069007
4.886421,4.917683,4.066198
4.861246,4.917883,4.063436
5.240997,4.914978,4.060698
4.731795,4.915034,4.057943
5.136381,4.911944,4.055212
5.183395,4.911847,4.052464
5.083769,4.910894,4.049724
4.546918,4.911789,4.046974
4.651472,4.913372,4.044220
4.984794,4.908907,4.041512
5.153982,4.907490,4.038786
5.472139,4.900974,4.036102
5.018586,4.905951,4.033338
5.165097,4.908611,4.030591
4.836742,4.908204,4.027867
5.249685,4.906063,4.025159
4.873179,4.906765,4.022434
3.749189,4.916761,4.019641
4.866764,4.911444,4.016959
4.851906,4.907867,4.014270
4.513354,4.910223,4.011541
4.614240,4.914350,4.008800
5.121870,4.904160,4.006165
4.797482,4.904151,4.003462
4.675748,4.908228,4.000733
4.139387,4.921532,3.997936
5.492702,4.901778,3.995377
5.339295,4.897206,3.992719
5.002681,4.902739,3.989993
4.824193,4.899308,3.987332
4.925694,4.900250,3.984643
5.044037,4.897729,3.981982
4.992898,4.898870,3.979298
4.705059,4.897497,3.976635
4.595963,4.899717,3.973948
4.725045,4.894691,3.971316
5.026913,4.894836,3.968652
4.624944,4.897056,3.965975
5.927173,4.881979,3.963425
5.048960,4.888547,3.960729
5.058241,4.886720,3.958092
4.826547,4.889575,3.955426
4.841268,4.887739,3.952795
4.934922,4.883358,3.950186
4.986285,4.882122,3.947559
4.336624,4.881846,3.944929
4.293372,4.878779,3.942322
4.717937,4.877683,3.939705
4.670089,4.880038,3.937067
4.794083,4.871024,3.934512
4.629651,4.869773,3.931909
5.021452,4.868942,3.929306
5.365610,4.862209,3.926749
4.641528,4.863161,3.924143
4.960812,4.861328,3.921560
4.953038,4.859105,3.918983
4.684018,4.857026,3.916409
5.001377,4.855047,3.913839
4.876448,4.853001,3.911273
5.078937,4.852445,3.908700
4.445059,4.850477,3.906141
4.631753,4.848958,3.903582
4.832177,4.847321,3.901028
4.731920,4.847393,3.898466
5.601244,4.813809,3.896144
4.453187,4.779502,3.893847
4.016429,4.749479,3.891540
4.293004,4.710917,3.889311
4.631176,4.679239,3.887057
4.343505,4.655358,3.884768
4.141357,4.628222,3.882516
5.299791,4.600337,3.880286
4.288192,4.584107,3.877991
3.162333,4.579091,3.875630
4.250818,4.539675,3.873513
3.749460,4.533935,3.871185
4.348135,4.508015,3.869003
4.498103,4.485658,3.866811
4.340318,4.477763,3.864534
3.968414,4.462224,3.862316
4.078842,4.446635,3.860109
3.877335,4.443157,3.857829
4.183709,4.431192,3.855613
4.524415,4.415363,3.853431
4.261029,4.413010,3.851167
4.364113,4.398185,3.848993
4.260559,4.394326,3.846754
4.733570,4.389752,3.844524
4.345561,4.376431,3.842359
4.587458,4.377604,3.840105
4.270088,4.371361,3.837903
3.655743,4.363549,3.835718
4.131767,4.364650,3.833478
4.958538,4.346692,3.831371
4.526839,4.349010,3.829137
3.953481,4.352236,3.826899
4.225081,4.349155,3.824704
4.987973,4.343822,3.822529
4.384839,4.340776,3.820344
4.250408,4.337744,3.818163
4.030435,4.343074,3.815930
4.573352,4.333154,3.813800
4.063233,4.337829,3.811580
4.030391,4.333713,3.809419
4.287004,4.335832,3.807220
4.182289,4.329840,3.805079
4.391450,4.329492,3.802905
4.343520,4.328757,3.800736
4.131656,4.331008,3.798551
4.729392,4.325615,3.796419
4.031261,4.329510,3.794230
4.103007,4.326658,3.792087
3.777442,4.327294,3.789925
4.420229,4.323970,3.787792
4.467199,4.323937,3.785641
4.362626,4.320483,3.783517
4.355035,4.322262,3.781362
5.555235,4.309153,3.779307
4.049306,4.323628,3.777080
4.065370,4.319638,3.774971
4.415775,4.319092,3.772843
4.816337,4.319904,3.770710
4.986580,4.316283,3.768609
4.985395,4.317470,3.766481
4.105148,4.320761,3.764341
4.436249,4.321041,3.762222
4.452766,4.322719,3.760098
4.985507,4.321853,3.757992
4.191393,4.321524,3.755886
4.449739,4.322808,3.753773
4.310708,4.327202,3.751642
3.363529,4.344956,3.749425
4.487652,4.324260,3.747452
4.021174,4.322418,3.745370
4.111631,4.327392,3.743248
4.677697,4.328117,3.741154
3.314610,4.335685,3.739019
5.116797,4.321103,3.737025
4.246136,4.332887,3.734873
4.227413,4.333061,3.732792
4.357010,4.335254,3.730702
4.655735,4.330568,3.728658
4.733211,4.328066,3.726605
4.152264,4.333499,3.724506
3.984514,4.334951,3.722433
4.153233,4.337052,3.720358
4.287694,4.340621,3.718277
3.281917,4.345207,3.716190
4.126486,4.342977,3.714148
4.493526,4.345690,3.712079
4.666506,4.340725,3.710060
4.001257,4.348375,3.707968
4.375093,4.347938,3.705926
4.538960,4.350007,3.703872
5.185558,4.347362,3.701850
4.141721,4.355941,3.699762
3.473884,4.356876,3.697722
4.100743,4.359000,3.695677
4.197637,4.366438,3.693601
4.397740,4.369442,3.691553
4.113120,4.373296,3.689502
4.542388,4.372419,3.687481
4.964736,4.373353,3.685454
4.436505,4.382904,3.683376
3.744839,4.394683,3.681284
4.585877,4.392484,3.679276
4.454650,4.400189,3.677212
5.337782,4.403795,3.675173
4.846822,4.406295,3.673143
4.358624,4.421004,3.671041
4.810330,4.423823,3.669009
4.907835,4.423695,3.666996
4.300886,4.441228,3.664881
4.407537,4.449102,3.662820
4.488054,4.462355,3.660727
4.945718,4.465646,3.658691
4.829294,4.470848,3.656647
3.959219,4.491294,3.654513
4.286837,4.504990,3.652414
4.608098,4.519129,3.650311
4.068965,4.534649,3.648197
5.941071,4.539145,3.646146
4.428766,4.571035,3.643934
5.486343,4.581642,3.641840
5.016218,4.610778,3.639635
4.765084,4.638334,3.637431
4.705119,4.672632,3.635181
5.045561,4.699801,3.632962
5.685335,4.733438,3.630698
5.379268,4.777958,3.628361
5.266849,4.823463,3.626005
5.606704,4.867216,3.623644
5.438595,4.919288,3.621222
5.467775,4.959620,3.618852
4.654739,4.976671,3.616604
4.659054,4.938657,3.614671
3.932085,4.875735,3.612902
3.754540,4.784955,3.611324
3.533407,4.681494,3.609859
3.062957,4.584252,3.608406
3.267113,4.489375,3.606983
3.966137,4.397844,3.605584
3.374439,4.314379,3.604180
3.266881,4.237943,3.602774
3.581688,4.167829,3.601367
2.968269,4.099276,3.599983
3.529511,4.039131,3.598582
3.357927,3.984748,3.597177
3.655917,3.926544,3.595819
3.526452,3.879603,3.594424
3.367495,3.835972,3.593032
3.191358,3.796692,3.591637
3.726278,3.761131,3.590239
3.151210,3.726327,3.588854
3.485694,3.695495,3.587464
3.061901,3.664553,3.586090
3.226600,3.639037,3.584701
3.131696,3.613566,3.583325
3.170887,3.593899,3.581929
3.117137,3.572927,3.580551
3.800721,3.550187,3.579193
2.883103,3.542405,3.577765
3.079952,3.517251,3.576438
3.706153,3.499742,3.575082
3.752791,3.488008,3.573703
3.297074,3.475672,3.572335
3.151953,3.470166,3.570937
3.210194,3.461488,3.569561
4.278048,3.443569,3.568242
3.897583,3.438413,3.566862
3.223460,3.430172,3.565504
3.783811,3.425751,3.564130
3.197209,3.419477,3.562771
3.632231,3.412357,3.561422
3.531628,3.403533,3.560087
2.577996,3.408885,3.558681
3.519806,3.400717,3.557349
3.475561,3.390244,3.556034
2.361202,3.396483,3.554637
3.168768,3.386561,3.553326
2.769291,3.384727,3.551978
3.146731,3.373698,3.550683
3.494157,3.374327,3.549332
3.396986,3.367540,3.548023
3.074225,3.368174,3.546679
3.257018,3.360137,3.545384
3.483171,3.356010,3.544073
3.443578,3.356212,3.542744
3.305584,3.354903,3.541425
3.099736,3.353770,3.540108
3.046484,3.345361,3.538832
3.956084,3.340726,3.537542
3.905249,3.332391,3.536276
3.655648,3.335622,3.534955
4.660449,3.323468,3.533715
3.502901,3.332809,3.532370
3.055053,3.333400,3.531070
3.522046,3.330984,3.529788
3.261667,3.329588,3.528504
3.402709,3.331290,3.527207
3.295544,3.322321,3.525966
3.327633,3.326669,3.524663
3.155887,3.318654,3.523425
3.107196,3.324627,3.522120
3.813779,3.320064,3.520869
3.106736,3.316399,3.519618
3.564583,3.315119,3.518359
3.006545,3.322505,3.517059
3.214059,3.317906,3.515819
3.315235,3.319664,3.514551
3.332284,3.314438,3.513320
3.123536,3.324821,3.512016
3.791422,3.309585,3.510838
3.385884,3.311217,3.509584
3.276189,3.319434,3.508300
3.290864,3.320329,3.507051
3.569305,3.312550,3.505848
3.208049,3.318421,3.504582
3.807941,3.317660,3.503349
3.425121,3.314623,3.502131
3.084111,3.321516,3.500867
3.097789,3.322546,3.499633
3.561775,3.313118,3.498452
3.007112,3.322260,3.497185
3.270549,3.320493,3.495972
3.164815,3.313441,3.494788
2.996758,3.318083,3.493551
3.212826,3.317958,3.492339
3.020146,3.319683,3.491120
3.455254,3.318007,3.489920
3.393444,3.318018,3.488715
3.462870,3.317017,3.487518
3.278482,3.321246,3.486298
3.434108,3.317867,3.485116
3.284212,3.323463,3.483895
3.236699,3.321658,3.482710
3.351120,3.316760,3.481543
3.069669,3.322990,3.480327
2.985282,3.322475,3.479144
3.048981,3.319869,3.477974
3.384466,3.315066,3.476817
3.378706,3.322958,3.475605
3.399183,3.314128,3.474472
3.458802,3.317594,3.473286
2.005858,3.328870,3.472065
3.353318,3.314043,3.470966
3.246237,3.310190,3.469823
3.530788,3.316435,3.468636
3.321723,3.316553,3.467479
3.386106,3.316193,3.466327
3.162830,3.323256,3.465143
3.358667,3.317200,3.464020
2.157675,3.322211,3.462851
2.047743,3.323518,3.461700
3.703711,3.312887,3.460606
3.594265,3.312810,3.459470
3.512669,3.316177,3.458321
3.307895,3.318952,3.457176
3.378445,3.313905,3.456069
3.047711,3.316762,3.454930
3.199515,3.315050,3.453814
3.110315,3.317110,3.452684
2.959748,3.318194,3.451560
3.382066,3.315188,3.450457
3.221962,3.316751,3.449338
3.455252,3.312251,3.448247
3.208381,3.318181,3.447115
3.237350,3.316753,3.446016
3.813363,3.311158,3.444939
3.279926,3.314860,3.443825
2.923423,3.318208,3.442714
2.920155,3.318626,3.441618
3.265988,3.315322,3.440542
3.626681,3.312857,3.439465
3.395554,3.314932,3.438372
3.211843,3.315034,3.437289
3.660696,3.311658,3.436225
2.953914,3.326728,3.435085
3.560649,3.313187,3.434066
3.668618,3.313258,3.432995
3.495203,3.312940,3.431930
3.294761,3.315432,3.430855
3.296489,3.320056,3.429773
3.425022,3.315091,3.428733
2.507563,3.329812,3.427614
2.766137,3.325684,3.426573
3.670286,3.311571,3.425579
3.282050,3.310953,3.424535
3.226996,3.315658,3.423471
3.024492,3.316408,3.422426
3.214291,3.316868,3.421384
3.192145,3.316459,3.420349
3.149619,3.319321,3.419303
3.086069,3.317626,3.418278
3.288505,3.312912,3.417269
3.275082,3.316519,3.416230
3.297620,3.321255,3.415188
3.407537,3.315960,3.414189
4.797028,3.306908,3.413210
2.613455,3.318896,3.412150
3.998782,3.310421,3.411173
3.954128,3.310419,3.410167
3.418835,3.316425,3.409139
2.069863,3.327105,3.408095
3.092913,3.320171,3.407120
3.173596,3.315175,3.406143
3.082774,3.319352,3.405134
4.135390,3.315538,3.404158
3.477384,3.313901,3.403177
3.343183,3.316984,3.402182
3.671765,3.314106,3.401211
3.847581,3.316392,3.400225
3.324759,3.318626,3.399241
2.585113,3.324346,3.398245
3.689533,3.316657,3.397304
2.970190,3.321194,3.396319
3.357615,3.319363,3.395362
3.378043,3.317927,3.394406
3.246765,3.320025,3.393440
3.009676,3.322423,3.392475
3.506458,3.314946,3.391551
3.006158,3.324577,3.390566
3.046997,3.325071,3.389617
3.382131,3.316641,3.388704
2.775989,3.325031,3.387733
3.419511,3.311406,3.386845
3.225221,3.323376,3.385868
3.559495,3.315469,3.384966
3.698957,3.317695,3.384030
3.420095,3.318620,3.383102
1.653010,3.336391,3.382115
3.502057,3.309250,3.381292
3.248437,3.317118,3.380350
3.462999,3.314828,3.379446
3.467706,3.318844,3.378523
3.219258,3.316541,3.377625
3.347709,3.320000,3.376709
2.989028,3.320261,3.375808
3.184263,3.319623,3.374912
3.496705,3.316831,3.374028
3.088169,3.323341,3.373114
3.127110,3.318666,3.372242
2.997171,3.320142,3.371352
3.096021,3.322658,3.370461
3.676633,3.315128,3.369608
4.404783,3.301621,3.368781
3.607353,3.315042,3.367866
3.234886,3.320333,3.366979
3.328760,3.317754,3.366121
3.396258,3.320066,3.365250
3.802064,3.318721,3.364395
3.222015,3.318593,3.363539
3.285434,3.324478,3.362665
3.197153,3.318638,3.361833
3.056508,3.321874,3.360975
3.948986,3.316382,3.360149
3.170949,3.322185,3.359289
4.057434,3.318932,3.358461
3.133004,3.317093,3.357632
3.408086,3.322777,3.356783
3.447725,3.315725,3.355977
3.330555,3.319317,3.355141
3.060636,3.323280,3.354305
3.700397,3.315679,3.353511
3.096665,3.320761,3.352679
3.217806,3.323726,3.351857
3.225460,3.318840,3.351063
2.530434,3.314923,3.350269
2.918319,3.319903,3.349452
3.555718,3.319476,3.348653
3.031482,3.327021,3.347833
3.650269,3.318325,3.347066
3.215498,3.323826,3.346259
3.381891,3.320927,3.345480
2.968038,3.323706,3.344688
3.502872,3.319507,3.343920
2.806967,3.329253,3.343113
3.006706,3.325075,3.342350
3.572804,3.322807,3.341585
3.390486,3.313239,3.340847
3.166513,3.323161,3.340054
3.369639,3.321691,3.339297
2.628604,3.325558,3.338528
3.537280,3.318925,3.337792
3.617247,3.315277,3.337053
4.240095,3.310825,3.336320
3.535526,3.321748,3.335545
3.740846,3.313091,3.334829
3.066469,3.322658,3.334065
2.994635,3.324029,3.333326
3.269134,3.321787,3.332600
3.794579,3.317759,3.331884
3.261685,3.322472,3.331146
3.309473,3.324905,3.330418
3.131118,3.320889,3.329711
3.284821,3.320632,3.328997
4.132576,3.316688,3.328297
3.150711,3.321208,3.327577
3.350606,3.318609,3.326880
2.980440,3.329122,3.326150
3.452672,3.317700,3.325482
4.174854,3.313440,3.324800
3.483159,3.317000,3.324101
3.210387,3.324761,3.323392
3.268651,3.321154,3.322717
3.923329,3.318707,3.322043
3.339130,3.320074,3.321362
3.173071,3.325458,3.320673
3.322293,3.319076,3.320019
3.291967,3.325303,3.319335
4.328430,3.313216,3.318702
3.352503,3.320696,3.318023
3.093235,3.323967,3.317358
2.974401,3.327661,3.316694
3.264101,3.326910,3.316044
3.345847,3.321014,3.315411
2.864614,3.322110,3.314765
3.273506,3.318566,3.314134
3.996077,3.318631,3.313497
2.589673,3.334372,3.312825
3.373467,3.323426,3.312220
3.507932,3.322209,3.311596
4.185763,3.316136,3.310989
3.408967,3.320561,3.310359
3.431583,3.324638,3.309733
3.622383,3.323909,3.309122
3.690692,3.316176,3.308531
3.636021,3.327935,3.307898
3.282451,3.318091,3.307318
3.179815,3.331228,3.306689
3.648384,3.315969,3.306128
2.955108,3.328503,3.305508
3.364770,3.323326,3.304931
3.100107,3.326240,3.304339
3.303702,3.323841,3.303763
3.069193,3.321732,3.303190
3.419879,3.321628,3.302616
2.757542,3.329171,3.302028
3.504600,3.322367,3.301475
3.382247,3.329454,3.300895
3.368899,3.323741,3.300347
3.527971,3.317365,3.299804
3.143323,3.325977,3.299233
6.273667,2.944914,2.944642
3.807100,2.992519,2.944537
3.123027,3.018575,2.944442
3.075066,3.033412,2.944352
3.054680,3.043736,2.944266
2.728058,3.046092,2.944185
3.089347,3.051762,2.944105
3.097919,3.055178,2.944027
2.992047,3.054572,2.943953
2.759589,3.063942,2.943878
3.194090,3.060395,2.943808
3.206843,3.062165,2.943739
3.227894,3.066024,2.943672
2.885690,3.070921,2.943607
2.916019,3.072327,2.943544
2.792433,3.073692,2.943484
2.968119,3.072857,2.943427
3.078849,3.072353,2.943371
3.156201,3.075975,2.943317
2.904697,3.076957,2.943265
2.713846,2.747823,2.608338
3.149607,2.770257,2.608671
2.658796,2.788747,2.609001
3.029716,2.803236,2.609328
2.884213,2.809912,2.609647
2.611991,2.825133,2.609980
2.446922,2.819915,2.610286
2.742972,2.825488,2.610609
2.712938,2.832413,2.610935
2.812192,2.834720,2.611256
1.921446,2.846654,2.611593
2.969541,2.837690,2.611901
2.196586,2.848178,2.612238
4.048186,2.831878,2.612537
3.071764,2.845482,2.612881
2.921469,2.847968,2.613211
3.159821,2.850246,2.613541
2.789108,2.850789,2.613871
2.971114,2.854200,2.614206
3.308033,2.853033,2.614535
1.853409,2.563165,2.312404
3.002578,2.575361,2.313021
3.011225,2.594386,2.313660
2.605238,2.604931,2.314280
2.588990,2.617161,2.314906
3.422844,2.617725,2.315501
3.329319,2.622321,2.316109
2.663812,2.625988,2.316715
1.892586,2.636250,2.317342
2.426941,2.640530,2.317954
3.251081,2.634045,2.318534
2.666028,2.636771,2.319142
2.089703,2.649287,2.319780
2.734868,2.640460,2.320356
2.387798,2.646437,2.320976
3.068978,2.646847,2.321581
2.668825,2.642345,2.322171
2.650913,2.650876,2.322800
3.201098,2.641938,2.323378
2.568098,2.650725,2.324009
2.312187,2.381326,2.050422
1.811281,2.409153,2.051316
2.402020,2.413591,2.052119
2.681490,2.428203,2.052967
2.584686,2.431703,2.053771
2.375696,2.437443,2.054586
3.006350,2.435861,2.055370
2.916647,2.440486,2.056181
1.620436,2.449572,2.057013
2.373665,2.453246,2.057824
2.604029,2.445724,2.058588
2.325548,2.452256,2.059410
3.163709,2.446936,2.060182
2.344931,2.453422,2.061004
2.666129,2.453768,2.061801
2.673644,2.452988,2.062594
2.755771,2.456706,2.063405
2.400243,2.456760,2.064201
2.340946,2.464259,2.065030
3.095243,2.454502,2.065786
3.145497,2.214018,1.816761
1.893648,2.232188,1.817766
2.368697,2.242753,1.818737
2.927945,2.254911,1.819720
2.481603,2.258002,1.820658
2.301754,2.263701,1.821611
2.363281,2.269511,1.822566
2.339721,2.270433,1.823496
2.536510,2.268666,1.824412
2.085102,2.278152,1.825388
2.577692,2.274781,1.826297
1.969711,2.281471,1.827259
2.616767,2.274738,1.828151
2.737368,2.275438,1.829079
2.013817,2.280881,1.830033
2.204919,2.285818,1.830986
2.283369,2.276265,1.831862
2.241570,2.284512,1.832830
2.321425,2.281647,1.833741
2.541558,2.283276,1.834674
2.163109,2.056618,1.607763
2.327423,2.076815,1.608880
2.081267,2.087555,1.609946
2.230372,2.096247,1.611002
2.143541,2.100319,1.612033
2.391520,2.101366,1.613046
2.182018,2.106411,1.614084
2.175558,2.108968,1.615107
2.760153,2.105524,1.616093
2.135618,2.110065,1.617128
1.895733,2.113043,1.618154
1.603098,2.119901,1.619205
2.228660,2.111017,1.620158
2.124005,2.117619,1.621206
2.269468,2.115954,1.622203
2.049353,2.116176,1.623210
1.903142,2.119354,1.624236
2.306274,2.113884,1.625207
2.440591,2.124119,1.626275
2.357004,2.111029,1.627199
1.844122,1.914125,1.419843
2.229716,1.930633,1.420997
2.407621,1.935713,1.422077
2.000631,1.947481,1.423206
2.013548,1.950073,1.424275
2.193378,1.951448,1.425336
1.847623,1.959959,1.426447
1.683127,1.955782,1.427472
2.087236,1.960902,1.428560
2.491644,1.954468,1.429567
2.130790,1.957824,1.430640
2.437015,1.955912,1.431676
1.743125,1.965728,1.432794
2.097005,1.961288,1.433814
1.891576,1.961768,1.434867
2.959563,1.962805,1.435923
1.887593,1.962143,1.436966
2.318481,1.965667,1.438038
1.834833,1.965162,1.439082
0.819384,1.980814,1.440240
2.084912,1.775661,1.250874
2.315661,1.781474,1.251970
1.691363,1.802198,1.253186
1.792599,1.812154,1.254328
1.921972,1.806281,1.255351
1.131411,1.818644,1.256513
2.086504,1.815851,1.257562
1.596751,1.816324,1.258634
2.034777,1.813839,1.259682
2.021444,1.815140,1.260758
1.576202,1.821647,1.261874
1.807059,1.825239,1.262970
1.826560,1.813291,1.263946
0.641160,1.842946,1.265238
1.815462,1.817041,1.266114
1.789179,1.823535,1.267226
1.851704,1.820541,1.268267
2.052938,1.820580,1.269330
2.036452,1.819484,1.270382
1.557650,1.825378,1.271487
1.545879,1.650456,1.097986
2.074151,1.653232,1.099056
1.491284,1.676647,1.100302
1.936374,1.673435,1.101337
1.805302,1.677681,1.102431
1.744210,1.681965,1.103528
1.682647,1.684334,1.104610
0.209985,1.694925,1.105762
1.787872,1.683244,1.106732
1.553757,1.685864,1.107815
1.823419,1.684428,1.108863
1.752653,1.681861,1.109901
1.419145,1.687817,1.111007
1.820858,1.684675,1.112040
1.646348,1.688875,1.113132
0.689259,1.694657,1.114238
1.394618,1.688532,1.115248
0.959824,1.700951,1.116407
1.653849,1.685062,1.117337
1.153431,1.695173,1.118473
2.184550,1.524310,0.960087
1.645948,1.539824,0.961247
1.454226,1.550574,0.962375
1.845778,1.558455,0.963483
1.628157,1.552343,0.964470
1.575417,1.560066,0.965576
1.491296,1.560745,0.966623
1.389479,1.568411,0.967732
1.749187,1.560049,0.968702
1.683553,1.556768,0.969711
1.576548,1.563846,0.970809
1.412768,1.566079,0.971868
1.574386,1.561522,0.972867
1.304275,1.563886,0.973923
1.296440,1.576922,0.975074
1.340843,1.561437,0.975982
1.321704,1.570107,0.977091
1.504751,1.568333,0.978112
1.844994,1.560262,0.979077
1.664832,1.567278,0.980167
1.445169,1.420639,0.834193
1.779798,1.431189,0.835287
1.442274,1.433286,0.836309
1.994616,1.441307,0.837386
1.353475,1.450030,0.838475
1.542799,1.442239,0.839415
1.275418,1.450530,0.840498
2.001788,1.446057,0.841468
1.394470,1.450465,0.842516
2.071187,1.441862,0.843445
1.630279,1.447282,0.844497
2.153663,1.444096,0.845473
1.330711,1.451766,0.846546
1.336196,1.453310,0.847567
1.446500,1.450810,0.848550
1.301825,1.456548,0.849607
1.228627,1.445142,0.850509
1.832225,1.456352,0.851611
1.315925,1.449797,0.852556
1.691841,1.447091,0.853531
1.644846,1.328680,0.719443
1.624362,1.322750,0.720351
1.327396,1.330679,0.721387
1.728793,1.338923,0.722432
1.365957,1.337992,0.723393
1.143802,1.344285,0.724422
1.360568,1.340663,0.725359
1.673056,1.342308,0.726344
1.176061,1.344771,0.727336
1.651052,1.342369,0.728283
1.150846,1.341664,0.729244
0.913254,1.351945,0.730308
1.371220,1.341190,0.731178
1.360755,1.343664,0.732165
1.596857,1.347494,0.733167
1.140974,1.344233,0.734102
1.817493,1.342726,0.735051
1.592511,1.342229,0.736008
1.135326,1.354977,0.737090
1.447735,1.337120,0.737889
1.369310,1.217844,0.616114
1.394426,1.231760,0.617163
1.422149,1.237362,0.618139
1.168784,1.241655,0.619105
1.727186,1.244425,0.620058
1.525678,1.241568,0.620956
1.232187,1.241872,0.621883
0.965983,1.245151,0.622839
1.804430,1.244364,0.623756
1.290968,1.244006,0.624676
1.168131,1.243481,0.625593
1.552340,0.603028,-0.018675
1.119428,-0.486309,-1.152073
0.458072,-0.362500,-1.150654
0.087326,-0.281675,-1.149783
0.774943,-1.191682,-2.087050
-0.719420,-2.200769,-3.176775
-4.747202,-2.181240,-3.180183
-5.363839,-2.365559,-3.188355
-3.896848,-2.605750,-3.198214
-5.066911,-2.843235,-3.206117
-5.395932,-3.068232,-3.216574
-5.413579,-3.304778,-3.227773
-4.599019,-3.517433,-3.238889
-3.812919,-3.725096,-3.250337
-6.310601,-3.871540,-3.260734
-5.427802,-4.037082,-3.271927
-5.220948,-4.185671,-3.283070
-5.416547,-4.302330,-3.293757
-5.637273,-4.414942,-3.304619
-7.530720,-4.513051,-3.315385
-5.881768,-4.642996,-3.327198
-8.677767,-4.691051,-3.337243
-5.205483,-4.796468,-3.348893
-5.641994,-4.879302,-3.360229
-6.217427,-4.925083,-3.370828
-5.654842,-4.992247,-3.382121
-4.871789,-5.040849,-3.393120
-6.411378,-5.099130,-3.404521
-6.518818,-5.145918,-3.415792
-5.061444,-4.278798,-2.518369
-3.877477,-4.370857,-2.527843
-3.691293,-4.351582,-2.534950
-2.994267,-4.303434,-2.541380
-3.435087,-4.829383,-3.116514
-4.998740,-4.749062,-3.123706
-7.397641,-4.730110,-3.132339
-5.346071,-4.751539,-3.142008
-4.018442,-5.302269,-3.680049
-7.231882,-5.311319,-3.691453
-7.532077,-5.364638,-3.704177
-7.468492,-5.454152,-3.718105
-5.226549,-5.560436,-3.732778
-6.255024,-5.603974,-3.745960
-9.026626,-5.673467,-3.760050
-8.363888,-5.760346,-3.774870
-5.505849,-5.852906,-3.790125
-6.234078,-5.939421,-3.805492
-6.141934,-6.003469,-3.820472
-5.118750,-6.060874,-3.835477
-5.980658,-5.368769,-3.132372
-2.306450,-5.491128,-3.146465
-5.684554,-5.434175,-3.156034
-5.009608,-5.389538,-3.165855
-3.697038,-5.578364,-3.400768
-4.646914,-5.489594,-3.410068
-2.579602,-5.490210,-3.421744
-4.208141,-5.424931,-3.431593
-3.739184,-5.861247,-3.888599
-4.430085,-5.810689,-3.900485
-5.891503,-5.824023,-3.914265
-6.105842,-5.870058,-3.929146
-7.031875,-5.930847,-3.998115
-5.980873,-5.944628,-4.012486
-7.163216,-5.968085,-4.027259
-4.084783,-6.037678,-4.043617
-4.475258,-6.053881,-4.058521
-6.285894,-6.094472,-4.074312
-8.184806,-6.095436,-4.089000
-9.410211,-6.117657,-4.104441
-6.785443,-5.785137,-3.749507
-6.594999,-5.832785,-3.764366
-5.293103,-5.851900,-3.778516
-6.421219,-5.827625,-3.791417
-4.762688,-5.833139,-3.805243
-5.032092,-5.815520,-3.818410
-4.207138,-5.807024,-3.831875
-4.527852,-5.776393,-3.844670
-4.002967,-5.806342,-3.893560
-5.884656,-5.790735,-3.906997
-4.503376,-5.777615,-3.920526
-5.364643,-5.765833,-3.934117
-5.072955,-5.831716,-4.039135
-5.117923,-5.833328,-4.053578
-4.653703,-5.873721,-4.069365
-5.185280,-5.845813,-4.083049
-6.843416,-5.842985,-4.097548
-7.396949,-5.835967,-4.111955
-5.072763,-5.873535,-4.127897
-5.672516,-5.896540,-4.143507
-4.737711,-5.643273,-3.893657
-3.714535,-5.677421,-3.908618
-3.413264,-5.655413,-3.921873
-6.981839,-5.597981,-3.933951
-6.102000,-5.627486,-3.994595
-4.920874,-5.607048,-4.007998
-5.985903,-5.575716,-4.021030
-4.597511,-5.576945,-4.035121
-3.673175,-5.593431,-4.059985
-5.998961,-5.554122,-4.072865
-3.773226,-5.549785,-4.086875
-5.218503,-5.518852,-4.100013
-7.257692,-5.570030,-4.167952
-6.596438,-5.555406,-4.181891
-4.848173,-5.537077,-4.195709
-5.261570,-5.555044,-4.210789
-4.603006,-5.551287,-4.225208
-4.664080,-5.543484,-4.239523
-9.201111,-5.541355,-4.254064
-2.729146,-5.585718,-4.270291
-6.945008,-5.377543,-4.124520
-6.477707,-5.364023,-4.138059
-5.023210,-5.346566,-4.151468
-4.378077,-5.344340,-4.165404
-3.944669,-5.359850,-4.180000
-4.568011,-5.333629,-4.193214
-4.788831,-5.293472,-4.205906
-5.434651,-5.281224,-4.219514
-4.457686,-5.278617,-4.233473
-4.115850,-5.277430,-4.247517
-5.926449,-5.237887,-4.260230
-4.938526,-5.217443,-4.273556
-4.427690,-5.233062,-4.288160
-4.437730,-5.226619,-4.302056
-0.674395,-5.252902,-4.317158
-4.708696,-5.204016,-4.329653
-4.645194,-5.196068,-4.343536
-5.748305,-5.192880,-4.357610
-6.800518,-5.173103,-4.371109
-5.918208,-5.161496,-4.384890
-4.673748,-4.935581,-4.154873
-4.894339,-4.941277,-4.168261
-5.274947,-4.924756,-4.180907
-6.098329,-4.884969,-4.192707
-4.812365,-4.883098,-4.219469
-3.319420,-4.873822,-4.232339
-1.254823,-4.881057,-4.245815
-3.112103,-4.829242,-4.257204
-4.254638,-4.844417,-4.326470
-3.958685,-4.820520,-4.338926
-4.690742,-4.809270,-4.351812
-4.409410,-4.821773,-4.365576
-6.093591,-4.784169,-4.377557
-4.899245,-4.787630,-4.390984
-4.001852,-4.782237,-4.404126
-5.395455,-4.774895,-4.417214
-5.639244,-4.785812,-4.430995
-3.991042,-4.778506,-4.444161
-4.464270,-4.776742,-4.457546
-7.181124,-4.740942,-4.469677
-3.468086,-4.527183,-4.252509
-3.601269,-4.541997,-4.265495
-4.189208,-4.502485,-4.276556
-3.143919,-4.482946,-4.288266
-4.220853,-4.474390,-4.315471
-3.732337,-4.441753,-4.326694
-4.278456,-4.433758,-4.338764
-3.611690,-4.421725,-4.350689
-4.452418,-4.435383,-4.413757
-4.292774,-4.412029,-4.425395
-3.070087,-4.424374,-4.438338
-3.597746,-4.416537,-4.450583
-3.721966,-4.394391,-4.462290
-4.182991,-4.396486,-4.474879
-5.649631,-4.364379,-4.486200
-3.806361,-4.374511,-4.499063
-5.121790,-4.360665,-4.511068
-3.889197,-4.364639,-4.523740
-3.290879,-4.367165,-4.536397
-4.427816,-4.351263,-4.548379
-3.766960,-4.130598,-4.352000
-2.891468,-4.162029,-4.364813
-4.426462,-4.135665,-4.375567
-5.272965,-4.106750,-4.386170
-5.403475,-4.078644,-4.396741
-5.329072,-4.069476,-4.407969
-4.270858,-4.050744,-4.418830
-4.210891,-4.025034,-4.429392
-3.826085,-4.020188,-4.440695
-3.111677,-4.004109,-4.451577
-2.692787,-4.002798,-4.462997
-4.642772,-3.980040,-4.473615
-3.520149,-3.957221,-4.484183
-3.519149,-3.932728,-4.494640
-3.980493,-3.936402,-4.506129
-4.424196,-3.926875,-4.517142
-4.392157,-3.923661,-4.528391
-6.058378,-3.912661,-4.539350
-3.577536,-3.926869,-4.551275
-3.403290,-3.914042,-4.562214
-4.958175,-3.774902,-4.459164
-3.245895,-3.786400,-4.470473
-3.922601,-3.767466,-4.480665
-3.257657,-3.762837,-4.491371
-3.399296,-3.746432,-4.501627
-2.096227,-3.744008,-4.512394
-2.955414,-3.720661,-4.522362
-4.438749,-3.686061,-4.531841
-3.479135,-3.694549,-4.542908
-3.830550,-3.691049,-4.553554
-2.202364,-3.690974,-4.564340
-3.562089,-3.673215,-4.574454
-3.573873,-3.653391,-4.584451
-2.465364,-3.661379,-4.595496
-3.551980,-3.647531,-4.605726
-2.884937,-3.651835,-4.616646
-3.000630,-3.627184,-4.626456
-3.542588,-3.614260,-4.636671
-2.099973,-3.635488,-4.648214
-1.105705,-3.654367,-4.659747
-3.319054,-3.347859,-4.404245
-2.884356,-3.353673,-4.414087
-2.289066,-3.347621,-4.423506
-2.234204,-3.312469,-4.431802
-4.249085,-3.323608,-4.486803
-3.758310,-3.310077,-4.495942
-3.707276,-3.286692,-4.504672
-2.488303,-3.279642,-4.513980
-2.495789,-3.290459,-4.553485
-2.190913,-3.287852,-4.563043
-3.203373,-3.259630,-4.571603
-2.803430,-3.246960,-4.580701
-3.790364,-3.242327,-4.593413
-2.971477,-3.250031,-4.603293
-3.037038,-3.228469,-4.612055
-2.331037,-3.235089,-4.621879
-4.080358,-3.217839,-4.630793
-2.857983,-3.219424,-4.640413
-3.281402,-3.212834,-4.649728
-3.301710,-3.215572,-4.659407
-2.951191,-3.080338,-4.535829
-2.540748,-3.085614,-4.545076
-2.514613,-3.075229,-4.553738
-3.038572,-3.057505,-4.562092
-3.226093,-3.044016,-4.570571
-2.380902,-3.030994,-4.579040
-2.953536,-3.018168,-4.587488
-3.594882,-3.009511,-4.596073
-2.088475,-3.010401,-4.605021
-2.437439,-2.995079,-4.613342
-2.427863,-2.982189,-4.621724
-3.042718,-2.966310,-4.629959
-2.624592,-2.974708,-4.639121
-2.486448,-2.970922,-4.647836
-2.854044,-2.957896,-4.656182
-2.211042,-2.964233,-4.665272
-2.462363,-2.948501,-4.673512
-3.905531,-2.937923,-4.681920
-3.675076,-2.929373,-4.690388
-2.980367,-2.923107,-4.698932
-2.743281,-2.770203,-4.554309
-2.467536,-2.773266,-4.562600
-2.634994,-2.757345,-4.570163
-2.490636,-2.747193,-4.577914
-2.933521,-2.737753,-4.585672
-2.207956,-2.728311,-4.593411
-2.535536,-2.703943,-4.600539
-2.046826,-2.699630,-4.608397
-2.241746,-2.695196,-4.622343
-2.410172,-2.678100,-4.629691
-2.078148,-2.673382,-4.637488
-1.773294,-2.673461,-4.645471
-2.551225,-2.659471,-4.652902
-3.776069,-2.644095,-4.660243
-2.482980,-2.645392,-4.668213
-2.347688,-2.647916,-4.676244
-3.221773,-2.635950,-4.683711
-2.256188,-2.635706,-4.691621
-2.537759,-2.619884,-4.698913
-2.274497,-2.618962,-4.706763
-3.138235,-2.531321,-4.627807
-2.066000,-2.543063,-4.635825
-1.783373,-2.524665,-4.642687
-2.825793,-2.515329,-4.649862
-1.631699,-2.508479,-4.657115
-1.719655,-2.500590,-4.664313
-2.244397,-2.487310,-4.671279
-2.130021,-2.477297,-4.678343
-2.253789,-2.473998,-4.685653
-2.419627,-2.462682,-4.692639
-2.336118,-2.463252,-4.700074
-2.573474,-2.457326,-4.707258
-2.061528,-2.454848,-4.714570
-2.131461,-2.453731,-4.721936
-2.179094,-2.446290,-4.729052
-2.016060,-2.446881,-4.736476
-1.924232,-2.438042,-4.743528
-2.511165,-2.438502,-4.750936
-3.579157,-2.431611,-4.758056
-2.359265,-2.429337,-4.765348
-1.515911,-2.236024,-4.577679
-2.092943,-2.232598,-4.584175
-2.279032,-2.224931,-4.590500
-1.324516,-2.212063,-4.596601
-1.589577,-2.220171,-4.631059
-2.022958,-2.205343,-4.637101
-1.912469,-2.194262,-4.643253
-1.864148,-2.181615,-4.649314
-1.255146,-2.197555,-4.672770
-2.589717,-2.183108,-4.678793
-1.455859,-2.179613,-4.685216
-1.590553,-2.170492,-4.691409
-1.960996,-2.168900,-4.706431
-2.080392,-2.154152,-4.712382
-1.738543,-2.159219,-4.719092
-1.487451,-2.172880,-4.726170
-3.722093,-2.148366,-4.731755
-1.668048,-2.158326,-4.738662
-2.424427,-2.149310,-4.744839
-2.152696,-2.148345,-4.751319
-2.754146,-2.071241,-4.694294
-1.825671,-2.086088,-4.701132
-1.788545,-2.080539,-4.707200
-2.061135,-2.066543,-4.712917
-1.808532,-2.060287,-4.718907
-2.066888,-2.054965,-4.724921
-1.868626,-2.056711,-4.731209
-2.274799,-2.046694,-4.737033
-2.524070,-2.046840,-4.743241
-1.542258,-2.045431,-4.749392
-1.849726,-2.039033,-4.755341
-2.112069,-2.031399,-4.761226
-2.143508,-2.032973,-4.767465
-2.189287,-2.026006,-4.773368
-1.881727,-2.024541,-4.779477
-2.367574,-2.018608,-4.785405
-2.218698,-2.017118,-4.791501
-3.089517,-2.010619,-4.797392
-1.965647,-2.014970,-4.803711
-1.692896,-2.014405,-4.809847
-1.975983,-1.797374,-4.601438
-1.498776,-1.807320,-4.607184
-1.902594,-1.785550,-4.611703
-1.375231,-1.778189,-4.616734
-1.454203,-1.794257,-4.661116
-1.633115,-1.783878,-4.666084
-1.348964,-1.770719,-4.670913
-1.401900,-1.762776,-4.675915
-1.217382,-1.779542,-4.698895
-1.205765,-1.762765,-4.703587
-1.579171,-1.755487,-4.708612
-2.289286,-1.748929,-4.713648
-1.801420,-1.763011,-4.737636
-1.819158,-1.751957,-4.742532
-1.639930,-1.759108,-4.748134
-1.712694,-1.757508,-4.753407
-1.536420,-1.749090,-4.758404
-2.031449,-1.744006,-4.763512
-1.500127,-1.748922,-4.769015
-1.796382,-1.751141,-4.774426
-1.886827,-1.681204,-4.717601
-1.602881,-1.681316,-4.722687
-1.377309,-1.680479,-4.727738
-1.710447,-1.670202,-4.732409
-2.026225,-1.665687,-4.737285
-0.934106,-1.668539,-4.742447
-1.106872,-1.662949,-4.747280
-1.780628,-1.658379,-4.752140
-1.502803,-1.652407,-4.756933
-1.618187,-1.646489,-4.761713
-1.549680,-1.642916,-4.766572
-1.197669,-1.645618,-4.771679
-1.438142,-1.635952,-4.776294
-1.474551,-1.638425,-4.781376
-0.931291,-1.641577,-4.786497
-1.453301,-1.628827,-4.790984
-1.344516,-1.629345,-4.795974
-1.714032,-1.627765,-4.800883
-1.433393,-1.624861,-4.805737
-1.550201,-1.620437,-4.810523
-2.199010,-1.489530,-4.688707
-1.336953,-1.502481,-4.693710
-1.247916,-1.490678,-4.697762
-1.290028,-1.481329,-4.701878
-1.162603,-1.476857,-4.706165
-1.629082,-1.464857,-4.710137
-1.516135,-1.458060,-4.714285
-1.534602,-1.441957,-4.718039
-1.422260,-1.459962,-4.742420
-1.263534,-1.457755,-4.746756
-1.120161,-1.450646,-4.750889
-1.665836,-1.448518,-4.755204
-1.384681,-1.443824,-4.759412
-1.046669,-1.444456,-4.763823
-1.599260,-1.433461,-4.767767
-1.531687,-1.434222,-4.772156
-1.300776,-1.434522,-4.776531
-1.456173,-1.427266,-4.780603
-1.209782,-1.428043,-4.784981
-1.639393,-1.421455,-4.789065
-1.181788,-1.373428,-4.740611
-1.345372,-1.381829,-4.745111
-1.581602,-1.363280,-4.748550
-0.970235,-1.366204,-4.752802
-1.284035,-1.362072,-4.756780
-1.251940,-1.351187,-4.760474
-1.243427,-1.353833,-4.764684
-1.171823,-1.353603,-4.768788
-1.312547,-1.345681,-4.772582
-1.234508,-1.344795,-4.776639
-1.222528,-1.340934,-4.780574
-1.493804,-1.336267,-4.784467
-1.241220,-1.333660,-4.788431
-1.574290,-1.331122,-4.792392
-1.194577,-1.332629,-4.796512
-1.460417,-1.326420,-4.800325
-1.377916,-1.321670,-4.804179
-1.270023,-1.321002,-4.808187
-1.295090,-1.322988,-4.812304
-1.179260,-1.322496,-4.816327
-1.368784,-1.219920,-4.720458
-1.036207,-1.226120,-4.724391
-1.074413,-1.219710,-4.727838
-1.024316,-1.209339,-4.731106
-0.302809,-1.211127,-4.734835
-1.050832,-1.200168,-4.738057
-1.441894,-1.179117,-4.740840
-1.020090,-1.183932,-4.744604
-1.483430,-1.197340,-4.767974
-1.311807,-1.192729,-4.771425
-1.097159,-1.191071,-4.774982
-1.105685,-1.186980,-4.778438
-0.896861,-1.191602,-4.782236
-1.213647,-1.189788,-4.785789
-1.430048,-1.181879,-4.789091
-1.041700,-1.178300,-4.792545
-1.137264,-1.180004,-4.796205
-1.127425,-1.177457,-4.799699
-1.125772,-1.176123,-4.803236
-1.127291,-1.172550,-4.806679
-1.235274,-1.117667,-4.755085
-1.136635,-1.122461,-4.758668
-1.200138,-1.112059,-4.761652
-0.531405,-1.113772,-4.765095
-1.019750,-1.109098,-4.768287
-1.227332,-1.103754,-4.771439
-0.666791,-1.106656,-4.774910
-1.153519,-1.096173,-4.777849
-0.985656,-1.092438,-4.781030
-0.907953,-1.090787,-4.784286
-1.167225,-1.081328,-4.787221
-0.915540,-1.086397,-4.790718
-0.822793,-1.084559,-4.793952
-1.030145,-1.078116,-4.796994
-0.858360,-1.078221,-4.800284
-1.018111,-1.080466,-4.803662
-1.141325,-1.073090,-4.806658
-0.913134,-1.072575,-4.809911
-1.441149,-1.065200,-4.812884
-0.693803,-1.078864,-4.816693
-1.342371,-1.004866,-4.755734
-1.049536,-1.008630,-4.758932
-0.912980,-0.998442,-4.761578
-0.905832,-0.999758,-4.764659
-0.628898,-0.999549,-4.767684
-0.789415,-0.995263,-4.770544
-0.989696,-0.989313,-4.773325
-0.969579,-0.982517,-4.776054
-1.136859,-0.981307,-4.788636
-0.904464,-0.991686,-4.792043
-1.155092,-0.983466,-4.794728
-0.598473,-0.978895,-4.797538
-0.557490,-0.988089,-4.800893
-0.978943,-0.980111,-4.803580
-1.142067,-0.969405,-4.806133
-0.951041,-0.976202,-4.809365
-0.782130,-0.978461,-4.812435
-1.126645,-0.970647,-4.815103
-1.078842,-0.969501,-4.818019
-0.647682,-0.970253,-4.821010
-0.716455,-0.901863,-4.751734
-0.246849,-0.905594,-4.754615
-0.750078,-0.898141,-4.757056
-0.782409,-0.894402,-4.759626
-0.882602,-0.896848,-4.777285
-0.782631,-0.897287,-4.780026
-0.668764,-0.895764,-4.782691
-0.830493,-0.891415,-4.785237
-1.035323,-0.884903,-4.790864
-0.777657,-0.889653,-4.793749
-0.978709,-0.885657,-4.796294
-0.699708,-0.883410,-4.798899
-0.912989,-0.879779,-4.801442
-0.810710,-0.882275,-4.804223
-1.009723,-0.878956,-4.806776
-1.093985,-0.874254,-4.809264
-0.952680,-0.880301,-4.812176
-1.241794,-0.872137,-4.814528
-0.803935,-0.877391,-4.817403
-0.759444,-0.875449,-4.820002
-1.012515,-0.828394,-4.785419
-0.700215,-0.842097,-4.788492
-0.574805,-0.832513,-4.790664
-1.664271,-0.819819,-4.792681
-0.731721,-0.838846,-4.795946
-1.205455,-0.815295,-4.797543
-1.075514,-0.817150,-4.800100
-0.410992,-0.828393,-4.803044
-0.739016,-0.823497,-4.805368
-0.781539,-0.820152,-4.807741
-0.775818,-0.819120,-4.810198
-0.716662,-0.816536,-4.812589
-0.712387,-0.812352,-4.814909
-0.664696,-0.819358,-4.817671
-0.860832,-0.808186,-4.819716
-0.682502,-0.811886,-4.822333
-1.131533,-0.810263,-4.824745
-0.818650,-0.805881,-4.827041
-0.849477,-0.811052,-4.829713
-0.491973,-0.811595,-4.832213
-0.778976,-0.721521,-4.747227
-0.729361,-0.721845,-4.749421
-0.490748,-0.721625,-4.751594
-0.737084,-0.712272,-4.753399
-0.302626,-0.720499,-4.770990
-0.418095,-0.720104,-4.773158
-0.401943,-0.712085,-4.775018
-0.781825,-0.709265,-4.777063
-0.486591,-0.713660,-4.784775
-0.737527,-0.703484,-4.786530
-0.725284,-0.707166,-4.788816
-0.342169,-0.707984,-4.790997
-0.822370,-0.705946,-4.799227
-0.612882,-0.710400,-4.801555
-0.962457,-0.701965,-4.803375
-0.901639,-0.696156,-4.805275
-0.324307,-0.709747,-4.807946
-0.528156,-0.702700,-4.809822
-0.655478,-0.695696,-4.811677
-0.671877,-0.704871,-4.814170
-0.676570,-0.677902,-4.796720
-0.577564,-0.683098,-4.798992
-0.393768,-0.685924,-4.801184
-0.696280,-0.679996,-4.803030
-0.655802,-0.674631,-4.804882
-0.817681,-0.676957,-4.807029
-0.629588,-0.677645,-4.809118
-1.080312,-0.663661,-4.810614
-0.588083,-0.671554,-4.812955
-0.337229,-0.671271,-4.814990
-0.481020,-0.669103,-4.816947
-0.157017,-0.673644,-4.819171
-0.549384,-0.664621,-4.820857
-0.690615,-0.668419,-4.823038
-0.616391,-0.661242,-4.824785
-0.486086,-0.665583,-4.826979
-0.615496,-0.666392,-4.829042
-0.870345,-0.663624,-4.830964
-1.057476,-0.657291,-4.832732
-0.261745,-0.668742,-4.835205
0.163177,-0.587332,-4.756807
-0.051074,-0.588739,-4.758639
-0.639694,-0.581223,-4.760116
-0.538178,-0.573492,-4.761562
-0.106412,-0.584179,-4.773775
-0.368420,-0.578502,-4.775316
-0.857046,-0.568534,-4.776666
-0.531824,-0.569722,-4.778437
-0.141464,-0.583007,-4.793330
-0.620430,-0.581138,-4.795025
-0.959289,-0.576128,-4.796588
-0.746127,-0.570790,-4.798122
-0.617593,-0.585404,-4.818927
-0.090924,-0.591597,-4.820962
-0.143359,-0.596302,-4.822956
-0.595251,-0.590631,-4.824544
-0.704332,-0.587161,-4.826203
-1.193858,-0.577938,-4.827619
-0.477370,-0.591171,-4.829920
-0.265319,-0.592062,-4.831760
-0.676720,-0.548289,-4.791238
-0.190301,-0.554266,-4.793144
-0.496168,-0.549607,-4.794638
-0.769117,-0.539017,-4.795878
-0.602205,-0.549365,-4.797935
-0.619701,-0.541338,-4.799278
-0.174364,-0.540409,-4.800886
0.217699,-0.542388,-4.802608
-0.766275,-0.541061,-4.804203
-0.705440,-0.534473,-4.805581
-0.428083,-0.528349,-4.806957
-0.270246,-0.534667,-4.808820
-0.276383,-0.533350,-4.810393
-0.496781,-0.530514,-4.811901
0.466067,-0.527392,-4.813388
-0.144653,-0.538571,-4.815447
-0.585613,-0.532887,-4.816856
-0.597871,-0.525155,-4.818164
-0.435728,-0.527816,-4.819872
-0.881780,-0.519060,-4.821124
-0.750899,-0.496541,-4.797559
-0.578226,-0.503871,-4.799364
-0.779740,-0.487450,-4.800229
0.384714,-0.499997,-4.802218
-0.271832,-0.501726,-4.803807
-0.649513,-0.492394,-4.804954
-0.566337,-0.488962,-4.806311
-0.907262,-0.480790,-4.807466
-0.705861,-0.487767,-4.809211
-0.376621,-0.485585,-4.810606
-0.193939,-0.489386,-4.812237
-0.417940,-0.485618,-4.813573
-0.469311,-0.484539,-4.815006
-0.366002,-0.483907,-4.816455
0.111524,-0.480811,-4.817802
-0.667416,-0.479009,-4.819192
-0.453158,-0.486884,-4.820970
-0.360539,-0.479671,-4.822160
-0.651337,-0.477790,-4.823545
0.353388,-0.484839,-4.825286
-0.314795,-0.443930,-4.790327
-0.080997,-0.447454,-4.791816
-0.618124,-0.445879,-4.793109
-0.174759,-0.438622,-4.794169
-0.581376,-0.438975,-4.798218
-0.421221,-0.441196,-4.799641
-0.273772,-0.436565,-4.800793
-0.261015,-0.434279,-4.802026
-0.634263,-0.434789,-4.803366
-0.893853,-0.426653,-4.804357
-0.370132,-0.431809,-4.805862
-0.513199,-0.431044,-4.807143
-0.665818,-0.431349,-4.817209
-0.203137,-0.436847,-4.818745
-0.514757,-0.435725,-4.820029
-0.145314,-0.435059,-4.821328
-0.072444,-0.431020,-4.822488
-0.258547,-0.438643,-4.824110
-0.725902,-0.431553,-4.825158
-0.547405,-0.430335,-4.826423
-1.080686,-0.411347,-4.813993
-0.070713,-0.430254,-4.816011
-0.377865,-0.418547,-4.816845
0.168085,-0.421421,-4.818234
-0.131135,-0.421368,-4.819514
-0.486608,-0.419450,-4.820719
-0.341862,-0.417883,-4.821932
-0.518604,-0.415257,-4.823097
-0.220460,-0.417451,-4.824450
-0.360890,-0.415769,-4.825653
-0.237004,-0.415548,-4.826910
-0.325357,-0.414469,-4.828132
-0.718955,-0.406591,-4.829074
-0.058217,-0.415777,-4.830686
-0.534438,-0.411983,-4.831799
-0.254782,-0.412433,-4.833072
-0.599979,-0.412846,-4.834346
-0.358007,-0.413491,-4.835631
-0.547756,-0.409376,-4.836724
-0.383209,-0.412816,-4.838112
-0.307753,-0.340510,-4.766763
-0.452440,-0.343936,-4.767930
0.084846,-0.340210,-4.768819
-0.036499,-0.339405,-4.769815
-0.396214,-0.345497,-4.789107
-0.128878,-0.345551,-4.790156
-0.276949,-0.346843,-4.791255
-0.617975,-0.331340,-4.791680
-0.232534,-0.344263,-4.800099
-0.419815,-0.341127,-4.801017
-1.162012,-0.327905,-4.801517
-0.139655,-0.340958,-4.803040
0.008877,-0.346396,-4.808317
-0.434715,-0.337339,-4.809003
-0.239523,-0.348388,-4.810475
-0.555970,-0.336769,-4.811062
-0.282519,-0.344236,-4.815888
-0.576913,-0.344222,-4.816934
-0.140042,-0.346293,-4.818064
-0.601992,-0.343599,-4.819008
-0.331182,-0.336579,-4.814475
-0.801376,-0.332463,-4.815331
-0.562973,-0.337379,-4.816541
-0.527161,-0.340791,-4.817705
-0.265789,-0.342194,-4.818798
0.033529,-0.340191,-4.819757
-0.990547,-0.324187,-4.820143
0.438084,-0.344857,-4.821967
-0.573245,-0.343110,-4.822945
-0.618709,-0.329537,-4.823438
-0.082899,-0.335903,-4.824699
-0.596591,-0.325116,-4.825284
-0.039815,-0.340368,-4.826892
-0.289881,-0.342456,-4.828013
-0.249176,-0.334044,-4.828714
-0.569467,-0.327249,-4.829455
-0.352566,-0.335305,-4.830778
0.062295,-0.337318,-4.831881
-0.192571,-0.334136,-4.832779
-0.382741,-0.331552,-4.833691
-0.837632,-0.286599,-4.793537
0.119186,-0.296916,-4.794822
-0.477602,-0.292311,-4.795536
-0.419930,-0.289095,-4.796291
-0.401261,-0.284879,-4.796997
-0.564577,-0.284388,-4.797841
-0.399679,-0.286427,-4.798786
-0.515734,-0.274155,-4.799158
-0.226091,-0.284616,-4.800412
-0.211138,-0.279677,-4.801076
-0.495370,-0.271766,-4.801604
-0.259607,-0.282836,-4.802876
-0.298388,-0.282851,-4.810283
-0.302564,-0.281734,-4.811096
-0.369766,-0.283282,-4.812015
0.040315,-0.281254,-4.812793
-0.312517,-0.281355,-4.818025
-0.189566,-0.286060,-4.819071
-0.459642,-0.281529,-4.819756
-0.462904,-0.280821,-4.820583
-0.022151,-0.265105,-4.798237
-0.324613,-0.258481,-4.798773
-0.476692,-0.258189,-4.799545
-0.293210,-0.257677,-4.800307
-0.133396,-0.262409,-4.801280
-0.224670,-0.259133,-4.801943
-0.282569,-0.263261,-4.802895
-0.240969,-0.264226,-4.803733
-0.386160,-0.257717,-4.805560
-0.209554,-0.259674,-4.806421
-0.257064,-0.261016,-4.807263
-0.043238,-0.263498,-4.808156
-0.632271,-0.261544,-4.808876
-0.374048,-0.259494,-4.809587
-0.516999,-0.256729,-4.810263
-0.227421,-0.259180,-4.811141
-0.210333,-0.265176,-4.812171
-0.137975,-0.258700,-4.812714
-0.180719,-0.254075,-4.813312
0.106146,-0.263644,-4.814471
0.015102,-0.236535,-4.790370
-0.345680,-0.242090,-4.791311
-0.424776,-0.241697,-4.792028
-0.331183,-0.232679,-4.792396
0.122994,-0.247794,-4.793710
-0.259186,-0.239712,-4.794135
-0.269162,-0.234774,-4.794661
-0.380682,-0.240583,-4.795607
-1.030030,-0.232345,-4.805172
-0.628269,-0.258781,-4.806946
-0.084181,-0.255866,-4.807613
-0.539986,-0.244702,-4.807938
-0.256741,-0.249514,-4.808875
-0.716805,-0.244377,-4.809424
-0.205646,-0.252248,-4.810484
-0.544248,-0.242780,-4.810866
-0.144474,-0.251519,-4.811957
-0.147287,-0.255124,-4.812866
0.369005,-0.257431,-4.813734
-0.093667,-0.250661,-4.814242
-0.533903,-0.196200,-4.765841
-0.080709,-0.208305,-4.766920
-0.929144,-0.202948,-4.767333
-0.174146,-0.214352,-4.768405
-0.094326,-0.209993,-4.768876
-0.010036,-0.216813,-4.769784
-0.068171,-0.216136,-4.770412
-0.127037,-0.217641,-4.771125
-0.280732,-0.217402,-4.771772
-0.272815,-0.216633,-4.772397
-0.417457,-0.216796,-4.773058
-0.594098,-0.215890,-4.773676
0.056643,-0.214508,-4.774273
0.197746,-0.228305,-4.775476
-0.647496,-0.220693,-4.775859
-0.630068,-0.217486,-4.776396
-0.271437,-0.222233,-4.777245
-0.743550,-0.218197,-4.777753
-0.407772,-0.224199,-4.778654
-0.469821,-0.218274,-4.779093
0.511705,-0.145347,-4.695868
-0.282519,-0.149723,-4.696477
-0.496448,-0.153617,-4.697079
-0.852515,-0.139983,-4.696995
0.060414,-0.164040,-4.698373
-0.129931,-0.166818,-4.698974
0.089665,-0.169352,-4.699574
-0.164275,-0.157776,-4.699618
-0.188326,-0.170609,-4.700602
-0.897135,-0.158048,-4.700611
-0.207204,-0.173051,-4.701682
-0.296553,-0.175290,-4.702289
0.596178,-0.176977,-4.702881
-0.403690,-0.178079,-4.703454
-0.112515,-0.178198,-4.703991
-0.368148,-0.178443,-4.704534
-0.547401,-0.172360,-4.704826
0.422069,-0.184185,-4.705813
-0.046233,-0.182980,-4.706316
-0.362652,-0.176234,-4.706594
-0.324354,-0.119092,-4.637658
-0.199696,-0.113711,-4.637798
-0.370951,-0.121604,-4.638448
-0.109458,-0.133724,-4.639288
-0.095687,-0.129199,-4.639505
-0.249814,-0.133751,-4.640069
-0.686416,-0.121111,-4.639965
1.025238,-0.144115,-4.641235
-0.183857,-0.147363,-4.641791
-0.127015,-0.142018,-4.642016
-0.400012,-0.140666,-4.642384
-0.107447,-0.143818,-4.642926
-0.445706,-0.143896,-4.643356
-0.408682,-0.143287,-4.643759
-0.309931,-0.147904,-4.644367
-0.468945,-0.146928,-4.644767
-0.212225,-0.146644,-4.645192
-0.503082,-0.148250,-4.645691
0.503202,-0.155723,-4.646427
-0.296582,-0.158956,-4.647017
-0.448782,-0.105784,-4.604196
-0.357737,-0.114740,-4.604861
0.247405,-0.119314,-4.605380
-0.013837,-0.118075,-4.605683
-0.135787,-0.124877,-4.606300
-0.543133,-0.117608,-4.606382
-0.069489,-0.123638,-4.606967
-0.469142,-0.126215,-4.607433
0.121503,-0.127043,-4.607839
0.138174,-0.131846,-4.608403
-0.253136,-0.133014,-4.608838
-0.266325,-0.121476,-4.608777
0.045735,-0.135847,-4.609702
-0.757599,-0.132231,-4.609960
-0.035595,-0.135450,-4.610478
-0.172653,-0.133210,-4.610790
-0.211533,-0.130287,-4.611068
-0.205689,-0.140389,-4.611851
-0.552477,-0.136764,-4.612123
-0.303060,-0.138808,-4.612607
-0.133004,-0.092281,-4.564594
0.556137,-0.099604,-4.565152
-0.201806,-0.089605,-4.565053
-0.029805,-0.097900,-4.565641
-0.333277,-0.100706,-4.566038
-0.387195,-0.101541,-4.566367
-0.399833,-0.099373,-4.566580
0.401276,-0.106145,-4.567137
0.633299,-0.116915,-4.567870
-0.089824,-0.107003,-4.567825
-0.071867,-0.105659,-4.568087
0.875876,-0.109259,-4.568538
0.025875,-0.115793,-4.569115
-0.494290,-0.101609,-4.568900
0.077558,-0.116322,-4.569774
0.010657,-0.110307,-4.569881
0.129136,-0.115239,-4.570398
-0.157993,-0.110968,-4.570569
-0.189361,-0.115094,-4.571057
-0.244906,-0.110282,-4.571206
-0.230726,-0.092033,-4.544238
0.088048,-0.092655,-4.544532
-0.406538,-0.088130,-4.544626
-0.527456,-0.094237,-4.545123
0.734476,-0.098868,-4.545579
0.085741,-0.098988,-4.545874
-0.009057,-0.099498,-4.546183
-0.003663,-0.101865,-4.546567
-0.173280,-0.099148,-4.546759
-0.242721,-0.095727,-4.546916
0.111557,-0.105628,-4.547583
-0.025468,-0.099766,-4.547663
-0.410581,-0.098230,-4.548077
-0.035498,-0.107268,-4.548718
-0.665809,-0.092166,-4.548442
0.176800,-0.105384,-4.549229
0.414454,-0.105914,-4.549558
-0.093401,-0.104374,-4.549808
0.408538,-0.110356,-4.550348
-0.238758,-0.101537,-4.550326
-0.054138,-0.091255,-4.531728
0.034015,-0.093708,-4.532091
-0.255649,-0.087681,-4.532130
-0.190419,-0.090951,-4.532513
-0.321970,-0.093820,-4.537217
-0.410905,-0.091166,-4.537388
0.101961,-0.099741,-4.537989
-0.233898,-0.095981,-4.538134
-0.045550,-0.099443,-4.538549
-0.069049,-0.100847,-4.538895
-0.436982,-0.096939,-4.539038
-0.313429,-0.097748,-4.539353
-0.094687,-0.099624,-4.539712
-0.304926,-0.101166,-4.540063
-0.268485,-0.099562,-4.540297
0.359839,-0.097978,-4.540526
-0.069822,-0.102395,-4.540985
-0.552241,-0.096889,-4.541070
-0.446785,-0.101625,-4.541538
-0.500856,-0.101913,-4.541847
-0.168987,-0.091823,-4.529292
-0.251548,-0.088868,-4.529445
-0.066677,-0.093251,-4.529875
0.271557,-0.092331,-4.530112
-0.050224,-0.092984,-4.530407
0.290721,-0.096368,-4.530810
-0.016419,-0.093747,-4.530990
0.272604,-0.096122,-4.531356
-0.245796,-0.096390,-4.531648
-0.164017,-0.094580,-4.531859
-0.367456,-0.091961,-4.532033
-0.093443,-0.095189,-4.532428
-0.341757,-0.094460,-4.532677
-0.291045,-0.092894,-4.532892
-0.288911,-0.097494,-4.533343
-0.481626,-0.096939,-4.533606
-0.340789,-0.095089,-4.533817
0.186708,-0.098861,-4.534242
-0.199170,-0.094235,-4.534351
-0.085707,-0.093606,-4.534602
0.191732,-0.087038,-4.525700
-0.221902,-0.087022,-4.525953
-0.426537,-0.082084,-4.526015
0.208850,-0.094953,-4.526756
-0.771241,-0.091345,-4.534737
0.250919,-0.099531,-4.535323
0.800702,-0.102352,-4.535724
-0.076811,-0.103203,-4.536057
-0.223229,-0.099966,-4.536232
0.033924,-0.095069,-4.536333
0.056030,-0.096090,-4.536651
-0.080843,-0.095204,-4.536898
0.122415,-0.097731,-4.537274
-0.467750,-0.090064,-4.537261
0.132778,-0.094717,-4.537706
0.173858,-0.099572,-4.538172
0.445913,-0.099375,-4.538456
-0.007443,-0.099721,-4.538760
0.846555,-0.101751,-4.539130
0.187943,-0.101036,-4.539400
-0.217552,-0.079761,-4.527266
-0.131846,-0.084314,-4.527676
-0.078637,-0.093749,-4.528289
-0.491893,-0.081966,-4.528104
0.453739,-0.089694,-4.528645
0.082640,-0.091132,-4.528963
0.082673,-0.091049,-4.529225
-0.214487,-0.091777,-4.529520
-0.328219,-0.088317,-4.529653
-0.387608,-0.090483,-4.529995
-0.001696,-0.088685,-4.530189
-0.269013,-0.086727,-4.530372
-0.131433,-0.083562,-4.530502
-0.220883,-0.089043,-4.530960
-0.170757,-0.091893,-4.531331
0.066831,-0.090479,-4.531544
-0.231882,-0.093487,-4.531926
-0.159171,-0.084088,-4.531833
-0.079054,-0.093230,-4.532434
-0.053131,-0.093776,-4.532728
0.243619,-0.059017,-4.498687
-0.341400,-0.051538,-4.498569
0.317927,-0.064630,-4.499227
0.287325,-0.066269,-4.499478
-0.440530,-0.064505,-4.499602
0.293123,-0.068285,-4.499937
-0.387345,-0.067404,-4.500101
-0.436375,-0.069998,-4.500398
-0.414337,-0.061514,-4.503538
-0.175851,-0.069098,-4.504011
-0.227779,-0.074059,-4.504405
-0.188418,-0.068894,-4.504420
-0.266264,-0.075002,-4.504857
-0.185370,-0.071279,-4.504931
-0.329684,-0.071425,-4.505144
-0.156212,-0.069049,-4.505260
-0.164933,-0.076044,-4.505732
-0.270893,-0.081311,-4.506158
0.154988,-0.075038,-4.506151
-0.291348,-0.072595,-4.506275
0.000480,-0.042762,-4.468396
-0.258695,-0.037713,-4.468325
-0.272933,-0.043850,-4.468671
-0.271634,-0.042027,-4.468728
-0.576061,-0.052472,-4.481314
0.090188,-0.059873,-4.481752
-0.385914,-0.058182,-4.481861
0.093379,-0.062135,-4.482182
-0.073869,-0.063006,-4.482396
-0.197817,-0.060965,-4.482500
-0.226464,-0.064047,-4.482796
-0.148268,-0.062718,-4.482931
-0.101229,-0.058131,-4.482935
-0.282865,-0.067191,-4.483454
-0.019269,-0.059673,-4.483359
-0.272019,-0.064796,-4.483730
-0.379583,-0.056231,-4.483587
-0.058984,-0.069472,-4.484262
-0.004222,-0.068156,-4.484413
0.137569,-0.068388,-4.484620
0.158046,-0.037056,-4.453416
0.388892,-0.037492,-4.453540
0.104419,-0.041424,-4.453800
0.280738,-0.041883,-4.453937
-0.073496,-0.042968,-4.454100
-0.017744,-0.043634,-4.454250
-0.383812,-0.037047,-4.454122
-0.179988,-0.043554,-4.454480
0.544449,-0.048585,-4.454800
0.217710,-0.044696,-4.454790
-0.048925,-0.049769,-4.455115
-0.243757,-0.043235,-4.455007
0.142704,-0.050804,-4.455424
-0.414995,-0.039943,-4.455152
0.055208,-0.050788,-4.455685
-0.551184,-0.046633,-4.455672
-0.072187,-0.047975,-4.455859
-0.085463,-0.049695,-4.456063
-0.272235,-0.049410,-4.456196
-0.192875,-0.049652,-4.456348
-0.011548,-0.039036,-4.441838
0.217417,-0.041379,-4.442040
-0.625704,-0.026996,-4.441606
-0.197619,-0.038606,-4.442131
0.182707,-0.045422,-4.442505
0.033200,-0.043546,-4.442563
-0.144036,-0.038855,-4.442509
-0.138842,-0.040159,-4.442671
-0.283264,-0.045481,-4.447491
0.088040,-0.049696,-4.447784
-0.212340,-0.041747,-4.447622
-0.052146,-0.050000,-4.448060
-0.298490,-0.047674,-4.451653
-0.076076,-0.054957,-4.452072
-0.281470,-0.050840,-4.452072
0.047461,-0.048137,-4.452115
0.043640,-0.047200,-4.452356
0.043438,-0.056596,-4.452855
-0.383752,-0.055556,-4.452978
0.303102,-0.051676,-4.452989
0.094957,-0.040478,-4.440720
-0.277167,-0.038066,-4.440744
0.150899,-0.044066,-4.441085
-0.216301,-0.038876,-4.441012
0.053510,-0.042975,-4.441414
0.078645,-0.041092,-4.441465
-0.249313,-0.043251,-4.441667
0.070185,-0.042929,-4.441779
0.220730,-0.045993,-4.442021
-0.446756,-0.039131,-4.441890
-0.560107,-0.038474,-4.441977
-0.454475,-0.040495,-4.442166
0.421750,-0.048284,-4.448657
0.053791,-0.055864,-4.449088
-0.520217,-0.038809,-4.448593
0.593206,-0.061396,-4.449574
-0.042200,-0.055296,-4.449517
-0.238976,-0.039717,-4.449076
0.598344,-0.053520,-4.449723
0.275674,-0.051947,-4.449817
0.055943,-0.040615,-4.439027
-0.087105,-0.040600,-4.439143
-0.412617,-0.035298,-4.439057
0.654703,-0.043388,-4.439469
0.011040,-0.044533,-4.439639
-0.077855,-0.043204,-4.439716
-0.726463,-0.026399,-4.439194
0.156326,-0.041219,-4.439840
-0.220669,-0.044610,-4.440090
-0.291359,-0.045846,-4.440266
-0.476490,-0.040436,-4.440190
0.038645,-0.044586,-4.440466
-0.264803,-0.045293,-4.445040
0.050746,-0.046934,-4.445233
-0.151388,-0.049223,-4.445457
-0.222615,-0.039610,-4.445229
-0.098319,-0.046101,-4.445593
0.216468,-0.044246,-4.445655
-0.020286,-0.049517,-4.445985
-0.342279,-0.044236,-4.445925
0.111165,-0.043936,-4.444710
-0.110774,-0.045626,-4.444902
-0.317298,-0.049043,-4.445165
-0.294231,-0.045345,-4.445164
0.015112,-0.045050,-4.445284
0.078272,-0.045951,-4.445448
-0.223805,-0.043218,-4.445476
0.045920,-0.051758,-4.445929
-0.051928,-0.044114,-4.445784
-0.335491,-0.043726,-4.445897
-0.184005,-0.044380,-4.446048
0.182686,-0.052403,-4.446485
-0.122152,-0.045355,-4.446365
0.175114,-0.045187,-4.446489
0.362352,-0.049499,-4.446786
0.180517,-0.046937,-4.446830
-0.380245,-0.041537,-4.446758
0.045766,-0.042293,-4.446907
-0.134401,-0.045265,-4.447143
-0.137447,-0.046191,-4.447310
-0.222836,-0.032928,-4.433685
-0.033924,-0.035758,-4.433889
-0.290402,-0.028549,-4.433715
0.451097,-0.032631,-4.433954
-0.110505,-0.042566,-4.434430
-0.249188,-0.027247,-4.433964
-0.121429,-0.033923,-4.434299
0.147467,-0.036360,-4.434490
-0.084299,-0.039205,-4.438834
-0.419314,-0.033013,-4.438709
-0.130001,-0.041182,-4.439119
0.003071,-0.039743,-4.439182
-0.304578,-0.039024,-4.440125
0.233606,-0.042544,-4.440373
-0.022354,-0.042896,-4.440510
0.180316,-0.042511,-4.440618
0.470456,-0.043174,-4.440767
0.115070,-0.045670,-4.440987
0.455625,-0.036630,-4.440771
0.074825,-0.044808,-4.441191
0.237602,-0.025852,-4.419884
-0.255235,-0.015990,-4.419580
-0.241103,-0.024595,-4.419956
-0.287183,-0.020715,-4.419878
0.278904,-0.031775,-4.428783
0.460035,-0.037197,-4.429082
0.158105,-0.032992,-4.429028
0.592148,-0.035529,-4.429220
-0.093858,-0.037865,-4.429412
0.164796,-0.037708,-4.429515
0.194906,-0.032417,-4.429421
0.063232,-0.035420,-4.429629
0.151388,-0.040011,-4.429908
-0.168619,-0.033586,-4.429776
0.181484,-0.037492,-4.430023
-0.147322,-0.038696,-4.430177
-0.035643,-0.029943,-4.429952
0.353360,-0.037293,-4.430321
0.042767,-0.037714,-4.430444
-0.242563,-0.029986,-4.430256
0.220606,-0.026950,-4.421830
0.072305,-0.024637,-4.421819
-0.184064,-0.025593,-4.421927
-0.113224,-0.025222,-4.421986
-0.690965,-0.030917,-4.427888
-0.328001,-0.032004,-4.428019
-0.602722,-0.028096,-4.427961
-0.069976,-0.033364,-4.428244
-0.040440,-0.038607,-4.428541
-0.615352,-0.032404,-4.428414
-0.337389,-0.034809,-4.428600
0.329826,-0.037075,-4.428787
-0.316302,-0.033457,-4.428755
0.000176,-0.032842,-4.428828
-0.137262,-0.036139,-4.429049
-0.518942,-0.027494,-4.428821
0.059341,-0.037900,-4.429300
-0.258652,-0.037157,-4.429380
-0.335135,-0.031382,-4.429266
0.277194,-0.034523,-4.429477
0.204952,-0.017655,-4.407491
-0.147840,-0.017891,-4.407551
-0.762708,-0.006002,-4.407147
0.126765,-0.013582,-4.407454
0.102024,-0.021736,-4.407805
0.006385,-0.017093,-4.407690
-0.084121,-0.020670,-4.407876
-0.271482,-0.020306,-4.407921
-0.262756,-0.024030,-4.414948
0.206907,-0.033118,-4.415365
0.314910,-0.031578,-4.415401
-0.245267,-0.027652,-4.415342
-0.271280,-0.033207,-4.415634
-0.208929,-0.024252,-4.415386
0.642218,-0.027500,-4.415580
0.150155,-0.034607,-4.415932
-0.622529,-0.022781,-4.418608
0.091093,-0.026247,-4.418807
0.533756,-0.033082,-4.419144
0.101508,-0.033368,-4.419250
0.101066,-0.017060,-4.405675
-0.112046,-0.012041,-4.405532
0.030802,-0.017708,-4.405783
0.300056,-0.026979,-4.406189
-0.394234,-0.021803,-4.413745
-0.094277,-0.024049,-4.413894
0.584697,-0.033845,-4.414338
-0.149585,-0.025019,-4.414097
0.372476,-0.026857,-4.414239
0.865995,-0.033482,-4.414570
-0.125957,-0.029231,-4.414504
0.228606,-0.026646,-4.414489
-0.067016,-0.028351,-4.414631
-0.072440,-0.028518,-4.414718
-0.277294,-0.025789,-4.414696
-0.330018,-0.022015,-4.414625
-0.132174,-0.023772,-4.414756
-0.211055,-0.027961,-4.414985
-0.070387,-0.025583,-4.414974
0.552678,-0.028310,-4.415152
0.136241,-0.010554,-4.393603
-0.284005,-0.003035,-4.393346
-0.103072,-0.009818,-4.393614
0.325385,-0.010358,-4.393663
-0.346171,-0.014886,-4.396778
-0.280861,-0.012242,-4.396720
0.051175,-0.012416,-4.396762
-0.526086,-0.008793,-4.396659
-0.560814,-0.019346,-4.404896
0.082162,-0.020566,-4.404998
-0.846933,-0.014436,-4.404822
0.249406,-0.022233,-4.405162
0.379828,-0.031029,-4.405563
-0.284256,-0.023074,-4.405347
0.076406,-0.023253,-4.405420
0.149379,-0.028012,-4.405669
-0.008475,-0.023136,-4.405563
-0.113447,-0.015308,-4.405330
-0.114512,-0.016222,-4.405409
0.636198,-0.026542,-4.405850
-0.047644,-0.012320,-4.391935
-0.065507,-0.010708,-4.391909
0.040071,-0.013227,-4.392035
0.319506,-0.010254,-4.391960
-0.013110,-0.014535,-4.392153
0.007555,-0.013357,-4.392149
-0.053644,-0.012229,-4.392144
0.268034,-0.015128,-4.392290
-0.000785,-0.015222,-4.393916
0.199098,-0.019414,-4.394120
-0.274807,-0.017900,-4.394118
-0.154612,-0.014930,-4.394056
0.000084,-0.019725,-4.400531
0.078133,-0.024926,-4.400786
-0.319323,-0.010326,-4.400299
-0.517958,-0.018407,-4.400638
-0.108329,-0.023632,-4.400890
0.043943,-0.024557,-4.400994
-0.274784,-0.024618,-4.401066
-0.156243,-0.020173,-4.400967
-0.249827,-0.017679,-4.397839
-0.629360,-0.011087,-4.397638
0.504342,-0.024859,-4.398196
0.083199,-0.021322,-4.398132
0.124427,-0.022611,-4.398242
-0.050026,-0.022605,-4.398307
0.180530,-0.019089,-4.398237
0.362928,-0.025252,-4.398528
-0.030713,-0.018138,-4.400389
-0.123041,-0.013176,-4.400252
0.349955,-0.020330,-4.400563
-0.364088,-0.018600,-4.400555
0.834824,-0.022149,-4.400744
0.086879,-0.026854,-4.400988
-0.343518,-0.019621,-4.400788
0.065274,-0.017165,-4.400750
0.054644,-0.020041,-4.400910
-0.000148,-0.023117,-4.401085
-0.229998,-0.019832,-4.401025
-0.169681,-0.018525,-4.401032
-0.016652,-0.019143,-4.400553
0.071268,-0.024216,-4.400802
-0.190659,-0.020131,-4.400716
-0.344967,-0.020614,-4.400792
0.175555,-0.022093,-4.400907
-0.042452,-0.018958,-4.400851
0.002512,-0.014699,-4.400742
0.262586,-0.024461,-4.401158
0.130869,-0.019026,-4.401020
-0.240511,-0.018923,-4.401071
-0.281170,-0.021171,-4.401211
-0.075424,-0.017324,-4.401125
0.064858,-0.019828,-4.401270
0.592097,-0.024384,-4.401501
0.988419,-0.022338,-4.401493
0.300093,-0.029701,-4.401838
-0.408030,-0.016958,-4.401436
-0.096279,-0.015467,-4.401428
0.639298,-0.020887,-4.401680
-0.460253,-0.015158,-4.401520
0.164274,-0.009803,-4.388564
0.020646,0.004356,-4.388052
0.732387,-0.011310,-4.388637
-0.309518,-0.010330,-4.388632
-0.252564,-0.013204,-4.393525
-0.015162,-0.010398,-4.393456
0.023562,-0.017224,-4.393747
-0.449532,-0.011213,-4.393566
0.237629,-0.015255,-4.398777
-0.159696,-0.021154,-4.399046
-0.167071,-0.021005,-4.399101
0.065261,-0.011972,-4.398816
-0.211558,-0.018202,-4.399088
0.224855,-0.024349,-4.399376
-0.036130,-0.022815,-4.399387
0.135803,-0.021623,-4.399407
-0.049707,-0.019267,-4.399379
-0.447219,-0.010124,-4.399084
0.598316,-0.018627,-4.399438
0.469511,-0.029688,-4.399915
-0.209116,-0.013490,-4.395887
0.539615,-0.012514,-4.395888
-0.183722,-0.015999,-4.396057
0.017081,-0.014053,-4.396028
0.385788,-0.018697,-4.396246
-0.226492,-0.014119,-4.396125
0.066331,-0.017089,-4.396279
-0.503285,-0.018817,-4.396394
-0.121269,-0.014277,-4.396274
-0.042445,-0.016515,-4.396401
0.501054,-0.016008,-4.396429
-0.085013,-0.018566,-4.396572
-0.044660,-0.012978,-4.396412
-0.068191,-0.012710,-4.396439
-0.048773,-0.018752,-4.396706
-0.663746,-0.005838,-4.396266
0.068500,-0.018341,-4.396761
-0.325953,-0.015126,-4.396691
-0.576788,-0.008481,-4.396480
0.127968,-0.020322,-4.396957
0.214341,-0.003651,-4.378231
0.155559,0.002019,-4.378026
0.316631,-0.000708,-4.378124
-0.146023,-0.000021,-4.378100
0.019234,-0.006014,-4.380149
0.059462,0.000139,-4.379932
0.168824,-0.010282,-4.380329
0.218408,-0.003497,-4.380100
0.139238,-0.007699,-4.380270
0.122237,-0.006553,-4.380248
0.158700,0.000101,-4.380013
0.036386,-0.006365,-4.380259
0.063651,-0.011963,-4.380491
-0.122390,-0.004882,-4.380255
0.262549,-0.005649,-4.380298
0.183082,-0.011372,-4.380533
0.037632,-0.010188,-4.380520
-0.050170,-0.006647,-4.380414
-0.966196,0.003295,-4.380054
0.529079,-0.009707,-4.380541
0.205218,-0.007259,-4.375763
-0.215671,-0.006226,-4.375744
-0.010292,-0.007462,-4.375809
0.313615,-0.007519,-4.375833
0.035090,-0.013109,-4.388468
0.060126,-0.019290,-4.388742
-0.200432,-0.015841,-4.388665
-0.142070,-0.015457,-4.388696
-0.284562,-0.018610,-4.388860
0.186678,-0.014423,-4.388754
-0.211782,-0.010923,-4.388662
-0.389364,-0.009663,-4.388645
0.410612,-0.022457,-4.389161
-0.241676,-0.009781,-4.388741
0.130809,-0.019312,-4.389133
0.217596,-0.014721,-4.389013
-0.211773,-0.015977,-4.389103
-0.029888,-0.014263,-4.389084
-0.145140,-0.008630,-4.388909
-0.261588,-0.009958,-4.388985
-0.267948,-0.016529,-4.399609
0.211773,-0.033651,-4.400311
-0.259418,-0.022604,-4.399985
0.112169,-0.027129,-4.400223
0.149191,-0.023790,-4.400173
-0.098672,-0.021713,-4.400162
0.393124,-0.021990,-4.400235
0.175838,-0.022905,-4.400333
-0.171228,-0.019742,-4.400277
-0.055836,-0.024436,-4.400513
0.066111,-0.019999,-4.400414
0.253268,-0.024303,-4.400636
-0.139872,-0.024934,-4.400730
-0.285871,-0.018961,-4.400573
0.367490,-0.022169,-4.400750
0.494926,-0.027965,-4.401035
0.420458,-0.022120,-4.400892
-0.020256,-0.018614,-4.400821
-0.120586,-0.013650,-4.400685
-0.485038,-0.021939,-4.401041
-0.112747,-0.002315,-4.387124
-0.221500,0.000945,-4.387006
-0.086240,-0.001788,-4.387107
0.360601,-0.015891,-4.387651
-0.271795,-0.007732,-4.387385
0.016488,-0.008093,-4.387421
-0.097928,-0.008778,-4.387470
0.163765,-0.005230,-4.387360
-0.072407,-0.008699,-4.387507
0.042834,-0.010376,-4.387596
0.083680,-0.007529,-4.387517
-0.155427,-0.006185,-4.387487
-0.171472,-0.006476,-4.387516
