0.0,0.0,0.001671105455607176,0.999998603703603,-0.0016711046778209282,-0.001671105455607176,0.9442115343928682,1.0000765857997773,-0.0047334374143086855
0.0,0.0,0.001671105455607176,0.999998603703603,-0.0016711046778209282,-0.001671105455607176,0.9442115343928682,1.0000765857997773,-0.004468575459168209
0.0,0.0,0.001671105455607176,0.999998603703603,-0.0016711046778209282,-0.001671105455607176,0.9442115343928682,1.0000765857997773,-0.004483394466129746
0.0,0.0,0.001409713122993708,0.999998603703603,-0.0016711046778209282,-0.001671105455607176,0.2105932116590845,0.5634100438838874,-0.0038284845168461623
0.0,0.0,0.0004477284429594878,0.99999900635462,-0.0014097126560753666,-0.001409713122993708,0.219045164198565,0.586021016160711,-0.00322426966515734
0.0,0.0,0.0012872385745868091,0.9999998997696223,-0.00044772842800082407,-0.0004477284429594878,0.5879644035038947,1.0000009341531602,-0.00032975474460982234
0.0,0.0,-0.003733119633980096,0.9999991715085405,-0.0012872382190980676,-0.0012872385745868091,0.5651645246553193,1.000001412482003,-0.0067997032601540865
0.04065902778774173,4.979294823670121e-18,-0.0030330736609175814,0.9999930319169916,0.003733110963080238,0.003733119633980096,0.2154994510686027,0.5765353948313611,0.022930440492873412
0.08131805535434607,-0.018553140790066203,-0.005942511721514166,0.9593365594698164,0.0029097473732637353,0.0030330736609175814,0.2189961018044697,0.5858897626512358,-0.005457453724488392
0.12197708451882427,1.4937884612530432e-17,-0.006354777007363737,0.9185554721732496,0.024012059296836155,0.005942511721514166,0.5768714098006282,1.0000011364126034,0.09140723744912356
0.18974213031573992,-0.01855314079006619,-0.01068049631547183,1.0780011485518788,0.006850549128654976,0.006354777007363737,0.5653863894356244,1.00000140652098,-0.02954104924333526
0.25750717644436166,-0.018553140790066182,-0.012592670205049217,1.0100020956737679,0.029341932907570333,0.01068049631547183,0.21549723242079954,0.5765294594236863,0.12605317729619697
0.3252722225729833,-0.018553140790066175,-0.009222134472802285,0.9421844690732687,0.03041985739904567,0.012592670205049217,0.21899612399094792,0.5858898220053129,0.003795346757139479
0.4065902790330164,4.979294837822128e-17,-0.011128735234960916,1.0745109790196052,0.02846349544101244,0.009222134472802285,0.5768764261571606,1.0000011363094499,0.106071367236027
0.48790833328167554,-0.018553140790066154,-0.012338605271652342,0.993348205326812,0.011055165566445082,0.011128735234960916,0.5653862891062749,1.000001406523667,-0.011501336478008616
0.5827794006021629,7.136989275564519e-17,-0.012106542820110918,0.9117933245710247,0.02980538202917392,0.012338605271652342,0.215497233424093,0.5765294621077341,0.11623976409594151
0.6640974543716911,-0.018553140790066133,-0.012284020753577353,1.0171460541211446,0.012314723914110894,0.012106542820110918,0.21899612398091484,0.5858898219784724,-0.04326864406940464
0.7589685168878125,-0.037106281580132336,-0.018589104684069754,0.9356040325606104,0.030048098160268356,0.012284020753577353,0.5768764238887164,1.0000011363094956,0.15012797874976552
0.8538395812098891,-0.03710628158013232,-0.022187676029279832,1.0401618887441864,0.05645059935546485,0.018589104684069754,0.5653862891516448,1.0000014065236646,0.11074043084872953
0.948710645531966,-0.03710628158013231,-0.026433667773380874,0.9451042996790728,0.058088526801009586,0.022187676029279832,0.21549723342363936,0.5765294621065199,0.11094536896203472
1.043581711009642,-0.0371062815801323,-0.028027724437415597,1.0499413466306535,0.06487951591935213,0.026433667773380874,0.21899612398091917,0.5858898219784838,0.13061412588632573
1.1384527722357949,-0.05565942237019849,-0.027015008758753536,0.9550027863148853,0.06389442682076163,0.028027724437415597,0.5768764238897428,1.0000011363094996,0.17852095856726302
1.233323836299878,-0.055659422370198476,-0.024356421288102864,1.0596564301663165,0.08431333275130415,0.027015008758753536,0.5653862891516248,1.000001406523669,0.19354182619330426
1.328194900363961,-0.05565942237019847,-0.021275583459064364,0.9650339143772958,0.07918535765028542,0.024356421288102864,0.21549723342363958,0.576529462106521,0.10302515902199802
1.4230659644280443,-0.055659422370198455,-0.014238999327644709,1.070378434904115,0.07844838428304655,0.021275583459064364,0.2189961239809194,0.5858898219784846,0.16486030155923243
1.5179370255198288,-0.07421256316026467,-0.017020710129290822,0.9760424932990606,0.06956387303798285,0.014238999327644709,0.5768764238897417,1.000001136309498,0.1372250549338883
1.612808089325918,-0.07421256316026466,-0.017317991349846122,1.0806431494316815,0.09261840453208484,0.017020710129290822,0.5653862891516241,1.0000014065236669,0.22341239847360514
1.7076791531320075,-0.07421256316026464,-0.008964345119893549,0.9857587303309198,0.09129676121053876,0.017317991349846122,0.21549723342363947,0.576563853995817,0.09649594824065488
1.802550216938097,-0.07421256316026463,-0.014217633400112388,1.091611699874054,0.08400139124623168,0.008964345119893549,0.2189961239809194,0.5858898219784846,0.16369573560201142
1.8974212807441866,-0.07421256316026462,-0.01594310860149562,0.9962938804925382,0.08838596016434719,0.014217633400112388,0.5768473560281344,1.0000011369074062,0.1936393148667139
1.9922923402880088,-0.0927657039503308,-0.010640041986480352,0.9012808829015369,0.08859243252392693,0.01594310860149562,0.5653865798302402,1.0000014065158749,0.18402468774120267
2.0871634038361044,-0.0927657039503308,-0.01147106125950813,1.0066636063480825,0.10348230247675824,0.010640041986480352,0.21549723051685354,0.5765294543301805,0.1497411125887982
2.1820344614503475,-0.111318844740397,-0.014910569563508029,0.9117124411723869,0.10323057559160581,0.01147106125950813,0.21899612400998725,0.5858898220562476,0.18695002540874953
2.27690552474045,-0.11131884474039698,-0.017263769246637816,1.0164442397509987,0.10961001743897254,0.014910569563508029,0.5768764304619771,1.0000011363093624,0.24254047645032303
2.371776588030552,-0.11131884474039697,-0.010994883738458153,0.9213265653641617,0.1103638572189927,0.017263769246637816,0.5653862890201768,1.0000014065236718,0.21927895417604698
2.45309464343481,-0.11131884474039695,-0.011674263444729147,1.0276764115116823,0.05540110463807828,-0.23560115276154187,0.21549723342495408,0.5765294621100372,-0.44288518098347424
2.5479656997959395,-0.12987198553046317,-0.010321010607294737,0.9463260218506152,0.05514996745958326,-0.23492177305527084,0.2189961239809063,0.5859251520168927,0.06961207733802478
2.629283753823461,-0.12987198553046314,-0.009712599278427658,1.052187882557665,-0.009450948640976243,-0.38288635779270525,0.57687642388677,1.000068820098226,-0.9625375972449897
2.737707825860157,-0.12987198553046314,-0.016030042455531655,0.9708677192473408,-0.01088090713532621,-0.3834947691215723,0.5653564283708696,1.0000000434605272,-0.25993123695656417
2.819025872221583,-0.14842512632052937,-0.016636515944264824,1.0643114751149432,-0.11744451667971048,-0.5027166158444684,0.21549753203144717,0.5765646529224003,-0.9345236850728025
2.9138969361512967,-0.14842512632052934,-0.022186018335632975,0.9827670677052645,-0.09960123165852874,-0.5021101423557351,0.21899612099484134,0.5859251440276626,-0.4136316287961763
2.995214989957681,-0.14842512632052934,-0.02821511245798319,0.8884569528551007,-0.09625049625202949,-0.496560639964367,0.5768466808090387,1.00017981551986,-1.0000196682368618
3.0900860443285736,-0.16697826711059552,-0.042302291314117606,0.8077354173907356,-0.09318628238481885,-0.4905315458420168,0.5653567325541062,1.0000000049324038,-0.811003587595384
3.1714041065381804,-0.14842512632052932,-0.049868684965185824,0.9192855822482913,-0.202158699350049,-0.5799758257858825,0.21549752898961494,0.5765646447857395,-0.8803703283139596
3.2662751515475894,-0.18553140790066172,-0.0684253606526181,0.8404967338806958,-0.21778092235099947,-0.5724094321348142,0.21899612102525956,0.5859251441090467,-0.9137791974017946
3.361146214961316,-0.1855314079006617,-0.09136031005065888,0.7472070164454528,-0.17161456869652267,-0.553852756447382,0.5768466876858018,1.000000396491704,-0.9997836851459379
3.442464258963942,-0.20408454948169585,-0.1182215805677697,0.8711773558350844,-0.31447264987388757,-0.6141213742493411,0.5653567324165532,1.0000000015031258,-0.9999519218603098
3.537335311344598,-0.22263769027176203,-0.14703448969405142,0.7963704873190833,-0.28212861929262384,-0.5872601037322304,0.21549752899099017,0.5765646447894186,-0.9999260441966419
3.6186533544258186,-0.2411908310618283,-0.18658078867476433,0.7076022486831642,-0.254615101027969,-0.5584471946059486,0.21899612102524602,0.5859251441090101,-0.9911490273965452
3.6999713970647634,-0.2597439718518945,-0.22364066112320868,0.8663452725277214,-0.3771563544571697,-0.5844538890252357,0.5768466876826921,1.0000026969579516,-0.9992092400885834
3.7948424388070245,-0.29685025343202687,-0.27027584958355877,0.796316900595377,-0.3447417890336337,-0.5473940165767913,0.5653567324166151,1.0000000003728995,-0.9999859796386528
3.7948424388070245,-0.29685025343202687,-0.311909997346811,0.7101881562910648,-0.29681513609040167,-0.5007588281164412,0.2154975289909894,0.576564644789417,-0.9790066217103202
3.9574784998335124,-0.37106281659229173,-0.3570858271745964,0.7219267997358795,-0.26699838608421766,-0.459124680353189,0.2189961210252459,0.5859251441090098,-0.8565025891856834
4.038796518036771,-0.4267222389624903,-0.40485131997149426,0.8174844417649886,-0.3530172919598681,-0.4645594309254036,0.5768466876826935,1.000015728663169,-0.9999762607760929
4.120114546117503,-0.4638285205426227,-0.44680674898903805,0.7367400912768773,-0.29445169922546754,-0.41679393812850574,0.5653567324166154,1.0000000810510479,-0.999901839013441
4.1878795536576465,-0.5194879437037894,-0.4824805708555504,0.9397436094543904,-0.38789532002467925,-0.412822700010962,0.21549752899098962,0.576564644789418,-0.8926976380492218
4.2556445612477,-0.5751473660739879,-0.5198952539591116,0.8671263197964929,-0.3362671439668685,-0.37714887814444964,0.2189961210252459,0.5859251441090108,-0.8474951154301323
4.336962586379932,-0.6122536476541204,-0.5555363799957556,0.7926355552831471,-0.2889558359279981,-0.3397341950408884,0.5768466876826926,1.0000547914498588,-0.9998594542649216
4.404727590676726,-0.667913070024319,-0.5957190062431617,1.0130671958925084,-0.37482503368982617,-0.33125359490424444,0.5653567324166145,1.0000001878732783,-0.9999579556368157
4.472492593867831,-0.7235724923945176,-0.6384008087543769,0.9399839465349155,-0.3257771180593888,-0.29107096865683835,0.21549752899098962,0.5765646447894174,-0.5837846786689292
4.54025758360641,-0.7977850555547824,-0.6772205536393447,0.8654416223896295,-0.28105708517801653,-0.24838916614562312,0.2189961210252459,0.5859251441090102,-0.7582232922107607
4.594469576834664,-0.853444478715949,-0.7287007268099113,1.0916201382247028,-0.30476732991565264,-0.22720361496065522,0.5768466876826932,1.0000678891874553,-0.8620618307468636
4.662234563956449,-0.9276570418762139,-0.7704211367992683,1.0283485065314588,-0.2427672419635235,-0.1757234417900887,0.5653567324166151,1.0000322674593127,-0.5148397582448805
4.716446543487238,-1.0018696050364788,-0.8136656214622778,0.9372653297984544,-0.19360316677039927,-0.1340030318007317,0.21549752899098962,0.5765646447894166,-0.35404588058442366
4.770658520683027,-1.0760821681967436,-0.8466646652249618,0.8535854358770222,-0.1413329671155486,-0.09075854713772213,0.2189961210252459,0.58592514410901,-0.2889622081435428
4.824870496699416,-1.1502947321479762,-0.8845389046100898,1.0928389583991092,-0.12635344492743236,-0.06670534447503829,0.5768466876826939,1.000001136921159,-0.3340137590540773
4.865529464706337,-1.2245072953082412,-0.9085975133208558,1.005075877007883,-0.07979739255900153,-0.02883110508991027,0.5653567324166153,1.00000140731599,-0.08278809815971991
4.91974143851135,-1.298719858468506,-0.928302516224794,0.9231782195475945,-0.042031509124510605,-0.004772496379144231,0.21549752899098962,0.5765302528190956,-0.05787402225114632
4.960400404601745,-1.3729324216287708,-0.9450613110093399,1.1594725808303048,-0.018099193837156084,0.014252742224794002,0.21899612102524602,0.5858898140713588,0.024949785591920234
5.014612376195383,-1.4471449855800036,-0.9536177703132851,1.0756476687009726,0.011844166301949169,0.031011537009339896,0.576875755612783,1.0000011363232384,0.09175946003412926
5.055271326621872,-1.539910689530335,-0.9656833393266423,0.9836110741585132,0.01978622546479363,0.039567996313285114,0.565386302517459,1.000001406523308,0.09446311462826439
5.109483295856709,-1.6141232526905995,-0.9693661012640221,0.8838776810561264,0.05098310066939979,0.05163356532664232,0.21549723328998116,0.5765294617489528,0.1658326954940471
5.163695265067744,-1.6883358158508646,-0.9716120753018184,1.1155857320730656,0.07191200741571532,0.06287065116402213,0.21899612398225587,0.58588982198206,0.15854539954488328
5.2043542261825415,-1.762548379802097,-0.9713178440928458,1.0235631010303534,0.07150296256304371,0.06511662520181838,0.5768764241919434,1.0000011363094887,0.2663134144593764
5.258566192026604,-1.8367609429623621,-0.9698252546228467,0.9393717053788061,0.07950415516985171,0.06482239399284584,0.5653862891455803,1.0000014065236664,0.2256705732211025
5.299225151224875,-1.9109735061226267,-0.962673493940383,0.8476259620424794,0.07535167451406208,0.06332980452284676,0.21549723342369997,0.5765638539959789,0.15561845628472032
5.353437114857559,-1.9851860692828918,-0.9544892753474413,1.0810692354317855,0.10128875380406374,0.072322745740383,0.21899612398091883,0.5858898219784828,0.26873652395182057
5.39409608680809,-2.0408454916530907,-0.9422647929750381,0.9899672529266734,0.09109654177036809,0.06413852714744128,0.5768473560279976,1.0000011369074089,0.2529969316575508
5.4618610385847255,-2.133611196394389,-0.9309771356917915,0.922078665799368,0.07882486964635944,0.051914044775038026,0.5653865798302431,1.0000014065158753,0.2035168866389957
5.502519993802519,-2.207823759554654,-0.9178996472992,1.1156426821458485,0.08980766795408336,0.06612775309179153,0.21549723051685343,0.5765294543301804,0.17971103437124775
5.556731967976088,-2.2634831819248524,-0.9051617095805702,1.0330727320515682,0.08799745663842234,0.053050264699200045,0.21899612400998725,0.5858898220562476,0.18366061768064748
5.610943927162218,-2.3376957450851177,-0.895031824354082,0.9568532094909185,0.06656532661156536,0.04031232698057019,0.5768764304619772,1.0000011363093626,0.18205382170272236
5.665155884013347,-2.4119083090363507,-0.8791044890321787,0.8656663564766226,0.06099103388077357,0.030182441754082023,0.5653862890201768,1.0000014065236718,0.1482213035725842
5.732920844008923,-2.486120872196615,-0.8704400160349901,1.0703726576084518,0.06766893682954835,0.050330728932178714,0.21549723342495397,0.576529462110037,0.14522134411809307
5.787132814091445,-2.541780294566814,-0.8657592003233726,0.9705010770145499,0.05440762307479444,0.04166625593499007,0.2189961239809063,0.5858898219784492,0.10616073419605061
5.84134475151933,-2.634545998517144,-0.8592286225594575,0.8932228729636745,0.04464791103197426,0.03698544022337258,0.5768764238867701,1.0000011363094978,0.16381598292396213
5.909109723456328,-2.6902054208873434,-0.8612933697924013,1.0684065420672462,0.08049555051605754,0.07882117805945754,0.5653862891516838,1.0000014065236655,0.31204902203324814
5.963321674263028,-2.7644179848385764,-0.8654859121795738,0.9818641014802838,0.06754875330627091,0.08088592529240135,0.2154972334236388,0.5765638539975906,0.07271558377688842
6.031086627513905,-2.838630547998841,-0.8634078100044275,0.8899220643332456,0.07849690837704025,0.08507846767957383,0.2189961239809195,0.5858898219784849,0.32499223734176
6.071745590005429,-2.89428997036904,-0.8580745124490925,1.0522688456488187,0.11195843983404088,0.1458914301044275,0.5768473560266354,1.0000011369074093,0.4565224627522183
6.125957537421352,-2.9685025335293043,-0.8530836794804776,0.984153195136579,0.11197829867644497,0.14055813254909255,0.565386579830255,1.000001406515876,0.3629723441379113
6.193722486876035,-3.0427150974805373,-0.844642188204452,0.8931413776880738,0.11503354883939602,0.13556729958047764,0.21549723051685332,0.5765638462204724,0.2821489153131521
6.247934431785732,-3.1169276606408025,-0.8304320305120196,1.0371432533980822,0.15729608250136046,0.207203022404452,0.21899612400998714,0.5859251520939456,0.5518557042834605
6.302146392654188,-3.172587083011001,-0.8140810882579531,0.9479192154727887,0.15258282645795915,0.1929928647120196,0.5768473625995281,1.0000024809655899,0.562738685416976
6.369911355487686,-3.2282465053811995,-0.8062961225491012,0.8725990683797984,0.13585874342736884,0.17664192245795307,0.5653567189186173,1.0000020071064286,0.4894976995448171
6.437676299708776,-3.302459068541464,-0.7948686975520097,1.0110135908850655,0.18052349047801014,0.26885206324910116,0.21549752912596953,0.5765646451505568,0.5440155066702912
6.437676299708776,-3.302459068541464,-0.7812314649205649,0.9125785201409897,0.17256686019909406,0.2574246382520097,0.2189961210238961,0.5859251441053986,0.5024474261519367
6.55965318247648,-3.450884195652962,-0.7700576536636794,0.9148469249397767,0.1601061541288375,0.2437874056205649,0.5768466873774734,1.0000090660240075,0.7564009399404389
6.6138651381482,-3.5065436180231604,-0.7554338597040615,0.9307026946915701,0.2473837393500672,0.3544682905636794,0.5653567324227198,1.0000612586743693,0.999930629868599
6.6816300951215535,-3.562203040393359,-0.7418954752665003,0.8565954813899488,0.23709802465299082,0.3398444966040615,0.21549752899092844,0.5765646447892537,0.4997447757703663
6.749395050989214,-3.617862462763558,-0.7126679851394137,0.7721628994074852,0.22072339014784528,0.32630611216650035,0.21899612102524657,0.5859251441469684,0.8698669336611521
6.803606985284306,-3.6920750267147904,-0.6859963369648894,0.8784501944693733,0.28439325287919776,0.44042224133941366,0.5768466876828316,1.0001174130257302,0.999450839648763
6.871371938866879,-3.7477344490849895,-0.6518253127019842,0.7967640109392736,0.2839497413312668,0.4137505931648894,0.5653567323845317,1.0000000768059527,0.9999043097511702
6.939136910214168,-3.7848407306651217,-0.6286502325814208,0.8909898753097265,0.3631666539629851,0.5399438175019842,0.21549752899131047,0.576564644790276,0.999763083651649
7.006901862925246,-3.8405001530353204,-0.5849508440773925,0.8225360008309345,0.33258516199379823,0.5167687373814208,0.2189961210252428,0.5859251441090018,0.9954981310171171
7.006901862925246,-3.8405001530353204,-0.5402416733186685,0.7490487793423214,0.3053232289106547,0.4730693488773925,0.5768466876819676,1.0000000568952354,0.9998810522148072
7.155984783591443,-3.933265856985651,-0.49570871981792064,0.7619464645734426,0.27153992905405505,0.42836017811866844,0.5653567324166294,1.000000098896651,0.9998755204494908
7.237302752923299,-3.970372139356752,-0.4568362120073279,0.7685805856786668,0.35308618401307273,0.5520212363479207,0.2154975289909894,0.5765646447894163,0.9997397694935424
7.318620721370603,-4.007478420936884,-0.4032754478137931,0.8770442912548032,0.3980667165598152,0.3982002655573279,0.2189961210252458,0.5859251441090098,0.9295510268396927
7.399938688933358,-4.0445847025170165,-0.35457098755054084,0.807740725144084,0.35276093961873506,0.3446395013637931,0.5768466876826941,1.0001185889961113,0.9995906663842793
7.481256677111817,-4.063137843307083,-0.30088697704486456,0.9223737434910153,0.3890206921350496,0.35457098755054084,0.5653567324166154,1.000000242007993,0.9999366632800463
7.481256677111817,-4.063137843307083,-0.25622581991366944,0.8587558528637128,0.3325869296611142,0.30088697704486456,0.2154975289909895,0.5765646447894173,0.6505327814284834
7.65744565094806,-4.100244124887215,-0.20324412646703321,0.8727483295598077,0.2939150112866899,0.25622581991366944,0.21899612102524602,0.5859251441090105,0.7441602116669759
7.7387636366072385,-4.118797265677282,-0.15556067827157577,0.9029196210977026,0.28843325627935207,0.20324412646703321,0.5768466876826934,1.0000543883397899,0.864273747236331
7.833634622867778,-4.137350406467347,-0.11932804140262208,1.0300160017567241,0.2817843953177422,0.15556067827157577,0.5653567324166148,1.000060075148164,0.5823513328312827
7.914952651809259,-4.118797265677282,-0.07836660089902481,0.9431425246651615,0.25141470610303246,0.11932804140262208,0.21549752899098962,0.5765646447894166,0.42638081463810573
8.009823637590666,-4.137350406467347,-0.04037152501754363,1.0724170274399125,0.20337713097863055,0.07836660089902481,0.2189961210252458,0.5859251441090098,0.3254184841959784
8.091141643852492,-4.137350406467347,-0.004173931507392722,0.9838260083432492,0.17720256244850474,0.04037152501754363,0.576846687682694,1.0000054690638895,0.4184699797181231
8.186012673419139,-4.118797265677282,0.021188129605726403,0.9082771497037786,0.14114271154358782,0.004173931507392722,0.5653567324166154,1.0000020109052683,0.1675237817185046
8.267330679902102,-4.118797265677282,0.036212776200846834,1.0162766304950344,0.0972877130405388,-0.021188129605726403,0.21549752899098962,0.5765302528190956,0.08940637714345044
8.348648687540663,-4.118797265677282,0.04393855466507476,0.9363588905103245,0.08495221684303945,-0.036212776200846834,0.2189961210252459,0.5858898140713584,0.09479735817630448
8.44351971806557,-4.100244124887215,0.04542384203989159,1.0555547088623898,0.07250261471701727,-0.04393855466507476,0.576875755612783,1.0000011363232384,0.050861758795034955
8.524837724769672,-4.100244124887215,0.04916126487311076,0.9600455941214189,0.05670865464656191,-0.04542384203989159,0.5653863025174592,1.000001406523306,0.02611190172454279
8.619708732591123,-4.100244124887215,0.0448032669024552,1.078789437819303,0.04728796360990449,-0.04916126487311076,0.21549723328998105,0.5765294617489526,0.023775118253542303
8.714579740412576,-4.100244124887215,0.045114547503181814,0.9837973084659217,0.05623797104904578,-0.0448032669024552,0.21899612398225599,0.58588982198206,0.054739540253339845
8.823003750506974,-4.100244124887215,0.04902717597317052,1.0888367912192651,0.05119049310731485,-0.045114547503181814,0.5768764241919435,1.00000113630949,0.011985380850929577
8.823003750506974,-4.100244124887215,0.05314747027587247,0.9807350170330833,0.0522434920632443,-0.04902717597317052,0.5653862891455803,1.0000014065236664,0.030794528615766446
8.999192789505086,-4.081690984097149,0.06011401136871529,0.980941950115048,0.04820214313006213,-0.05314747027587247,0.21549723342369997,0.5765294621066821,0.011099768370379964
9.09406379758453,-4.081690984097149,0.06052303151693297,1.0039072649063678,0.021417117676929068,-0.06011401136871529,0.21899612398091894,0.5858898219784826,-0.05835415958800336
9.188934805663976,-4.081690984097149,0.07422941524069859,0.9092186378727762,0.026744873798489156,-0.06052303151693297,0.5768764238896056,1.000001136309495,-0.03677442189519696
9.270252813744813,-4.081690984097149,0.07742797585670007,1.0155908535997002,0.02331389341060565,0.0099522298593014,0.5653862891516271,1.0000014065236655,0.12010005631748857
9.365123847291935,-4.063137843307083,0.08225543020758883,0.9345858538431382,0.026355350297740315,0.006753669243299926,0.21549723342363958,0.576529462106521,-0.013387414739270208
9.459994855629374,-4.063137843307083,0.08305733632296428,1.0420877197585403,0.04488891350276745,0.16434060629241118,0.2189961239809194,0.5858898219784846,0.4251562473020831
9.554865863966814,-4.063137843307083,0.08283552572131261,0.9475794198032397,0.051923919264292594,0.16353870017703573,0.5768764238897417,1.000001136309498,0.2818238619710972
9.649736898545907,-4.0445847025170165,0.07979487666394665,1.059200724815365,0.1261130096550297,0.31037184267868734,0.5653862891516241,1.0000353264778608,0.8923679938154833
9.744607908296938,-4.0445847025170165,0.08261532446369631,0.9627643262158248,0.11840116476073181,0.31341249173605334,0.21549723342363947,0.5765638539975919,0.20035992756888
9.825925915664453,-4.0445847025170165,0.08983063748106464,0.8685470080288633,0.12351415731650275,0.3105920439363037,0.2189961239809194,0.5859251520161741,0.7818771136450557
9.920796924259886,-4.0445847025170165,0.10481004571542248,0.9978620965236343,0.22031659326552758,0.4289160208189354,0.5768473560266343,1.0000674648382084,0.9999009029405622
10.002114958827322,-4.026031561726951,0.1213670443557213,0.9066998363973643,0.215270291123521,0.41393661258457753,0.5653567190500783,1.0000000138577065,0.8871826997005947
10.110538968945525,-4.026031561726951,0.12652177173644408,0.8271735479807473,0.1916576965271295,0.3973796139442787,0.21549752912465503,0.5765646451470396,0.5768728050953971
10.191857005405675,-4.007478420936884,0.15428891215473514,0.9370982857211503,0.3181598160540712,0.49575634536355595,0.2189961210239092,0.5859251441054333,0.9999073420368101
10.286728042490996,-3.9889252801468182,0.18683358225971564,0.8623670395046168,0.2861839781802261,0.46798920494526486,0.5768466873804459,1.0000001258891176,0.9999150229121824
10.381599080092306,-3.9703721393567517,0.21703572351485592,0.7745562635786923,0.25736382623782433,0.4354445348402844,0.5653567324226607,1.0000001112665287,0.9998588797258194
10.449364115385203,-3.951818998566685,0.25543665964156487,0.917322689585404,0.35944517719761154,0.48844596078514413,0.2154975289909291,0.5765646447892553,0.9459812541844788
10.557788184104854,-3.914712716195585,0.30085649210959764,0.8601920044951541,0.323133694714708,0.45004502465843516,0.21899612102524657,0.5859251441090115,0.8927375405452627
10.625553220429724,-3.8961595754055183,0.34355668295174935,0.7594265163757549,0.2804347286120896,0.4046251921904024,0.5768466876828302,1.000085403860702,0.999558462452616
10.720424290551303,-3.859053293825386,0.3890915198996673,0.9544229756527737,0.3687297036268336,0.42747799474825066,0.5653567324166124,1.000000167779468,0.9999349167801456
10.801742358879068,-3.8219470122452535,0.43581804264336915,0.8683618939899511,0.32655943811494353,0.3819431578003327,0.21549752899098962,0.5765646447894174,0.75280576198247
10.869507426347473,-3.7848407306651213,0.47788145799189896,0.7932861667969193,0.28633305774204704,0.33521663505663085,0.2189961210252459,0.5859251441090104,0.820386697018156
10.964378528004953,-3.7291813082949226,0.5202492966130385,1.003882480059627,0.34991636300000295,0.34376380010810104,0.5768466876826932,1.0001151018973422,0.9998829337975228
11.032143627280309,-3.6735218859247243,0.560098059065641,0.9078150689437793,0.3059474178127132,0.30139596148696146,0.5653567324166149,1.0000000429910858,0.9053046957419112
11.113461730892562,-3.6178624627635574,0.5947296633198867,0.8323018556185363,0.2583854900689679,0.26154719903435897,0.21549752899098973,0.5765646447894172,0.49151886400596223
11.194779804232777,-3.580756181183425,0.6321150659397254,1.0379313201207276,0.3090931982550148,0.2648997856801133,0.2189961210252458,0.5859251441090098,0.8663111282855761
11.276097939786343,-3.50654361802316,0.6750149442628036,0.9612288421758033,0.2881931693608221,0.2275143830602746,0.5768466876826934,1.000054192182699,0.7941965481084132
11.330310010597001,-3.4694373364430278,0.7082979642227302,0.8628431435221771,0.23958292442097026,0.18461450473719643,0.5653567324166153,1.0000304684386145,0.6513697862940225
11.411628148951644,-3.395224773282763,0.7409376971796163,0.8050261968536381,0.2178236295917536,0.15133148477726988,0.21549752899098984,0.5765646447894178,0.38990407092392027
11.465840252564371,-3.3395653509125642,0.7824741743877539,1.014758070811426,0.2375672208392811,0.14585227772038367,0.2189961210252458,0.5859251441090098,0.5761112982941825
11.533605391165345,-3.2653527869613312,0.8066491963341843,0.9460601180371654,0.19397438729837793,0.10431580051224609,0.5768466876826929,1.000008815410619,0.45971337192115924
11.601370500847208,-3.2096933645911334,0.828406260497869,0.8500049515548234,0.16862422525588167,0.0801407785658157,0.5653567324166154,1.000005537942006,0.4245402176226608
11.655582639178522,-3.1354808014308677,0.85328447777778,1.0892644366636952,0.1869686837391464,0.07601790810213094,0.21549752899098962,0.5765646447894174,0.27439890328368444
11.723347749989873,-3.07982137906067,0.8712850705161701,1.002018187902376,0.1518648250157382,0.05113969082221992,0.2189961210252459,0.5859251441082565,0.27986136913785564
11.777559922708065,-2.9870556743193704,0.8908827016130101,0.9183710234980791,0.149819246489148,0.033139098083829865,0.5768466876826932,1.0000020913293004,0.35799028821758555
11.831772032549491,-2.9313962519491716,0.8990158696845184,1.1421146377340041,0.12298560357306056,0.022487308086989954,0.5653567324172522,1.0000014073159895,0.1616125461740345
11.885984207921329,-2.8386305479988407,0.913634785078467,1.0657710986956892,0.1214839053306136,0.014354140015481631,0.2154975289909833,0.576530252819079,0.22083285099267264
11.953749323560844,-2.782971125628642,0.9242008130624902,0.960871083842105,0.09214445878310414,-0.00026477537846691934,0.2189961210252459,0.5859251441082565,0.07174504964618723
12.007961469115973,-2.708758562468377,0.9283347456716013,0.8765404170527303,0.10253965141880372,-0.010830803362490204,0.5768757556127971,1.0000011363232402,0.23739672644551632
12.0621736170061,-2.6345459985171438,0.9321837708354008,1.112601937440491,0.09317366622501082,-0.014284971671601365,0.5653564417379511,1.0000014073237844,0.07933991960884598
12.116385731970539,-2.578886576146946,0.937456959784032,1.021050420894877,0.0881819907498258,-0.018133996835400845,0.21549753189777632,0.5765302605954383,0.1448113757115409
12.184150885203422,-2.5046740129866807,0.9360470358654868,0.9445517464704838,0.09355311905672453,-0.023407185784032003,0.21899612099617793,0.5858898139935951,0.09671392727708643
12.22481003104173,-2.430461449826416,0.939288596622647,0.8444783498825704,0.10544441118958994,-0.021997261865486784,0.5768757490405458,1.0000011363233732,0.20151384470570363
12.292575220356882,-2.3376957450851172,0.9471276543661964,1.0851452234431358,0.08107525211628282,-0.032793146522646976,0.5653863026489069,1.0000014065233045,0.02724252678970959
12.346787339559786,-2.282036322714918,0.9502417217195046,0.970869640975264,0.07339738122590303,-0.0406322042661964,0.21549723328866655,0.576529461745436,0.10684205729029293
12.400999493370701,-2.2078237595546537,0.9558147897757601,0.8942878228312836,0.082113076264509,-0.04374627161950462,0.2189961239822692,0.5858898219820955,0.05789573320499741
12.455211648361015,-2.1336111963943885,0.9623432566225537,1.1200521902980303,0.057795272262432335,-0.06546404157576002,0.5768764241949156,1.0000011363094907,-0.01585901690395301
12.509423839704644,-2.04084549165309,0.9633754431083807,1.0285241550584652,0.05254492840223709,-0.07199250842255367,0.5653862891455206,1.0000014065236664,-0.0007853570233200665
12.56363599720118,-1.9666329284928243,0.9689426420256505,0.9214641153860977,0.04305196379990296,-0.0730246949083807,0.21549723342370053,0.5765294621066842,-0.017811483058835873
12.617848155877113,-1.8924203653325598,0.9714967901352802,1.1364378814754852,0.008558469930448669,-0.10409325942565051,0.21899612398091872,0.5858898219784817,-0.13369531529508094
12.672060315732443,-1.8182078021722947,0.9711914423294374,1.044597286979772,0.008559818992074692,-0.10664740753528024,0.5768764238896038,1.0000011363094976,-0.1359097988523314
12.726272476767173,-1.7439952382210622,0.971075957547874,0.9527349942461102,0.011754740538104819,-0.10634205972943744,0.5653862891516281,1.0000014065236642,-0.1369921578926343
12.780484673736742,-1.6512295342707308,0.9716084184357905,0.8608736672499794,0.014730115431298745,-0.10622657494787402,0.21549723342363947,0.5765294621065205,-0.058594541289401746
12.834696837277692,-1.5770169711104662,0.9694103898527107,1.0466422586651027,-0.03540636225321439,-0.14283465833579045,0.2189961239809194,0.5858898219784846,-0.2982538620275668
12.888909001998039,-1.5028044079502012,0.9679994887672372,0.9548529455329618,-0.030393380772603642,-0.14063662975271063,0.5768764238897421,1.000001136309498,-0.2446758876569359
12.94312116905339,-1.4285918439989684,0.9661677982006229,0.8630265321701707,-0.02646341327027681,-0.13922572866723715,0.5653862891516241,1.0000014065236669,-0.28518704574992515
12.997333336132534,-1.3543792808387038,0.9606772595550871,1.0478003676547587,-0.07444865510297421,-0.18576035370062294,0.21549723342363958,0.5765638539958173,-0.28251191257133856
13.051545504391076,-1.2801667176784388,0.9544471045583492,0.9563085405324764,-0.06678458116513097,-0.1802698150550871,0.2189961239809195,0.585925152016175,-0.2824588378498497
13.119310680695941,-1.2059541545181742,0.9444085785001521,0.864811144979995,-0.059487869810496904,-0.17403966005834925,0.5768473560281341,1.000001315606368,-0.4548488403587226
13.159969844446351,-1.1317415913579092,0.9357235540077095,1.0241613150133497,-0.09912147540710554,-0.2268921986001522,0.5653567190500625,1.0000080960243987,-0.5092872197429725
13.227734987433179,-1.0760821681967427,0.9243148966878657,0.9411198366560833,-0.10151676763649968,-0.2182071741077095,0.21549752912465525,0.5765646451470403,-0.26273022831997084
13.295500203837628,-0.9833164642464113,0.9087012641131882,0.8569684496829172,-0.07021099541844143,-0.20679851678786576,0.2189961210239093,0.5859251441046803,-0.390900651786949
13.34971237828801,-0.9091039010861465,0.8921134196221832,0.9829079380588229,-0.12709033174719664,-0.27126209831318815,0.5768466873804454,1.0000152860128104,-0.7716774195969758
13.41747752618976,-0.8534444787159479,0.8720193997025494,0.8930810096926302,-0.11515880011480244,-0.2546742538221831,0.5653567324232971,1.000014389626618,-0.4568530526447456
13.471689702998942,-0.779231914764715,0.8548035709559922,1.0289213406298736,-0.15756465634302674,-0.3345753404025493,0.2154975289909229,0.5765646447892389,-0.6127424197727446
13.53945485203018,-0.7235724923945165,0.8315411692857747,0.939909194479701,-0.1476391622235124,-0.3173595116559922,0.21899612102524657,0.585925144109012,-0.47274934845257194
13.620773047143375,-0.6493599292342517,0.809331585168839,0.8563024160551435,-0.11316004193534207,-0.29409710998577465,0.5768466876828442,1.000022349461402,-0.7920690360004762
13.6749852277856,-0.5751473660739868,0.7876012080907826,0.9506594618009124,-0.17032909659977885,-0.39374222206883897,0.565356732416612,1.0000085178348914,-0.862198270795598
13.756303388733063,-0.5194879437037883,0.7687192755937582,0.8632950965500011,-0.16357463334958813,-0.3720118449907826,0.21549752899098984,0.5765646447894174,-0.4645230304649736
13.824068580259539,-0.4452753797525553,0.7478369599580771,0.9516607269030234,-0.2296286342142084,-0.4964735317937582,0.2189961210252458,0.5859251441448766,-0.9997723977855282
13.891833736638219,-0.3896159573823566,0.7188340353965765,0.8560966459661785,-0.21803291014242585,-0.4755912161580771,0.5768466876826932,1.0000001411135961,-0.9998776686494113
13.959598892966987,-0.33395653501215805,0.6891020226478582,0.7744088630360021,-0.19037935224599137,-0.44658829159657654,0.565356732386301,1.0000004000835645,-0.9996744132410139
14.040917059111171,-0.27829711264195944,0.6545186641812331,0.8606840477122584,-0.2769707166326975,-0.5772205274478582,0.21549752899129282,0.5765646447902288,-0.9363167393872767
14.122235188177983,-0.241190831061827,0.6132859176397328,0.7713488342993233,-0.241697929941662,-0.542637168981233,0.2189961210252428,0.5859251441090013,-0.9312111130964206
14.190000347860666,-0.18553140790066036,0.5731572479009635,0.8498638168685703,-0.31756880235793894,-0.6695984341697329,0.5768466876820075,1.0000028337171853,-0.9994416182699946
14.27131847884401,-0.14842512632052796,0.5407781162858016,0.8658646831534398,-0.33654878499729307,-0.44397229100096347,0.5653567324166293,1.0000001277580872,-0.9999084967571936
14.366189620908942,-0.1113188447403955,0.5013607177138336,0.7874889388253026,-0.298290021049252,-0.41159315938580165,0.2154975289909895,0.5765646447894172,-0.7826829136672192
14.420401774719807,-0.05565942237019686,0.4699692395329484,0.8778023327327452,-0.34130909715310465,-0.4388150437738336,0.21899612102524602,0.5859251441090103,-0.9999961653054028
14.50171986906805,-0.03710628158013065,0.4277002793550499,0.8145418466517352,-0.3386644534837949,-0.4074235655929484,0.5768466876826934,1.000000061108246,-0.9999613163013356
14.596591012778454,1.7875668462262158e-15,0.3918873912096031,0.9367608895371105,-0.35175513106037115,-0.3149526531550499,0.5653567324166151,1.000000120499625,-0.9999521393038693
14.691462117568673,0.018553140790068014,0.3466272196173676,0.9446251831616723,-0.3414102601228839,-0.2539393392096031,0.21549752899098973,0.5765646447894177,-0.5635556784649961
14.772780214694187,0.03710628158013424,0.31220932066440665,0.9632210699220854,-0.3020227632824772,-0.1833901991173676,0.2189961210252458,0.5859251441090095,-0.6779273448904654
14.85409835150081,0.07421256316026667,0.2722169002890594,0.990987267139143,-0.27392571831392115,-0.12357747616440665,0.576846687682693,1.000043906828334,-0.6527645653566518
14.935416448576412,0.09276570395033289,0.2385009700059898,1.0150116637848154,-0.25390044963882363,-0.058066421789059436,0.5653567324166155,1.0000391291786197,-0.44854647471804293
15.030287514704442,0.0927657039503329,0.20793193668127133,1.0425402649358777,-0.2182225046018278,0.0013106756940101938,0.2154975289909894,0.5765646447894168,-0.21943180923619685
15.111605612480313,0.1113188447403991,0.1812224987149246,1.0593578735980516,-0.1606944548104097,0.05770304211872865,0.2189961210252459,0.5858898140713584,-0.15623781942210993
15.20647667886634,0.11131884474039912,0.1528466740250595,0.9799412611043156,-0.13593882738337199,0.08441248008507538,0.5768466876826936,1.0000011400252466,-0.10227206502415799
15.287794778498078,0.12987198632143332,0.1440555543452509,0.993043393970061,-0.07919196984272014,0.13879450417494052,0.5653865931967602,1.0000014065155187,0.1638477084341089
15.396218854662672,0.12987198632143335,0.13681871820241293,1.0142493005563014,-0.05894200518273766,0.1737966367547491,0.21549723038318802,0.5765294539725941,0.0075413774247684185
15.477536911786117,0.12987198632143335,0.13668781595304685,1.0111945924475971,-0.014929415487977804,0.20747269769758708,0.21899612401132384,0.5858898220598234,0.323062650517539
15.558854968909563,0.12987198632143337,0.13731665017549027,1.0350047836186875,0.021194032459223584,0.23429612314695314,0.5768764307641943,1.0000073149172426,0.39500808086682554
15.653726035553584,0.12987198632143337,0.13990047950297674,0.954465306524188,0.03167444638012069,0.23366728892450972,0.5653862890141325,1.000009401441289,0.3982910733089764
15.748597189007082,0.16697826790156578,0.13644295362755735,0.9654848513477879,0.07012093047352572,0.2580563307970233,0.2154972334250146,0.5765638540012714,0.32975611684883194
15.829915246572801,0.1669782679015658,0.14507372154854314,0.9714305782572651,0.08086591197495094,0.2887964121724427,0.21899612398090573,0.585925152016891,0.4688350081455448
15.91123334740774,0.185531408691632,0.15710291645489716,0.9976124494841303,0.11792607594489253,0.30778989075145685,0.5768473560235245,1.0000274684374346,0.7627965566807916
16.00610441482574,0.18553140869163204,0.17479982218705198,0.9157393726890549,0.10031552924575018,0.29576069584510284,0.5653567190495035,1.0000286615276384,0.49960623345868094
16.087422516360945,0.20408454948169824,0.1842065285053112,0.9314950552656622,0.13457895931885291,0.306064863212948,0.2154975291246607,0.5765646451470549,0.5151984930402836
16.168740619494024,0.22263769027176444,0.20393082111142652,0.9579155976701555,0.15904651131106878,0.3250748751946888,0.2189961210239092,0.5859251441054334,0.5874066275595458
16.277164741397197,0.24119083106183073,0.22275697945617212,0.9874925105225244,0.17662620621013436,0.33422612318857353,0.5768466873804331,1.0001061473770956,0.9091471087591126
16.344929834554378,0.25974397185189696,0.2473921085800983,0.8807985812272711,0.16386356644395955,0.31539996484382793,0.5653567324226609,1.0000378706242883,0.6370851762833125
16.426247937895532,0.27829711264196316,0.25905388326384204,0.9268889166705048,0.17804497865823116,0.32014756691990165,0.2154975289909291,0.5765646447892555,0.5396897767616802
16.534672106348133,0.31540339422209557,0.28628506870009085,0.959638830513272,0.21027871534070813,0.33843030973615795,0.21899612102524646,0.5859251441090114,0.7214785765611335
16.61599021202429,0.3339565350121618,0.30838928119279524,0.9669541157574076,0.22051297441023943,0.34176755969990913,0.5768466876828301,1.0000298422527576,0.9579816788812334
16.697308316987122,0.35250967580222803,0.3293679295573391,0.8884786218157578,0.20609123580579075,0.31966334720720474,0.5653567324166127,1.000000010018757,0.7167956895405785
16.792179478056806,0.3896159573823604,0.3489544253144421,0.9293503931701754,0.2371448418486108,0.3299483913426609,0.21549752899098962,0.5765646447894175,0.6385966411577436
16.87349758416218,0.40816909817242664,0.37020801083184857,0.9542468546054472,0.2600484120650675,0.3424035594855579,0.2189961210252458,0.5859251441477159,0.7713428687982767
16.95481573681698,0.445275380543527,0.40593592897988934,0.8770362084333972,0.25183548735072825,0.3211499739681514,0.5768466876826932,1.0000331424501745,0.9999694452608421
17.03613384402804,0.4638285213335933,0.4330527293775237,0.9229166152357702,0.2601554982187098,0.3183386405201107,0.5653567323839013,1.0000131851775351,0.807744184949711
17.131005056230368,0.519487943703792,0.46066604332067135,0.8480337828604497,0.25232052609580524,0.2912218401224763,0.2154975289913168,0.5765646447902928,0.5843053746245488
17.21232321161252,0.5565942252839244,0.4945122890267528,0.8766262415544575,0.26150075750433616,0.29751505607932865,0.21899612102524246,0.5859251441090008,0.7877770983348615
17.307194378321203,0.5937005068640567,0.5321536581311381,0.9320145068912501,0.2795658804435909,0.29870365637324714,0.5768466876819534,1.0000478061898759,0.9999519251999018
17.37495957228016,0.6493599292342555,0.5577512826118625,0.982896728892804,0.3038538910592695,0.29739457846886186,0.5653567324166304,1.0000000111659475,0.8456469398763883
17.456277730537103,0.6864662108143879,0.5857505609188236,0.9033972148123521,0.26723991505307215,0.2717969539881375,0.2154975289909895,0.5765646447894162,0.5333299428351999
17.52404292778932,0.7421256331845866,0.6188571439776578,0.9707605137344059,0.29884672573446447,0.2816380260811764,0.21899612102524602,0.585925144146943,0.8564531257219334
17.591808124991623,0.7977850563457531,0.6546794791612782,0.8926346641986724,0.2605242426288474,0.2485314430223422,0.5768466876826942,1.00003543603447,0.806826077892531
17.673126334257574,0.8534444787159516,0.6820113192591825,0.970916739217275,0.2660204092848619,0.2523256773387218,0.5653567323845545,1.0000475434633374,0.8094851940515815
17.740891533781824,0.9091039010861504,0.7161507235560575,0.8796109482941651,0.2474380440708289,0.22499383724081756,0.21549752899131025,0.5765646447902752,0.4458549542817751
17.822209745590854,0.9647633234563491,0.7494483469519773,0.9668799599596822,0.25932945325282375,0.2325979854439425,0.21899612102524257,0.5859251441090012,0.7506193853986173
17.889974947437036,1.0204227458265478,0.7818006037268795,0.8775301162464925,0.24164735764197523,0.1993003620480227,0.5768466876819682,1.0000254123792411,0.7281608311933249
17.94418718778631,1.0946353097777806,0.8158594642672694,0.9766267388723827,0.25978581189305244,0.21129314317312042,0.5653567324166299,1.0000430854410003,0.7614424259896918
18.025505453639617,1.1688478729380452,0.8501825575623669,0.893707994867237,0.21500874729823732,0.17723428263273056,0.2154975289909895,0.5765646447894173,0.3157119518093304
18.066164635781234,1.224507295308244,0.8855281101260344,0.9853419706343187,0.23380248821294877,0.19052799743763305,0.21899612102524602,0.5859251441090102,0.7182564016914939
18.120376879668694,1.298719858468509,0.9232941587362448,0.9241620124867055,0.19509082270363842,0.1551824448739656,0.5768466876826933,1.0000090755879911,0.4922027013746593
18.174589075311356,1.3543792808387076,0.9617529268655935,1.0531779521852196,0.19514922063335355,0.16930850726375513,0.565356732416615,1.000011750579505,0.6263652331639978
18.228801321410188,1.4285918447899402,1.0038456474337734,0.9832370330935214,0.16713376617318457,0.13084973913440634,0.21549752899098962,0.576564644789417,0.1792749297595686
18.269460655804856,1.5399106895303378,1.0430275462660945,0.8976823396183525,0.13148438906791032,0.08875701856622653,0.2189961210252458,0.5858898140713583,0.39036005192032286
18.3236729044099,1.6141232526906024,1.0785976852569734,1.029110359610674,0.1015447040457881,0.10737500773390551,0.5768466876826936,1.0000011369211583,0.29489856646889223
18.35077912896135,1.6883358158508674,1.1144092027936134,0.9410485644321324,0.07758939286272686,0.0718048687430266,0.5653865931967602,1.0000014065155187,0.21768288773719666
18.404991479731844,1.7996546613822324,1.1439910590741789,0.8646603210709524,0.0354723269174372,0.03599335120638658,0.21549723038318813,0.5765638458610753,-0.0045665146249014845
18.432097656936097,1.8553140837524311,1.1619023536238822,1.029522885082846,0.034250176077179686,0.07314468692582121,0.21899612401132384,0.5858898220598234,0.22918988932013631
18.472756946955858,1.948079787702762,1.1801978391502057,0.9681229829910943,0.018547262587117194,0.05523339237611791,0.5768473629032755,1.0000011369072652,0.041803606681992206
18.49986322476454,2.0408454924440615,1.1950898551288993,0.8670408603632986,0.0031099642914771924,0.036937906849794366,0.5653865796927416,1.0000014065158795,0.07881232729961431
18.54052251681137,2.133611196394392,1.2012628432083876,1.1424998397047963,0.020511161083243797,0.10488861387110071,0.21549723051822833,0.576529454333858,0.15990940893174685
18.581181809963905,2.2263769003447234,1.2101405563671146,1.04141570229082,0.017867643709905692,0.09871562579161242,0.21899612400997337,0.5858898220562105,0.08578885777844905
18.621841104222113,2.3191426050860224,1.2190683427918707,0.9403874340177816,0.013929279934705068,0.08983791263288543,0.5768764304588689,1.0000011363093602,0.21258672065234752
18.66250039958601,2.411908309036354,1.2266608736012135,0.8393798763232792,0.01174365275598699,0.08091012620812932,0.5653862890202394,1.0000014065236695,0.11703715968292105
18.71671271029375,2.5046740129866842,1.231731821643189,0.7384004753868483,0.012348130059130692,0.07331759539878657,0.2154972334249533,0.5765294621100349,0.10385466784026105
18.730265979208387,2.5974397169370156,1.2400591906299816,0.6329381096782977,0.028875058938733895,0.06824664735681107,0.21899612398090607,0.5858898219784487,0.1661285016010438
18.770925328750902,2.7087585624683808,1.247995061031543,0.5410172203302502,0.006297372175715182,0.059919278370018425,0.5768764238867718,1.0000011363094972,0.13070688463725758
18.811584628463812,2.8015242664187117,1.253448130511679,1.2972175476318388,0.19237018771795938,0.32280126596845715,0.5653862891516842,1.00004173828693,1.0000200001223012
18.852243980549392,2.912843111159109,1.260900774286129,1.1974260349475883,0.19497519597124063,0.31734819648832113,0.2154972334236388,0.5765638539975899,0.2380250347544585
18.892903335117403,3.0241619566904743,1.2670954471686857,1.0804301874358095,0.19082073345293257,0.30989555271387115,0.2189961239809194,0.5859251520161741,0.8390489338900426
18.920009674365346,3.1354808014308713,1.272425875696354,0.9632077095657793,0.18963251470194756,0.30370087983131433,0.576847356026636,1.0000258737398708,0.6969453709360515
18.96066903021025,3.246799646171269,1.2796434494806457,0.8498361609471419,0.17768060230754032,0.29837045130364603,0.5653567190500781,1.000029786998132,0.8169076490122648
18.987775371448414,3.3581184917026343,1.300127369607799,0.7327910618138979,0.17853559286032478,0.29115287751935437,0.21549752912465503,0.5765646451470398,0.46988926793670244
19.01488171357112,3.4694373364430313,1.3325479336036372,0.621780619544408,0.159844216023907,0.270668957392201,0.21899612102390908,0.5859251441054334,0.719588766101374
19.041988108361352,3.5993093227644626,1.3761473683966328,0.5120636811301414,0.13967459263204196,0.23824839339636283,0.5768466873804459,1.0000080524254982,0.7906960428232539
19.069094452326855,3.71062816750486,1.4145349745405844,1.237694889022912,0.38872655197895467,0.3066866006033673,0.5653567324226607,1.0001956540782093,0.999919485177346
19.082647728428398,3.8033938714551914,1.4512661211146047,1.1375206840450114,0.35039164726627176,0.26829899445941563,0.2154975289909291,0.5765646447892555,0.5324768324255057
19.0962011087593,3.933265857776622,1.4943133987439803,1.0559008350313792,0.3107769110996079,0.2315678478853953,0.21899612102524635,0.5859251441090111,0.7712091578240234
19.109754489606175,4.063137843307087,1.5452087546838453,0.9377687153515603,0.26863984050845297,0.18852057025601976,0.5768466876828302,1.0000404266570182,0.7365687215821115
19.082648766299236,4.174456688047483,1.594637075210922,0.8200447942386039,0.23081070982993526,0.1376252143161547,0.565356732416613,1.0000258363337946,0.576789925732233
19.082649077660474,4.285775533578849,1.6470774953020744,1.08097547117633,0.25695296346410673,0.24697710878907797,0.21549752899098962,0.5765646447894174,0.6046558579414266
19.069096422880882,4.415647519109313,1.6952865774882964,0.9819629112028548,0.20842251379644458,0.19453668869792562,0.2189961210252459,0.5859251441090103,0.4099496337904458
19.041990697509974,4.5269663646406775,1.7319751234306031,0.8603162640882642,0.16353746138832295,0.14632760651170362,0.5768466876826932,1.000003498589052,0.6136010460700094
19.02843804147726,4.656838350171141,1.7666671849740678,1.0349161370766478,0.17821534167813732,0.1924817845693969,0.5653567324166149,1.0000074168116337,0.543180924985436
18.98777929575003,4.768157194911539,1.7950657199276623,0.9104485616158284,0.15419421694600866,0.1577897230259322,0.21549752899098962,0.5765646447894174,0.27979393334485525
18.960673567651746,4.879476040442904,1.8318569676531486,1.0372150657442376,0.16114433464881742,0.1961243790723377,0.2189961210252458,0.5859251441082561,0.5454244195406206
18.933567890157022,5.009348025973367,1.8614308647764857,0.9278973859473417,0.12542815355312648,0.15933313134685134,0.5768466876826932,1.0000011369211599,0.41553681159883504
18.892909192158566,5.139220012294799,1.8869668064964942,1.0125046201885883,0.1497025440459192,0.18755912322351453,0.5653567324172525,1.0000028863107233,0.6040887369695506
18.83869742049667,5.250538857035195,1.914710050220602,0.8799202908950948,0.12553890200817372,0.16202318150350603,0.21549752899098318,0.5765646447894001,0.1771501972938748
18.7980386681353,5.361857701775592,1.9395820137811832,0.9543492752497507,0.12418760158292046,0.186172047779398,0.21899612102524602,0.5858898140713588,0.5405817710590413
18.743826945284063,5.491729688097024,1.9722873312188323,1.0177860975235384,0.14059698298144271,0.2089168932188168,0.5768466876827079,1.000003923720707,0.5419441170989096
18.703168240798885,5.621601673627487,1.9993805944873029,1.048566855316617,0.14563741220148835,0.22055661378116764,0.5653865931967599,1.0000069839010413,0.5571283118362484
18.635403442712445,5.7329205183678855,2.0280883845640356,0.9171045373765737,0.1341696708331477,0.19346335051269703,0.21549723038318813,0.5765638458628505,0.27555078483255474
18.567638692907625,5.862792504689316,2.062619862849825,0.9496383810411786,0.12941644064873128,0.20649911243596453,0.21899612401132384,0.5859251520975219,0.5089684175172519
18.499873890214154,5.974111349429713,2.097605811948889,0.9582155262723563,0.13061846452902112,0.21158420415017476,0.5768473629017752,1.0000042130256863,0.567682674268013
18.432109085309307,6.085430194961079,2.125030721272343,0.9766117794212312,0.1259290089011009,0.2144386050511109,0.565356718912572,1.0000060234781882,0.4983358340108584
18.36434422709733,6.17819589891141,2.1452444736612972,0.9883783787684752,0.13163886012974568,0.22334598672765704,0.21549752912603015,0.5765646451507186,0.34037220593702844
18.29657941795401,6.289514743651808,2.16729361995589,1.009976298752917,0.13764485258440537,0.2381670803387026,0.21899612102389554,0.5859251441053971,0.5094852703700681
18.215261535086608,6.382280447602139,2.1940217271400617,1.0119671476885659,0.15485011417913785,0.25002446404411005,0.5768466873773367,1.0000102285869175,0.7033413221660996
18.14749667213324,6.475046152343437,2.2130684387637305,1.0185251361649925,0.1487585775949809,0.25621294185993815,0.5653567324227224,1.0000148125807453,0.5359478427315155
18.06617878502737,6.567811856293768,2.2344776421738795,0.9063004094839036,0.1306395684186692,0.23716623023626937,0.21549752899092856,0.5765646447892541,0.36482002745607633
17.99841391820409,6.660577560244099,2.2572091785026727,0.908373500166101,0.13532777563848594,0.24779869082612072,0.21899612102524657,0.5859251441090125,0.539287675019426
17.930649048382392,6.753343264985397,2.2785213312460124,0.9160561952768932,0.1523522360011466,0.2563308464973275,0.5768466876828312,1.0000115883805298,0.7360521009901793
17.84933115501096,6.84610896893573,2.3012683369172757,0.9212672869240549,0.17336072747988454,0.26558712975398757,0.5653567324166117,1.0000175629515047,0.6561326617505755
17.768013162791224,6.901768391305928,2.3306168435467427,0.9158247402649552,0.18563686248871594,0.2727846410827244,0.21549752899098973,0.576564644789418,0.4694270307095541
17.700248240462503,6.975980954466193,2.3676405580295263,0.9366697104996061,0.16944829926361024,0.2728188654532575,0.2189961210252458,0.5859251441090098,0.5737044242663218
17.632483316659535,7.050193518417425,2.4038665457023316,0.9525123027241647,0.17033045358379506,0.26467069197047355,0.5768466876826928,1.0000135691590362,0.7638051615205942
17.564718391382318,7.124406081577689,2.4358313240064318,0.9670850789766166,0.17371281264689842,0.2568614222976686,0.5653567324166155,1.0000149927965867,0.5911044808340564
17.46984736884204,7.180065503947889,2.4703887610090907,0.9801032332802517,0.18307392310404932,0.25289771699356844,0.21549752899098962,0.5765646447894173,0.451245596342736
17.388529369545903,7.2357249263180865,2.514203368867748,0.9834089227480929,0.160413610270406,0.24596452699090943,0.2189961210252459,0.58592514410901,0.4987467382405223
17.320764392670014,7.291384348688286,2.548137919749134,0.9966197797828168,0.13917956422098496,0.22943247413225176,0.5768466876826934,1.0000065523144148,0.6248679333545841
17.225893366973164,7.347043771849453,2.5794734539045026,1.0181187744247442,0.13720697979944316,0.222470795250866,0.5653567324166153,1.0000073126231566,0.4880141677043657
17.14457531707348,7.384150053429584,2.602500138874166,1.0157033143572003,0.12473034193095305,0.21782778409549763,0.21549752899098962,0.5765646447894174,0.31154685276127914
17.076810336733104,7.439809475799783,2.6208877719147137,0.9294720271463011,0.09140951715924987,0.1948010991258342,0.21899612102524602,0.5859251441090102,0.35976288358098646
16.968386189386088,7.45836261658985,2.6385967139108115,0.947636228109026,0.11008333598682636,0.20285269108528636,0.5768466876826932,1.0000033178287804,0.5958480808803839
16.887068182681848,7.514022038960047,2.654288857574575,0.9475839218628248,0.07917774818659128,0.2113547610891886,0.5653567324166151,1.0000055742781933,0.34803722084061867
16.80575012894912,7.5511283205401805,2.6681895945174623,0.9518940831493472,0.09818775454999693,0.22166881742542488,0.2154975289909895,0.5765646447894168,0.3877445704210017
16.72443207433184,7.5882346021203135,2.685224346290342,0.9640248529205816,0.10472694344060042,0.23359141348253765,0.2189961210252459,0.5859251441090101,0.3896666153222229
16.62956103964207,7.64389402528148,2.7103876777691758,0.9756708886268228,0.11030960245784165,0.2422178287096579,0.5768466876826936,1.000008700994351,0.6576592268553513
16.548242936803835,7.662447166071547,2.73641977272462,0.9675122425211875,0.12109170036493253,0.24257313123082413,0.5653567324166151,1.000011347212243,0.4866230835474883
16.4669248794592,7.699553447651679,2.7574803041620166,0.9866846244755275,0.10514537815248379,0.24193586027538005,0.2154975289909895,0.5765646447894172,0.31337236408232094
16.372053796598387,7.736659729231811,2.775424253563395,0.9972980681961807,0.11287534940740698,0.24616429783798344,0.21899612102524602,0.5859251441090102,0.4840644319197087
16.29073573741094,7.7737660108119435,2.791617184351196,0.9947201997928087,0.12087324285265676,0.2534207734366052,0.5768466876826934,1.0000109465314355,0.6374284189711914
16.209417633258944,7.792319151602009,2.8074474716884987,1.0043855955148415,0.13776128382977654,0.2623565126488039,0.565356732416615,1.0000165793869737,0.5746170489373903
16.128099571367933,7.829425433182141,2.8231378896487844,0.9235352573971476,0.11270273168790285,0.24652622531150126,0.21549752899098962,0.5765646447894175,0.2972171348594747
16.033228441257492,7.847978573972208,2.8422748534334783,0.9332753795977058,0.13334084607191385,0.2559090903512158,0.2189961210252459,0.58592514410901,0.5960278981258446
15.938357310631067,7.866531714762274,2.8726066660834433,0.9361927903794146,0.13111196329523217,0.26180606956652186,0.5768466876826932,1.0000128654421536,0.6343646452286517
15.857039204415125,7.885084855552339,2.891900984863747,0.9400845318430822,0.12070334944996952,0.25648468491655674,0.5653567324166153,1.0000148858970057,0.5486324147041594
15.775721140657504,7.922191137132472,2.911211314122189,1.055429005334888,0.13897104828437434,0.19362308013625285,0.2154975289909895,0.5765646447894168,0.2454459330595374
15.68084996565623,7.922191137132472,2.9315680199069862,0.9702728768069105,0.13612275196630466,0.17431275087781106,0.2189961210252458,0.5859251441082561,0.48829964416725097
15.599531856921011,7.940744277922539,2.9522761442465675,1.0826560953017743,0.1054488361529397,0.0438199560930137,0.5768466876826936,1.0000011369211583,0.07970283400023785
15.504660723825223,7.959297419503573,2.9782258138759032,1.0012507818980625,0.08592664149112261,0.023111831753432455,0.5653567324172526,1.0000014073159924,0.2623876973752207
15.423342573381857,7.959297419503573,2.9981457555992503,0.9065177492707067,0.06279466440854048,-0.002837837875903304,0.21549752899098318,0.5765646447876247,-0.043338638243371745
15.328471439548945,7.977850560293641,3.022573259691706,1.0329854187646532,0.006763085228709527,-0.12723636059925036,0.21899612102524602,0.5858898140713588,-0.16922269907493168
15.247153288884443,7.977850560293641,3.0339449375076195,0.9364394836955771,-0.01131265630396007,-0.1516638646917059,0.5768466876842084,1.000001136921159,-0.30535010722824946
15.152282153158803,7.996403701083706,3.0411989445472107,1.0624991411029414,-0.0855888321984047,-0.2590949715076194,0.5653865931967448,1.0000156103653253,-0.6372797618430144
15.070964002273163,7.996403701083706,3.04216959856916,0.965597399705165,-0.08434264120431792,-0.2663489785472106,0.21549723038318847,0.5765638458628514,-0.1954687106523547
14.976092826239922,7.996403701083706,3.0343114129127913,0.8845985081443539,-0.09335144810018212,-0.2673196325691598,0.21899612401132396,0.5859251520975223,-0.6143658358597052
14.881221690674765,8.014956841873772,3.0209707122715175,1.0002462545122528,-0.17186830973465844,-0.34545582091279137,0.5768473629017743,1.0004584106633794,-0.8907127399983813
14.772797529372301,8.033509982663839,3.0071493815304695,0.9060357285079303,-0.15150690317565316,-0.33211512027151757,0.5653567189125718,1.000047030131956,-0.6350205524054724
14.705032402110106,8.033509982663839,2.9953255464555673,1.0119424471746832,-0.22391499213027619,-0.3935985005304694,0.21549752912603004,0.5765646451881324,-0.7300394326031747
14.596608240033671,8.052063123453905,2.97671864036936,0.9474776510430334,-0.22181108309753092,-0.38177466545556715,0.21899612102389543,0.5859251441053969,-0.6663072778968447
14.50173710266256,8.070616264243972,2.9513691294612334,0.841441701837101,-0.2036379807352961,-0.3631677593693601,0.5768466873457146,1.0000556759402217,-1.0000080992054143
14.42041899010735,8.089169405034037,2.9259579213382647,0.9715299754841578,-0.27643778211250325,-0.4025610464612335,0.5653567324230387,1.000000062705595,-0.9806404141158661
14.325547851741128,8.107722545824105,2.8979888867260857,0.8948355639898148,-0.2509394103931845,-0.37714983833826476,0.21549752899092545,0.5765646447892459,-0.5784399050062246
14.230676750402305,8.144828827404236,2.8586522867204596,0.804958086162194,-0.23069454763977384,-0.34918080372608573,0.21899612102524657,0.5859251441467269,-0.8503204335493059
14.135805610746113,8.163381968194301,2.8171155186416557,0.9462283902547006,-0.27913275228684536,-0.3646067797204595,0.5768466876828382,1.0000565862805428,-0.999795478842921
14.040934508756937,8.200488249774434,2.778594815027897,0.8611676625007306,-0.2522612078674188,-0.3230700116416556,0.5653567323847357,1.0000000049205935,-0.8352566328358781
13.973169456989263,8.237594531354567,2.7396176477195664,1.0143317271168164,-0.30218649821159843,-0.3301228040278974,0.21549752899130847,0.5765646447902705,-0.6622687949353933
13.864745365086996,8.293253954515734,2.704932908606712,0.9484558755461605,-0.254794846499837,-0.2911456367195666,0.21899612102524257,0.5859251441090011,-0.6559374577476921
13.796980310284054,8.330360236095865,2.663579682004634,0.8349313481829792,-0.2171685600518191,-0.2564608976067122,0.5768466876819722,1.0000156017405615,-0.8854629411846491
13.702109241391728,8.386019658466063,2.6145529751898686,1.0259302713832645,-0.247718013892066,-0.252325360004634,0.56535673241663,1.0000352063760185,-0.667828561416423
13.634344223015752,8.441679080836263,2.573992295456115,0.9268450251319019,-0.19675405926919604,-0.20329865318986862,0.2154975289909895,0.5765646447894172,-0.365960054046371
13.553026177391367,8.49733850320646,2.528865584623997,0.8469989153374965,-0.14850858334458727,-0.16273797345611518,0.21899612102524602,0.5859251441090103,-0.43849851466640993
13.471708130440154,8.55299792557666,2.4886750384094163,1.0272336804099,-0.15186204712024035,-0.14724865862399694,0.5768466876826934,1.0000022684923242,-0.5051822674941191
13.403943108525985,8.608657348737827,2.458341227662747,0.9341003512055409,-0.11565558812809236,-0.10705811240941632,0.565356732416615,1.00000140731599,-0.2777652797112552
13.336178120617005,8.682869911898091,2.425628165942614,1.1301746185555397,-0.1148939175914458,-0.099446852662747,0.21549752899098962,0.5765646447876428,-0.23572428147923516
13.254860069685321,8.738529334268291,2.409672344294374,1.0334927248572667,-0.06635435405902665,-0.06673379094261378,0.2189961210252458,0.5859251441082561,-0.09998619075400939
13.200648070891665,8.79418875663849,2.3900333237322013,0.9367308237439445,-0.06279656087952697,-0.050777969294373726,0.5768466876841931,1.000001136921161,-0.25384549226761133
13.1328830800841,8.868401319798753,2.3736289263935735,0.8601716450834507,-0.04073779548841137,-0.031138948732201133,0.5653567324172374,1.00000140731599,-0.045963853513223754
13.065118087802292,8.942613883749987,2.366682098102754,1.0470681506031905,-0.02922386516613656,-0.03107455139357329,0.2154975289909834,0.5765302528190797,-0.09588899397333589
12.997353094046229,9.016826446910251,2.3561533225746802,0.9469059390058211,-0.016337678758885536,-0.024127723102753684,0.21899612102524602,0.5858898140713588,-0.010874919118616707
12.943141126138043,9.091039010070515,2.3509375326381976,1.136428349927921,-0.008753644957508478,-0.02394822157468024,0.5768757556127967,1.0000011363232375,-0.07374384493752774
12.875376093411939,9.146698432440715,2.341243441370314,1.0455756004903034,0.010838798535376734,-0.0187324316381976,0.5653863025174588,1.0000014065233087,0.04036875488951235
12.807611095564837,9.220910996391947,2.333656542380339,0.9582848616551731,0.01111024007668744,-0.009038340370314035,0.21549723328998116,0.5765294617489528,-0.019643273255038944
12.753399123971029,9.295123559552213,2.3233680173056186,0.8577024459744563,0.020675753530230243,-0.0014514413803388138,0.21899612398225599,0.58588982198206,0.07064776281499781
12.685634123322854,9.369336122712477,2.3136254319967686,1.0575080055525643,0.041884878429573204,0.004227333694381219,0.5768764241919433,1.000001136309493,0.08866457983246744
12.631422114872864,9.424995545082675,2.308691815123892,0.9565533892265018,0.05246821702136237,0.01396991900323119,0.5653862891455803,1.0000014065236664,0.13466036951829566
12.5636571116079,9.499208108242941,2.305804140088148,0.8786310956853539,0.05452001429801244,0.018903535876107824,0.21549723342370009,0.5765294621066827,0.07995023658327606
12.495892106868688,9.573420672194173,2.3051604525046416,1.0688768939765863,0.06318979238660803,0.02280847691185217,0.21899612398091872,0.5858898219784817,0.14539548434126354
12.428127099499624,9.647633235354439,2.309051682408899,0.9683408349582507,0.06330972728481456,0.023452164495358474,0.5768764238896051,1.0000011363094954,0.1545294159743133
12.360362091811915,9.721845798514703,2.318566872030497,0.8680832419431749,0.05936419654442201,0.019560934591101198,0.5653862891516279,1.0000014065236646,0.13296632031242597
12.306150111372608,9.796058361674968,2.3204187825508424,1.0570228357727633,0.05671038034112571,0.01671488596950299,0.21549723342363936,0.5765294621065199,0.07114847224163497
12.238385067602703,9.851717784836135,2.323856202214958,0.9658684359495401,0.06563817637906581,0.014862975449157378,0.21899612398091928,0.585889821978484,0.15074314458088744
12.170620055823951,9.925930347996399,2.3277454474754644,0.8791364742821329,0.05094040018557712,0.011425555785042008,0.5768764238897428,1.0000011363094996,0.09018579037588464
12.102855042570951,10.000142911156665,2.325763993002475,1.0640457138265644,0.05493283462204795,0.020019864524535524,0.5653862891516246,1.0000014065236664,0.1502376575293981
12.048643024354066,10.055802333526863,2.3285779499914505,0.9634492359373977,0.05854353229630513,0.022001318997524777,0.21549723342363958,0.576529462106521,0.07749577500691189
11.980878039909527,10.148568037477194,2.3324681478831923,0.8859206829340414,0.05470999889968238,0.019187362008549425,0.2189961239809195,0.5858898219784849,0.1272755793216051
11.913112989984636,10.204227460638363,2.3441465881373746,1.0520755148048324,0.07573309003137307,0.03389709411680775,0.5768764238897416,1.0000011363094972,0.22325856315323667
11.858901000847267,10.278440023798625,2.346931652976201,0.965723374965457,0.053830807769447674,0.022218653862625448,0.5653862891516239,1.0000014065236655,0.06854633255664808
11.77758295087381,10.352652586958891,2.354433660451323,0.8749325774412323,0.06444179003514747,0.01943358902379888,0.21549723342363947,0.5765294621065205,0.16249136158983776
11.72337092720221,10.408312009329089,2.361719682198019,1.0385932213581326,0.0627950546215393,0.0370908655486768,0.2189961239809194,0.5858898219784846,0.10002084795444233
11.655605904292885,10.48252457328032,2.365998686654494,0.9613391722466416,0.05667894647365125,0.029804843801981118,0.5768764238897421,1.000001136309498,0.18071989260031507
11.587840879909308,10.556737136440587,2.3739403793215756,1.1262922790056173,0.07345277556866679,0.05782645834550593,0.5653862891516241,1.0000014065236669,0.22246318294484135
11.520075821568142,10.612396558810786,2.3800774486921727,1.0265434879552067,0.07084574179234851,0.04988476567842426,0.21549723342363958,0.5765638539958173,0.09428100276812827
11.438757732821992,10.668055981180984,2.3982815742678936,0.9395051226795369,0.05807111251175477,0.043747696307827155,0.2189961239809195,0.5858898219784849,0.16581196299753218
11.370992704236812,10.742268544341249,2.3997530894912775,1.0990339884744516,0.04376026893336736,0.06569471273210636,0.5768473560281341,1.000001136907407,0.16803821002970298
11.303227643439342,10.797927967502416,2.4056079202145337,0.9989976252231482,0.05106935748125049,0.06422319750872241,0.56538657983024,1.000001406515877,0.19519454746480958
11.221909550712724,10.853587389872615,2.4128364271298053,0.9116889348803957,0.04098079065498594,0.0583683667854662,0.21549723051685343,0.5765294543301804,0.06594224160374065
11.154144517925936,10.927799953032878,2.42185625422746,1.0602996302861658,0.046434307838552825,0.0999460668701948,0.21899612400998736,0.5858898220562477,0.24572593664219433
11.086379452360957,10.983459375403077,2.427893622424454,0.9607974884075802,0.04800536379943147,0.09092623977254011,0.5768764304619771,1.0000011363093624,0.20926764900683714
11.005061355653867,11.039118797773277,2.4395827363245193,1.1086110392460427,0.07382727489297009,0.14318283157554612,0.5653862890201768,1.0000014065236718,0.39825607187272993
10.937296318665476,11.113331361724509,2.4521613917686054,1.0113658899818327,0.05085090674892826,0.13149371767548068,0.21549723342495397,0.576563854001109,0.04130992397696694
10.855978219194174,11.168990784094708,2.4659424653090545,0.9124309646423322,0.05228336347509411,0.11891506223139459,0.2189961239809063,0.5858898219784492,0.33920873417512076
10.801766181517218,11.224650206464906,2.469224595930428,1.0395192396707855,0.0716989263768911,0.17365432969094563,0.5768473560236618,1.0000012972277463,0.39312876305206707
10.720448079613407,11.280309628835104,2.492719231303782,0.9626692995663404,0.0780663523268564,0.1703721990695719,0.5653865798303149,1.0000016085867807,0.3842105970096701
10.639129947450687,11.317415910415237,2.5066137669049215,1.0795429636290226,0.09979649431505534,0.2260735716962179,0.21549723051685266,0.5765638462204705,0.32310277564627876
10.571364873814202,11.373075332785437,2.5217157058976607,0.9933474131946763,0.06642657219783264,0.21217903609507838,0.21899612400998725,0.5859251520946991,0.291902289178088
10.476493736295636,11.428734755946602,2.5314508699066947,0.9067453865244411,0.057354976085101296,0.19707709710233923,0.5768473625995297,1.0000028063088968,0.48534370971530827
10.408728633076707,11.465841037526735,2.5457619168423116,1.0011705253744865,0.09767752458776188,0.2771042000933055,0.5653567189179804,1.000021380302438,0.6063812966353748
10.327410525091631,11.521500459896934,2.556925173159689,0.9255539121989388,0.07602289468481126,0.2627931531576886,0.21549752912597597,0.5765646451505752,0.2075862541189249
10.246092387916471,11.558606741477066,2.5743297589384024,1.0208679702745131,0.13790561168313814,0.3509892278403113,0.2189961210238961,0.5859251441046451,0.8161960154161403
10.178327308677844,11.614266163847265,2.593943506982178,0.9345935937052556,0.10771802094802108,0.33358464206159777,0.5768466873774579,1.0000390620496578,0.5669347983065239
10.083456137177892,11.651372445427397,2.6091056147031493,0.8496911117437478,0.10160284585638947,0.3139708940178223,0.5653567324233567,1.0000371366799086,0.7306071472954455
9.988584991808956,11.707031867797596,2.6313678601197905,0.9358109176107455,0.1520865456475126,0.4057116902968505,0.21549752899092234,0.5765646447892374,0.5403526887034965
9.920819883172173,11.744138150168697,2.6518096280656764,0.8289940975886234,0.13345512811847168,0.38344944488020927,0.21899612102524657,0.585925144109012,0.678185959219618
9.839501741131999,11.781244431748828,2.671503018494696,0.9322360108683592,0.20870547951355628,0.4743238339343234,0.5768466876828453,1.000153297220191,0.99988864984834
9.731077559190044,11.836903854119027,2.700320022758097,0.8468598284886762,0.18655421643321682,0.4546304435053039,0.5653567324166121,1.000000068434123,0.943754093319285
9.649759387615024,11.855456994909094,2.7373827630840233,0.9026545460670827,0.2690045914360412,0.5376844174214894,0.21549752899098973,0.5765646447894182,0.8739375846089165
9.554888209886379,11.892563276489225,2.774657148476689,0.8299405887002084,0.2204488457479332,0.5006216770955629,0.2189961210252458,0.5859251441090096,0.8197111712443624
9.460017031125759,11.929669558069358,2.82027312254533,0.9074879027083536,0.30051221159084784,0.5718178117028971,0.5768466876826925,1.0000361511795683,0.9995567846729704
9.365145825865564,11.948222698859423,2.867370545621959,0.8185128239715164,0.26406307952442476,0.5262018376342561,0.5653567324166155,1.0000004035509373,0.9994776562067902
9.283827653124204,11.96677583964949,2.9070820069871823,0.7336866780288759,0.21740364393093087,0.4791044145576273,0.21549752899098973,0.5765646447894177,0.7605462511690954
9.175403412641606,11.985328980439556,2.95719177758321,0.8381502970842691,0.29530462411356995,0.5410825811924038,0.21899612102524568,0.58592514410901,1.0000078930237688
9.094085238941991,12.003882121229623,3.008847671505062,0.7419017733416262,0.2513101912964968,0.490972810596376,0.576846687682693,1.0000001763453827,0.9996996547276362
8.999214007182216,12.003882121229623,3.0548382694087906,0.8579059041232684,0.33037486472811706,0.5318614596745244,0.5653567324166153,1.0000000214884923,0.9998816726033024
8.890789718136258,11.985328980439556,3.1065322059951708,0.7776731125949623,0.2823636596710788,0.48587086177079586,0.21549752899098962,0.5765646447894172,0.8717774051194689
8.809471543662664,12.003882121229623,3.1594773096404953,0.8797329503803406,0.33085110882905405,0.5163241491844155,0.2189961210252459,0.5859251441090104,0.9998986000590893
8.701047253977091,11.985328980439556,3.2151340649090687,0.8150356045316047,0.3038361482035651,0.46337904553909093,0.5768466876826934,1.0000001172976294,0.9998955321957704
8.619729032106473,11.96677583964949,3.2772667190991323,0.92970458467135,0.3558262671288664,0.47915541327051736,0.5653567324166149,1.0000002168725728,0.9998516488074068
8.524857777680161,11.948222698859423,3.3258250985108293,0.8669244201980247,0.2900281191643278,0.41702275908045383,0.21549752899098962,0.5765646447894174,0.7249579010567581
8.42998652376983,11.929669558069358,3.3740978116355818,0.7833157651991075,0.24674683991715538,0.3684643796687568,0.2189961210252458,0.5859251441090098,0.8138849785291317
8.33511524655335,11.892563276489225,3.4130461812578132,0.9248005055676805,0.3034930546623245,0.3812356355440043,0.5768466876826933,1.0000676864231142,0.9998929174525556
8.267350037151823,11.855456994909094,3.458082718010991,0.8345700358174721,0.2569430192389247,0.34228726592177283,0.5653567324166155,1.0000000176804498,0.907416649199863
8.172478763007463,11.818350713328961,3.495977997537702,1.0082284982094964,0.29175407315564783,0.34858736016859515,0.21549752899098973,0.5765646447894176,0.6145740954040647
8.09116052256134,11.781244431748828,3.531050162073224,0.9167057391538903,0.25146781599379286,0.31069208064188425,0.2189961210252459,0.5859251441090106,0.7367384121392788
7.996289250407212,11.744138150168697,3.572983843442052,0.8356422134649255,0.21571677077211754,0.27561991610636216,0.576846687682693,1.0000166200413152,0.8666975835611104
7.914970990279899,11.68847872700753,3.616540868040174,0.9954538555472622,0.2582085670145697,0.2761373387375343,0.5653567324166147,1.0000419899279882,0.7764615574407766
7.833652730323805,11.63281930463733,3.6490477726422244,0.9079826575782566,0.20230575188401373,0.23258031413941227,0.21549752899098962,0.5765646447894176,0.3605326906184552
7.752334493931861,11.595713023057199,3.682766060587018,1.079842058119598,0.22658902350181337,0.23445993353736183,0.2189961210252459,0.58592514410901,0.7003135988957184
7.671016237563874,11.540053600687,3.72657643681392,0.9980537561835838,0.20014317532125347,0.20074164559256813,0.576846687682693,1.0000103341306985,0.5893099213909968
7.603251014599276,11.4843941783168,3.7572812679968766,0.9073305583060463,0.15473836908684077,0.15693126936566637,0.5653567324166153,1.0000034414632875,0.464222200623863
7.535485792740362,11.428734755946602,3.784084993954747,1.0992338159226682,0.16300197869821534,0.1532881771827097,0.21549752899098962,0.5765646447894174,0.29986778324870833
7.45416751986081,11.35452219199537,3.8113242801092553,1.0156036261679064,0.12952661571710716,0.1264844512248393,0.2189961210252459,0.5859251441082565,0.3275152071833006
7.3864022993525165,11.29886276962517,3.8295048832707086,0.9089327240870954,0.09411628770257288,0.09924516507033099,0.5768466876826932,1.0000011369211599,0.3268920552293799
7.305084049508067,11.24320334725497,3.841141277682034,1.1053032642781684,0.10635177406262038,0.10142032290887748,0.5653567324172522,1.0000014073159895,0.3162245166230622
7.237318812796117,11.168990784094706,3.8577412102930237,1.008409123078436,0.1032548403579077,0.0897839284975519,0.2154975289909833,0.5765646447893996,0.17728925250984137
7.169553577558412,11.094778220934442,3.866130705010145,0.9101467441520993,0.07500718550984585,0.07318399588656233,0.21899612102524602,0.5858898140713588,0.20342979632336897
7.101788363107582,11.039118797773275,3.8826072801463294,1.0980109451824365,0.07942679069733463,0.07892600716944109,0.5768466876827083,1.0000011369211594,0.28042272314764843
7.0204700995894935,10.96490623461301,3.893247484359889,1.011602274475407,0.06600475076851314,0.0624494320332567,0.5653865931967598,1.0000014065155174,0.15650947551841665
6.966257917423309,10.909246812242811,3.902437169309705,0.9021634935896108,0.05654890849214325,0.05180922781969688,0.21549723038318802,0.5765294539725941,0.12886482276190647
6.8849396569274255,10.835034249082545,3.9100620462186626,1.1152157152387392,0.06010074406148849,0.05086749486988129,0.21899612401132384,0.5858898220598234,0.13841897188948082
6.81717442883981,10.760821685131313,3.9228394852764894,1.0055953570894285,0.05475777883318808,0.043242617960923546,0.5768764307641943,1.0000011363093577,0.17837001806854427
6.749409220580815,10.705162262761116,3.9254590543080115,0.9058392463365204,0.03692904418533485,0.030465178903096746,0.5653862890141323,1.0000014065236709,0.0742659130709065
6.681643977087324,10.612396558810785,3.9360827076155678,1.109888475301388,0.05184204530217143,0.030410725871574673,0.21549723342501437,0.5765294621101985,0.1293055125660735
6.613878771408258,10.556737136440585,3.948776081101968,0.9967080311938572,0.023403035990812945,0.01978707256401835,0.21899612398090562,0.5858898219784476,-0.008573454429200395
6.546113549033347,10.482524573280319,3.9525182071048763,0.9098575788312031,0.02120909862083397,0.007093699077618254,0.5768764238866337,1.0000011363094965,0.08782838113530933
6.4919013569159905,10.408312009329087,3.959085338870063,1.0998924353140833,0.015895306707741877,0.0002965130747099032,0.5653862891516865,1.0000014065236669,-0.014233587151879582
6.410583107550662,10.334099446168823,3.9647304609511043,1.0087560378743994,-0.0025492343936801276,-0.006270618690476848,0.2154972334236388,0.5765294621065189,-0.006199403354929146
6.3563709365280925,10.278440023798623,3.966266275113447,0.8990165685403456,0.0009266902605154173,-0.011915740771518024,0.2189961239809194,0.5858898219784846,-0.015358749670588288
6.288605702617198,10.185674319848292,3.9692543450184146,1.1090730947370513,-0.004815043495400919,-0.022201405933861107,0.5768764238897435,1.000001136309497,-0.055246839763679875
6.234393533769141,10.130014896687126,3.974665358550844,0.9948956920508799,-0.020995209703573287,-0.025189475838828468,0.5653862891516241,1.0000014065236669,-0.08724808900116249
6.166628319760575,10.055802333526861,3.9775620517879697,0.9171160784765631,-0.02369799329467162,-0.030600489371257922,0.21549723342363947,0.5765294621065205,-0.052423685073636275
6.098863090640981,9.963036629576528,3.973449598997829,1.0997480739959566,-0.039480720437540265,-0.04815464060838348,0.2189961239809194,0.5858898219784846,-0.1453641850143512
6.044650923954377,9.907377207206332,3.970268702404571,0.9856901037096032,-0.047344911646629496,-0.04404218781824287,0.5768764238897421,1.000001136309498,-0.15516574118033732
5.976885714221124,9.833164643255097,3.9676271272730057,0.9081732404284479,-0.041870454851072596,-0.04086129122498461,0.5653862891516241,1.0000014065236669,-0.13005070126423127
5.909120505962117,9.758952080094835,3.9669366222433724,1.0850510904327089,-0.056364050320961395,-0.05913774609341926,0.21549723342363958,0.576529462106521,-0.14344282078011972
5.841355299177359,9.684739516934568,3.95676104834303,0.9845943298532533,-0.05616090469524335,-0.05844724106378596,0.2189961239809194,0.5858898219784846,-0.14165789858869207
5.7871431222209395,9.610526953774304,3.9512080658227178,0.8846301552474075,-0.0477080124645696,-0.04827166716344378,0.5768764238897417,1.000001136309498,-0.18073292198619895
5.719377918237248,9.53631439061404,3.9531886725034537,1.063724509248235,-0.0737691610183306,-0.07039120564313173,0.5653862891516241,1.0000014065236669,-0.2605550281708344
5.6516127157278016,9.462101826662806,3.9592518524825553,0.9630979011492653,-0.0778034497836815,-0.07237181232386769,0.21549723342363958,0.5765638539958173,-0.1313116950232192
5.583847528721746,9.406442404292608,3.9627106829173844,0.8621202108101309,-0.08495978598390934,-0.07843499230296924,0.2189961239809195,0.5858898219784849,-0.28628368084841427
5.516082328976513,9.332229841132342,3.968582382602615,1.0355307825344289,-0.10688964172557953,-0.1169510547377981,0.5768473560281341,1.000001136907407,-0.405572638993336
5.448317130705525,9.258017277972076,3.961264825304968,0.9343891329419762,-0.11334880515937984,-0.1228227544230287,0.56538657983024,1.000001406515877,-0.3762681782534105
5.380551933908783,9.183804714020845,3.9508360819984203,1.0848782912190351,-0.1476630031257478,-0.15869603112538178,0.21549723051685343,0.5765638462204723,-0.3469228338933676
5.326339765945266,9.10959215086058,3.9364990290347466,0.9858856116444443,-0.1385052609656538,-0.14826728781883425,0.21899612400998725,0.5859251520946991,-0.3573641728668781
5.258574571949593,9.035379587700316,3.9226493433210976,0.8968296172368616,-0.13763516433952572,-0.13393023485516053,0.5768473625995283,1.0000012345590945,-0.5280367997122631
5.177256352364038,8.961167024540051,3.9194447128567815,1.0384773599715718,-0.17197998785326526,-0.1722299241415115,0.5653567189179804,1.0000061513138998,-0.5424815889572521
5.109491174203462,8.905507602169852,3.90893578634597,0.9290115042826688,-0.16445674853550785,-0.16902529367719543,0.21549752912597597,0.5765646451505738,-0.3203339807231715
5.041725984593671,8.83129503821862,3.894916900554669,1.0717613258037775,-0.19890188221972585,-0.7673431323459701,0.2189961210238961,0.5859251441053986,-1.000020000139885
4.960407769799417,8.757082475058354,3.8792851284239407,0.9742487045600609,-0.19163402586245262,-0.7533242465546688,0.5768466873774591,1.0000007563198927,-0.9992436104595267
4.892642583285545,8.68286991189809,3.858523431429636,0.8670337832760611,-0.17660779395691728,-0.7376924744239406,0.56535673242272,1.0000000677747178,-0.9995145156291787
4.824877411366719,8.627210489527892,3.84083365523256,0.9889392990560024,-0.22395410443138183,-0.2423876502500497,0.21549752899092878,0.5765646447892548,-0.27148180020753515
4.74355921426343,8.571551066366723,3.8169230871740694,0.9050588161654122,-0.20540756827783055,-0.22469787405297392,0.21899612102524657,0.5859251441082588,-0.7699983557860882
4.6757940307955606,8.497338503206459,3.7866251617018105,1.0191556680502105,-0.2369136063063744,-0.28386324399448304,0.5768466876828306,1.0000232213619114,-0.8108295214231085
4.5944758364564855,8.441679080836261,3.752389429742468,0.9270965994273,-0.2244910056942923,-0.2535653185222242,0.5653567324172488,1.0000227892038167,-0.7154125392945446
4.499604617522645,8.386019658466061,3.7188012769166354,0.8357004771193094,-0.19158390203085338,-0.21932958656288148,0.2154975289909833,0.5765646447894001,-0.38684557817532433
4.418286425947781,8.330360236095864,3.684410340124739,0.9329155461572076,-0.21593247962637024,-0.2791466957370492,0.2189961210252459,0.5859251441090101,-0.7831502310980366
4.35052126140019,8.274700813725666,3.660707075083626,0.8414084080937942,-0.18938106017826378,-0.24475575894515256,0.5768466876827079,1.0000092518551698,-0.6812531590523746
4.255650058351362,8.237594531354565,3.6343064396921516,0.9525280527001309,-0.24889637603223133,-0.3234422259040395,0.5653567324166151,1.0000421119838627,-1.0000086757709277
4.160778855178908,8.200488249774432,3.6146259383205286,0.857627911626808,-0.2114819521303997,-0.2970415905125652,0.2154975289909895,0.576564644789417,-0.3787141464539159
4.079460668579629,8.144828827404234,3.591961449617516,0.9462282887474373,-0.2600053410121037,-0.3862739711409424,0.2189961210252459,0.5859251441448938,-1.0000081398063658
3.984589468811002,8.107722545824103,3.566938652629028,0.8544395657856663,-0.25320644320220587,-0.3636094824379299,0.5768466876826935,1.0000000183441873,-0.9455151214653238
3.9032712953693784,8.07061626424397,3.539361734325061,0.9388752618773536,-0.3135250949046075,-0.4505700206290282,0.5653567323862865,1.0000001417600104,-0.9999721107018299
3.8084000975909853,8.033509982663837,3.513318916792045,0.8578202020868155,-0.29022756579843156,-0.42299310232506127,0.21549752899129293,0.5765646447902297,-0.7400793443625703
3.7135288996889657,7.996403701083705,3.4794483148399693,0.7632172467684262,-0.26790407969572066,-0.39695028479204497,0.2189961210252428,0.5859251441090018,-0.9153819394936864
3.6186577039745176,7.959297419503571,3.440135899120937,0.8496457439640083,-0.3376397213922944,-0.4741584318399692,0.5768466876820068,1.0000701841280035,-0.999275702626064
3.5237865188746516,7.940744277922537,3.409563337499271,0.7606706287605476,-0.3115464528972641,-0.4348460161209369,0.5653567324166291,1.0000001101870022,-0.9998849381182127
3.428915334290771,7.9221911371324705,3.3784687968436584,0.8531944842225648,-0.38161588078735825,-0.510630260499271,0.21549752899098962,0.5765646447894176,-0.9996874983278314
3.320491116229787,7.885084855552337,3.343091445500026,0.7680705178738341,-0.35067790171474894,-0.4795357198436583,0.2189961210252459,0.5859251441090103,-0.9998210055506636
3.2256199318171297,7.866531714762273,3.309483560854564,0.8480744919171267,-0.4475666810507632,-0.5427478675000259,0.576846687682693,1.0000005063186095,-0.9998510180554326
3.1307487490760586,7.847978573972206,3.2737077929917673,0.7659970001563514,-0.4212563051563041,-0.5091399828545637,0.565356732416615,1.00000093399131,-0.9998219968701293
3.022324550254003,7.847978573972206,3.2292296385113097,0.6840859511451813,-0.3994824341026005,-0.4733642149917672,0.21549752899098973,0.5765646447894173,-0.9999075002723471
2.927453376284704,7.847978573972206,3.1974907402042247,0.7843655347066851,-0.4680858852024434,-0.5177532085113099,0.21899612102524568,0.5859251441090095,-0.9998853843706682
2.8325821934568634,7.82942543318214,3.158578425133596,0.7041015401725358,-0.4376590657186131,-0.4860143102042249,0.5768466876826934,1.0000007350155897,-1.0004433580301801
2.724157994929657,7.82942543318214,3.1227683643344744,0.6254219518488856,-0.426875537209788,-0.4471019951335964,0.5653567324166155,1.0000015311667187,-1.0009515357928027
2.6157338035156945,7.847978573972206,3.091207423293959,0.7339615058703015,-0.5139128989139213,-0.48955337333447435,0.21549752899098973,0.5765646447894182,-0.9999238471161592
2.5344156543991523,7.847978573972206,3.0521048627141822,0.6405918687660989,-0.4774273683920504,-0.4579924322939588,0.2189961210252458,0.5859251441090098,-0.99985777502159
2.4395444804298534,7.847978573972206,3.0199184499029035,0.7885809967696472,-0.5707827860030472,-0.48649684171418217,0.5768466876826926,1.0000002107922665,-1.0008844075193726
2.344673311681075,7.866531714762273,2.981623987937343,0.7123710648322912,-0.556624857758863,-0.4543104289029034,0.5653567324166154,1.0000003569966929,-1.0009945216270268
2.2633551684983786,7.885084855552337,2.942064935052765,0.6365440758522297,-0.5257390826412316,-0.4160159669373429,0.21549752899098962,0.5765646447894174,-0.9998724463926011
2.154930974946758,7.903637996342406,2.90570652642287,0.7985995734071306,-0.6024043680386506,-0.43389363205276466,0.2189961210252459,0.5859251441090102,-0.9999645669818624
2.0736128308058,7.9221911371324705,2.856757297003639,0.710211796188418,-0.5802767092216105,-0.39753522342286995,0.5768466876826932,1.0000000000051141,-1.0000577755456026
1.9787416665665345,7.959297419503571,2.8201508797053223,0.6544987889247086,-0.5498759866292653,-0.3485859940036389,0.5653567324166151,1.000000000033131,-1.0001053968606486
1.8838705001396951,7.996403701083704,2.7769606614951017,0.8134535257460699,-0.6110358533119309,-0.35999947070532246,0.21549752899098962,0.5765646447894174,-0.9999306935352748
1.8025523590578008,8.033509982663837,2.745243498766792,0.7372113339703582,-0.5745085658931393,-0.31680925249510183,0.21899612102524602,0.5859251441090105,-0.999877203159037
1.7076811917963275,8.07061626424397,2.718963020080698,0.9180545731004166,-0.6328959979965536,-0.324529316766792,0.5768466876826932,1.0000035011409578,-1.0002193474965035
1.6128100235028813,8.107722545824103,2.687422448927534,0.8326251483186097,-0.6136242546463611,-0.2982488380806978,0.5653567324166148,1.000004696316391,-1.0004445382058322
1.5450449050623731,8.144828827404234,2.649716571504247,0.7500290937762503,-0.5953388700503371,-0.2667082669275338,0.21549752899098973,0.5765646447894177,-0.999875145754722
1.450173737640416,8.200488249774432,2.607323236698282,0.9594147026212912,-0.6365490328956543,-0.2606552305042471,0.2189961210252458,0.58592514410901,-0.9999263025786937
1.3553025698260994,8.25614767214463,2.564648835295808,0.8755375846730996,-0.5957233113540363,-0.2182618956982818,0.576846687682693,1.0000404033514902,-1.0005372810312225
1.2739844262379851,8.311807095305797,2.5185586728993776,0.7902799228994579,-0.5629281228023213,-0.175587494295808,0.5653567324166153,1.00008963722165,-1.0005741144353566
1.1926662813230478,8.367466517675995,2.4691278278175712,0.9940616815605047,-0.5712148172474192,-0.1540647948993774,0.21549752899098962,0.5765646447894176,-0.9333731459262367
1.1113481350812877,8.423125940046194,2.42316489123739,0.9227862011852742,-0.5285124478665353,-0.10463394981757101,0.21899612102524602,0.5859251441090111,-0.8388541707588383
1.030029990313775,8.497338503206459,2.3749755939189314,0.8482402593194949,-0.49717627933271247,-0.05867101323738977,0.576846687682693,1.0003743095795605,-1.0005264755093384
0.9487118426215652,8.571551066366723,2.3338908901158684,1.046678880949292,-0.46684638161428604,-0.02853395891893129,0.5653567324166144,1.000351981014579,-0.7599960710814221
0.8809467207534316,8.645763630317957,2.2901818781439176,0.955133068384135,-0.43093786758011093,0.01255074488413177,0.21549752899098973,0.5765646447894184,-0.5346436606576707
0.8402876505810456,8.719976193478223,2.247617274755608,1.1614834758103316,-0.37806026415724664,0.044292030856082576,0.2189961210252458,0.5859251441090098,-0.4936285116316824
0.7589695013907909,8.812741897428554,2.202287976378572,1.0931993802471938,-0.3135105274625805,0.08685663424439216,0.5768466876826923,1.0000759122427916,-0.40989745264244054
0.7047574019797623,8.886954460588818,2.1556891029421212,0.9834010401692979,-0.27452308687723204,0.1321859326214283,0.5653567324166154,1.0000541046281566,-0.24319077600452477
