-0.013553008746593303,-1.659764878033157e-18,0.00207822160795331,1.0135508199770986,-0.0021063862473336874,-0.00207822160795331,0.9442115343928682,1.0052313,-0.02083202
-0.013553008746593303,-1.659764878033157e-18,0.00207822160795331,1.0271423568925637,0.016418548341990746,-0.00207822160795331,0.9442115343928682,1.0055614,-0.0012565004
-0.013553008709737066,-0.018553140790066213,0.00207822160795331,1.0135893774505726,0.016446714477269142,-0.00207822160795331,0.9442115343928682,1.0054454,-0.000255947
-0.013553008709737066,-0.018553140790066213,0.00207822160795331,1.0135893774505726,0.016446714477269142,-0.00207822160795331,0.2105932116590845,0.6840734,0.012980456
-0.013553008709737066,-0.018553140790066213,0.0005356561020016671,1.0135893774505726,0.016446714477269142,-0.00207822160795331,0.219045164198565,0.711741,0.013382862
-0.013553008709737066,-0.018553140790066213,0.0009174818918108941,1.0135628014042457,0.01801022230050889,-0.0005356561020016671,0.48598031724419477,1.0081565,0.047636207
-0.013553008709737066,-0.018553140790066213,0.0014432233246043326,1.0135696042873006,0.01762321657988154,-0.0009174818918108941,0.4599264566894836,1.008363,0.049744647
-0.013553008709737066,-0.018553140790066213,0.003970856438390911,1.0135787294646381,0.017090338632871613,-0.0014432233246043326,0.21655183174826087,0.70357394,0.0141615225
0.02710601741947414,-0.01855314079006621,-0.0006828090967610485,1.0136186896848687,0.01452833160641886,-0.003970856438390911,0.21898557799767304,0.71156114,0.010705496
0.0406590261292112,-0.01855314079006621,-0.008938253563828769,0.9728810875328785,0.019217437274937844,0.0006828090967610485,0.4694991377474128,1.0072206,0.04952259
0.10842406967789654,-0.0185531407900662,-0.011841673324815928,0.9591368216419881,0.02712711836953037,0.008938253563828769,0.46024325759165263,1.0069369,0.067076206
0.1626361045168448,-0.018553140790066192,-0.017970812204293907,1.0912797028772074,0.031477623480419464,0.011841673324815928,0.2165486637392392,0.70320034,0.03148284
0.23040114922112917,-0.018553140790066185,-0.01295855570118874,1.0368629945456478,0.03719141335032025,0.017970812204293907,0.21898560967776337,0.71130675,0.041389745
0.28461318406007746,-0.01855314079006618,-0.01621568267699331,0.9692770271993233,0.031115832120082572,0.01295855570118874,0.4698149039947277,1.0071293,0.075248644
0.3388252188990257,-0.01855314079006617,-0.018234891952015456,0.9149656301847591,0.033393673209343715,0.01621568267699331,0.46045511136754047,1.0057769,0.07883669
0.4201432711574481,-0.01855314079006616,-0.01746133870910853,1.060660063925702,0.03789939143313277,0.018234891952015456,0.2165465452014803,0.7032405,0.041333225
0.5014613234158706,-0.01855314079006615,-0.014643632736988363,0.9793834080751654,0.035659053244247875,0.01746133870910853,0.21898563086314082,0.7115031,0.04146635
0.5827793756742928,-0.01855314079006614,-0.020699853454716505,1.0981492199100658,0.0346371736043955,0.014643632736988363,0.4697809493054943,1.0103916,0.08094657
0.6776504377980515,-0.01855314079006613,-0.02683397768530995,1.0166186808906084,0.03960398024185105,0.020699853454716505,0.46028950722231443,1.0083585,0.09070384
0.6776504377980515,-0.01855314079006613,-0.034197839624248445,0.9215197127067687,0.04329379886469754,0.02683397768530995,0.21654820124293273,0.7036487,0.054703545
0.7860745053382863,-0.03710628158013233,-0.03930331112351268,0.9211759207661899,0.05007850764414486,0.034197839624248445,0.21898561430272645,0.7115747,0.0646768
0.9351576007399754,-0.03710628158013231,-0.03988902271259576,1.011684440348546,0.07691799538699806,0.03930331112351268,0.4694359639205141,1.0080355,0.13640776
1.0300286614501413,-0.0371062815801323,-0.04029313811566681,1.0625156172132801,0.07954102446179798,0.03988902271259576,0.46023245362314846,1.0092922,0.13409518
1.1113467116208142,-0.05565942237019849,-0.0391105487337336,0.9676893289102336,0.0761487784154832,0.04029313811566681,0.2165487717789243,0.70324516,0.088116
1.2062177720729865,-0.05565942237019848,-0.03675258399453014,1.08564445778517,0.0981838320587625,0.0391105487337336,0.2189856085973665,0.7106735,0.10221585
1.314641841161183,-0.05565942237019847,-0.03315132604446261,0.991065959489219,0.09213767841592682,0.03675258399453014,0.46977702007824773,1.0075349,0.14700378
1.4095129054464037,-0.03710628158013225,-0.032616017232649015,1.0829169577986901,0.09160331199580139,0.03315132604446261,0.4609907014347149,1.0098324,0.13722406
1.5043839620655275,-0.05565942237019844,-0.03290927640628069,0.988750254351843,0.06938656302984329,0.032616017232649015,0.21654118930080868,0.7032068,0.0775075
1.599255023673299,-0.055659422370198434,-0.03141293359454721,1.0931914234744395,0.09167870810468697,0.03290927640628069,0.21898568442214772,0.71070117,0.09306248
1.6941260841254713,-0.05565942237019842,-0.03173702698666602,0.9985031249643985,0.08706312869432412,0.03141293359454721,0.46980946247049293,1.0077646,0.13860252
1.8025501532136676,-0.05565942237019841,-0.03816859122831375,0.9036515703885298,0.08437631240330966,0.03173702698666602,0.4609670018216172,1.0054568,0.13880032
1.897421208505967,-0.07421256316026462,-0.04066724781412632,0.9945994459465416,0.09368089600070127,0.03816859122831375,0.21654142629693962,0.7029995,0.10044504
1.9922922687001456,-0.0742125631602646,-0.04507885687518865,0.8988153517587278,0.11084648315792137,0.04066724781412632,0.2189856820521865,0.71117455,0.118763976
2.073610321450755,-0.0742125631602646,-0.05386252563912423,1.0033397369634902,0.11954810112398447,0.04507885687518865,0.4699846756578805,1.0077422,0.17390946
2.1820343961779556,-0.05565942237019836,-0.057467865408398225,0.9210508520890439,0.12397850184381208,0.05386252563912423,0.460565151085371,1.0056695,0.18546358
2.276905462821975,-0.03710628158013215,-0.05959533816669137,1.0140575607084368,0.09718730111100524,0.057467865408398225,0.21654544480430205,0.70291555,0.11439889
2.425988551626398,-0.05565942237019833,-0.05752489662263543,0.9202508847171403,0.07517372837226706,0.05959533816669137,0.21898564186711278,0.71134675,0.10314842
2.5073066114165483,-0.03710628158013212,-0.055770453675650054,0.973064992233797,0.04445751250471263,-0.18907113987736457,0.4700556076682625,1.002421,-0.08230033
2.6021776650503172,-0.05565942237019831,-0.056072670868597914,0.8929840445410773,0.019693168523208193,-0.19082558282434994,0.46041890098611427,1.0005243,-0.11614659
2.6970487181680984,-0.07421256316026452,-0.05294490822125225,1.0015514468648345,-0.038452652190511465,-0.33713469753140207,0.21654690730529458,0.7041227,-0.22238469
2.791919778362277,-0.0742125631602645,-0.058072069068439286,0.9057063271298681,-0.02807852391911239,-0.3402624601787477,0.2189856272421028,0.7122425,-0.21783243
2.886790838556456,-0.0742125631602645,-0.06687229298520832,1.0174170368813185,-0.1313201354400035,-0.4606745892315607,0.4690353110335561,1.0050826,-0.49383456
2.968108891307065,-0.07421256316026449,-0.0713973776483908,0.9238742603064402,-0.12870118623707974,-0.4518743653147917,0.4596720299375394,1.0035295,-0.49465355
3.062979951501243,-0.07421256316026448,-0.07998285485897211,0.843336305377702,-0.13032023789661376,-0.44734928065160917,0.21655437601578054,0.7047591,-0.39584097
3.157851003107919,-0.09276570395033067,-0.09071327006909992,0.9606798926286775,-0.25768762612033264,-0.542295262241028,0.21898555255499808,0.7129449,-0.5816939
3.2527220630441045,-0.09276570395033065,-0.11424433177802708,0.8672279421817957,-0.2374819025789284,-0.5315648470309001,0.4684974305415851,1.0062504,-0.6828867
3.2527220630441045,-0.09276570395033065,-0.1283892007777467,0.7783229265800492,-0.227826165766727,-0.508033785321973,0.4590837091639488,1.0045427,-0.66048044
3.3340401053513427,-0.11131884474039686,-0.1401510859886184,0.7814675293059917,-0.21679446600061036,-0.4938889163222533,0.2165602592235163,0.7051993,-0.5265765
3.4695701823263043,-0.12987198553046306,-0.15622671073768285,0.9226851894869944,-0.34130823541572336,-0.5653305983113817,0.21898549372292064,0.713415,-0.6787212
3.5644412417465023,-0.12987198553046303,-0.18313633999321605,0.7912862445984419,-0.3291922372851324,-0.5492549735623171,0.4681253928280561,1.0039219,-0.7236501
3.645759272849444,-0.16697826711059546,-0.20183938628528264,0.7065725729694586,-0.32505978796632906,-0.522345344306784,0.4586901017026698,1.0012202,-0.6822464
3.7406303317536542,-0.16697826711059544,-0.23085939949844028,0.860320940371043,-0.4420337297150992,-0.5691952914147174,0.2165641952981291,0.68773234,-0.70982754
3.8219483718495204,-0.18553140790066164,-0.2592339212307706,0.7804305852787332,-0.4385924362308902,-0.5401752782015597,0.21898545436217443,0.6900732,-0.6742058
3.916819410348431,-0.22263768948079404,-0.28966270989272735,0.7092027736861237,-0.4191863767188515,-0.5118007564692294,0.48288838689020275,1.0013508,-0.7052846
4.011690457569214,-0.24119083027086025,-0.3227620119461789,0.6201104681672565,-0.38895295197004776,-0.48137196780727265,0.4782708795380374,0.9990593,-0.6468053
4.106561493106571,-0.27829711264196066,-0.34938584408257145,0.7946695319668298,-0.5212241573328064,-0.4988832461538211,0.2163683875197755,0.6762771,-0.7097449
4.187879519491915,-0.31540339422209307,-0.3837068106839432,0.7064217741210068,-0.49749668409464004,-0.47225941401742855,0.21978247113728933,0.68355376,-0.6627109
4.26919754499271,-0.3525096758022255,-0.4129927953192963,0.6337810042508728,-0.4689975907688265,-0.4379384474160568,0.4925623293991741,1.0001475,-0.64941293
4.364068578737165,-0.38961595738235777,-0.44095771885011326,0.8342220545559488,-0.581238354893588,-0.44663665368070377,0.4836843371853543,1.008467,-0.7654781
4.458939598168345,-0.44527537975255643,-0.47337965405080457,0.748514886804195,-0.5646198659188822,-0.4186717301498868,0.2163142529433023,0.67443883,-0.69524
4.540257620646929,-0.4823816613326889,-0.501107291043736,0.6566111128923741,-0.5337717850425067,-0.3862497949491955,0.21898795378572267,0.68074036,-0.64153266
4.63512864995558,-0.5194879429128213,-0.5390676192054525,0.8752655989929453,-0.6409497567150448,-0.38568268385626403,0.49412396898939226,1.0116003,-0.79255426
4.7164466577653785,-0.5751473660739879,-0.5763371706614273,0.7984947311850464,-0.6241271882598736,-0.34772235569454746,0.48604659213482904,1.0094842,-0.7481055
4.797764665403951,-0.6308067884441866,-0.6063262233743446,0.7226815764834035,-0.5915874549581664,-0.3104528042385727,0.21629063039380736,0.68141156,-0.67060876
4.879082683828348,-0.667913070024319,-0.6446941629657525,0.9508371369691011,-0.6652815669255965,-0.29809794522565536,0.21898819001121783,0.70851594,-0.7780812
4.96040068787881,-0.7235724923945176,-0.6788501847395677,0.8883612531696109,-0.6475291826686569,-0.2597300056342474,0.48823064818904816,1.01552,-0.76230884
5.028165683403815,-0.779231914764716,-0.7093176895985382,0.8117179456046714,-0.6245545128769479,-0.22557398386043226,0.46262973217464354,1.0135636,-0.7151571
5.109483671016393,-0.8534444779249809,-0.738529547513463,0.7426945040782318,-0.6014391728618919,-0.19510647900146172,0.21652479899340937,0.69840163,-0.6494796
5.17724864995609,-0.9276570418762138,-0.7697064301976936,0.9721517401769149,-0.6362885595338537,-0.17484046218653704,0.21898584832522172,0.7153917,-0.6898229
5.258566649633713,-0.9833164642464123,-0.8046049821982161,0.8912042079960052,-0.5995417482071274,-0.14366357950230646,0.4738707488179511,1.0168858,-0.68157
5.326331625661766,-1.0575290274066773,-0.8337601230153814,0.8150891079734336,-0.5880814888130343,-0.10876502750178396,0.456961977025067,1.014351,-0.6377251
5.394096600215567,-1.131741590566942,-0.8666957653174177,1.057911327395555,-0.5906432125297315,-0.0802896509846186,0.21658147654490512,0.7071868,-0.56798637
5.461861573295119,-1.2059541545181751,-0.899689968288876,0.9763553517111164,-0.5590948691178084,-0.04735400868258233,0.21898528154970665,0.7150722,-0.5116035
5.516073538696907,-1.2801667176784397,-0.9210863191494717,0.8940092727244524,-0.5335021288712236,-0.01435980571112394,0.4664455551156408,1.0111704,-0.5033631
5.583838508975383,-1.3543792808387047,-0.9422538801142946,1.1377033241028474,-0.5077911995795106,0.01459086904947171,0.45730625269911307,1.0137284,-0.4516988
5.638050487203143,-1.4100387032089032,-0.9554907267400994,1.048323368503496,-0.49477643538067556,0.03575843001429457,0.21657803378816454,0.7067698,-0.37672168
5.692262434742705,-1.502804407950202,-0.9713523617247117,0.9780377024852744,-0.4929992738538035,0.048995276640099394,0.2189853159772741,0.7147801,-0.36448482
5.746474395279468,-1.5770169711104671,-0.9980400177696718,1.195408912435585,-0.44412599638666705,0.08100161352471169,0.4667979962012554,1.0111815,-0.33348858
5.78713334917044,-1.6512295342707317,-1.0233929747203363,1.1150852990749038,-0.4174097269871603,0.10768926956967173,0.45754962872391913,1.009163,-0.28014213
5.854898296892889,-1.743995238221063,-1.0474564781645308,1.0407780045856414,-0.385100181818279,0.13304222652033626,0.21657560002791654,0.70620865,-0.1930598
5.909110253744022,-1.8182078021722956,-1.0701399168232448,0.935525911381725,-0.3722792309607636,0.15710572996453076,0.2189853403148765,0.71427524,-0.16000187
5.949769188248607,-1.9109735061226267,-1.0852692854264745,1.1544125093063424,-0.30005662518396675,0.20529053422324484,0.46727230071237014,1.010246,-0.048250232
6.003981126413622,-2.003739210072958,-1.0962107509234915,1.0578007050600522,-0.2752259704711365,0.2204199028264745,0.4579715836363798,1.0078284,-0.01063097
6.0446400749604345,-2.0779517732332224,-1.1055485939094791,0.9534620410900957,-0.2694652589359409,0.23136136832349152,0.2165713804787921,0.70540905,-0.023849461
6.08529900607424,-2.1707174779745215,-1.1125228353822598,1.156061454436963,-0.18272177614359805,0.2767748338094791,0.2189853825103677,0.7119538,0.07058907
6.125957937237958,-2.2634831819248524,-1.1236100787902243,1.0561262264563465,-0.17007880747672963,0.2837490752822598,0.4679481152964161,1.00743,0.13891421
6.180169870206236,-2.356248885875184,-1.1279887144872909,0.956721018402537,-0.15490520879649455,0.2948363186902243,0.4599268804319262,1.004906,0.1616089
6.2208288147357145,-2.4304614490354486,-1.1315507069649164,1.1149540738942492,-0.06408388158117555,0.3475812699872909,0.21655182751083646,0.70310175,0.21827394
6.261487741353051,-2.5232271537767477,-1.1354810052132225,1.0307170063839133,-0.0653519287700103,0.35114326246491645,0.21898557804004748,0.7113303,0.22355849
6.32925262232882,-2.6716522800972773,-1.1319546813657502,0.9297060693378612,-0.059048409314522585,0.3550735607132225,0.4698982288001041,1.0036523,0.2858952
6.369911546034511,-2.7644179848385764,-1.1255456524109464,1.0093149189753867,0.0462840671267551,0.4144383014657502,0.4604343789821499,1.0050473,0.40666103
6.410570468634514,-2.8571836887889077,-1.1158465163921933,0.908358368709758,0.04307235923279623,0.40802927251094645,0.2165467525253344,0.7028191,0.3555303
6.451229407672404,-2.931396251949172,-1.1053441874450072,1.028469228205589,0.15307249418950022,0.4784073505921933,0.21898562878990235,0.7094938,0.49309698
6.5054413309106245,-3.0241619558995034,-1.0977978877490384,0.9454535362394296,0.139237933304279,0.46790502164500714,0.47013711869577013,1.0029473,0.5250132
6.546100250119847,-3.1169276606408025,-1.082865206724964,0.8392000690630428,0.12609968110855949,0.4603587219490384,0.46198417317300955,1.0004317,0.51176053
6.600312189698437,-3.1911402238010673,-1.0725040339818224,0.939031027492087,0.24191260795590905,0.545421147424964,0.2165312545834256,0.7006694,0.6813988
6.668077129201925,-3.2653527869613317,-1.0490534304967152,0.8503894560616306,0.22001869387437464,0.5350599746818223,0.21898578376932143,0.7081037,0.66060996
6.7087360630062225,-3.3395653501215965,-1.0337343392660847,0.7572025212888779,0.17825588160651415,0.5116093711967151,0.47195403432871297,0.9979445,0.5982389
6.7629479794997405,-3.4323310548628956,-1.0129218962183228,0.8534338943439033,0.2963579681659123,0.6181449761660847,0.4631409095381074,0.99651456,0.8198794
6.817159913057704,-3.5065436180231604,-0.9848273372044793,0.7520168475962244,0.28164928390097077,0.5973325331183228,0.21825700785316537,0.696599,0.8481076
6.884924847069605,-3.5807561811834256,-0.9615763547411195,0.667820103407373,0.25628528526848376,0.5692379741044793,0.22191440460344414,0.7061102,0.79359025
6.92558377663543,-3.6549687443436905,-0.9294029858103028,0.7341955968449225,0.35965108565224085,0.6893306109411195,0.4753650318892706,0.97806484,1.0098779
6.993348688975848,-3.7477344490849895,-0.8955150544038049,0.6615943119423601,0.34767129855521933,0.6571572420103028,0.4647917275304998,0.9740537,0.9681029
7.061113639033273,-3.8033938714551883,-0.8558343335380785,0.5582265563739075,0.3301526974739124,0.6232693106038049,0.23504267633193276,0.7392502,0.9730351
7.115325566399381,-3.877606434615453,-0.8100908976187938,0.6325143646127056,0.42935940043721565,0.7439528383380785,0.24073037531531727,0.7562778,1.1704643
7.196643513949187,-3.933265856985651,-0.7652425988903279,0.5603549210139163,0.4118831373764467,0.6982094024187938,0.4391283002690828,0.9691131,1.0298357
7.264408439594713,-4.007478420936884,-0.719209945439362,0.48105392334394775,0.3701588970333367,0.6533611036903278,0.42275266036697545,0.96577615,0.9415303
7.332173383705221,-4.063137843307083,-0.6649335362901921,0.5407436431025191,0.4990597447144992,0.775522461969362,0.24302902128431325,0.7590327,1.2083044
7.41349132727455,-4.118797265677282,-0.6144603344192738,0.6439864402251588,0.5851417674489159,0.6062975898401921,0.24764664553283222,0.7805793,1.105657
7.494809291054161,-4.155903547257414,-0.5594340600958103,0.5741554762009073,0.550503561980534,0.5558243879692738,0.42233902595814365,0.9765259,0.9593659
7.576127252793626,-4.193009828837546,-0.5035986080160374,0.6844604055041458,0.6125276229741936,0.5594340600958103,0.4023810161942064,0.982588,1.0338218
7.657445192824752,-4.248669251207745,-0.45301210397388875,0.6284474989251568,0.5666328958964462,0.5035986080160374,0.23696748174122784,0.7479412,0.9885255
7.752316173888558,-4.267222391997811,-0.4033569347253078,0.7386454849913675,0.6361201211463575,0.45301210397388875,0.23349796705330983,0.7408031,1.0072436
7.833634154203575,-4.285775532787878,-0.35904066288378184,0.6747690249057756,0.5785001632356498,0.4033569347253078,0.4318550215309833,0.9821313,0.84804785
7.92850511271135,-4.322881815158977,-0.3084465073933835,0.8043301629027064,0.607110856522054,0.35904066288378184,0.4359045167837179,0.9901383,0.8661722
8.023376093161652,-4.341434955949044,-0.2591471790662045,0.7323457601422141,0.5722112308687559,0.3084465073933835,0.23189458958965148,0.74010074,0.80342555
8.10469409389504,-4.341434955949044,-0.21962977611925552,0.8565184725408654,0.5803000868071513,0.2591471790662045,0.22716721895245406,0.7324675,0.7369739
8.19956507245262,-4.3599880967391105,-0.18075147861149263,0.7994111694347221,0.5282918481609951,0.21962977611925552,0.4385450440104506,0.9989805,0.6583121
8.280883072964869,-4.3599880967391105,-0.14503629469778484,0.9194220703255775,0.533970533502371,0.18075147861149263,0.4428828683497674,1.0033344,0.6084683
8.375754073562494,-4.3599880967391105,-0.1082618295541043,0.857438323478929,0.48904690652941635,0.14503629469778484,0.21758392546711358,0.70183176,0.52319723
8.470625075315716,-4.3599880967391105,-0.07896468588616795,0.9793525029236941,0.4685507684710048,0.1082618295541043,0.2189752570604846,0.70788705,0.45198268
8.565496075913341,-4.3599880967391105,-0.0642012618621821,0.8980820932486675,0.43217789648691807,0.07896468588616795,0.47097172674212895,1.0040936,0.44663274
8.660367076510967,-4.3599880967391105,-0.051296412437223875,1.009276829742651,0.4256172925166056,0.0642012618621821,0.46333385505503255,1.0063412,0.42687592
8.75523807710859,-4.3599880967391105,-0.03423343022819706,0.9199389556118129,0.40769324086405917,0.051296412437223875,0.21651775776460536,0.7007263,0.36691907
8.863662103051185,-4.341434955949044,-0.01790563946124264,1.0318285694670062,0.39553597630212717,0.03423343022819706,0.2189859187375096,0.7085445,0.34396556
8.958533103906804,-4.341434955949044,0.007451517083681145,0.9300745158683901,0.35814505628116156,0.01790563946124264,0.4719059727840461,1.0041127,0.3495114
9.053404104762421,-4.341434955949044,0.03598850796464734,1.0439821673093517,0.333665040335349,-0.007451517083681145,0.46276884807607543,1.0063406,0.3084854
9.14827510561804,-4.341434955949044,0.04834416034165673,0.9582680411603323,0.3071546504861972,-0.03598850796464734,0.21652340783439483,0.70141816,0.2326658
9.24314613160963,-4.322881815158977,0.06768287877086453,1.0678116161103033,0.3070675817410153,0.035837484758343266,0.21898586223681182,0.709114,0.2715641
9.351570134037928,-4.322881815158977,0.07927485289517693,0.977641292761582,0.27426692443594974,0.016498766329135467,0.4713211905991722,1.0059822,0.2783443
9.4599941610363,-4.304328673577944,0.08987199055496506,0.8726713472976991,0.27150225553485474,0.004906792204823068,0.4622933382846304,1.0032816,0.2710514
9.54131218815877,-4.285775532787878,0.10776939662638955,0.969559081913547,0.2856827147354615,0.15672404594503495,0.2165281629323096,0.70141625,0.3380771
9.63618321599317,-4.267222391997811,0.11716584839392358,0.8916746564591984,0.25858643132395265,0.13882663987361044,0.21898581468583267,0.7099381,0.30646744
9.744607218150422,-4.267222391997811,0.13526669241953543,1.0060024971913148,0.3018743034114153,0.2760415200060764,0.47132280315669395,1.0057925,0.49493924
9.825925247644745,-4.248669251207745,0.14981329136062316,0.9038679869311876,0.29823782409906285,0.25794067598046455,0.4615968019747121,1.0034552,0.47998273
9.920796276769117,-4.230116110417678,0.16449048139620476,0.8249342461086805,0.2788502047635053,0.24339407703937682,0.21653512829540866,0.7017355,0.40718064
10.029220306789698,-4.211562969627612,0.18063483320642168,0.9483067473136844,0.3438338938927799,0.35425617690379524,0.2189857450322017,0.70792544,0.5524719
10.124091364514529,-4.17445668804748,0.20298985533881841,0.8437407989913771,0.32970749852529035,0.3381118250935783,0.4710529816264586,1.0012959,0.5723999
10.218962395481713,-4.155903547257414,0.21845424280036146,0.7504962211852109,0.29354630200118936,0.3157568029611816,0.4633005993556961,0.9992383,0.52947223
10.313833456168098,-4.118797265677282,0.24967981800902542,0.8846485041359415,0.3810708404146598,0.40382387429963856,0.21651809032159886,0.69978744,0.6699059
10.408704488425249,-4.100244124887215,0.2710516254650419,0.7950164907837043,0.34075227539566877,0.37259829909097464,0.21962969028795032,0.7089285,0.5946877
10.503575521198389,-4.081690984097149,0.30034008279908353,0.7057420867811626,0.3312102763263014,0.3512264916349581,0.472693032061424,0.99758,0.5944811
10.598446612130703,-4.026031561726951,0.329924758230335,0.8604671791617798,0.4242919578176168,0.4051416015009165,0.46243639484568255,0.9997993,0.71640253
10.693317647607408,-4.007478420936884,0.35120446458924465,0.7648548843701691,0.3767313962025105,0.375556926069665,0.21857211179708502,0.70266366,0.651196
10.77463574022345,-3.951818997775717,0.3747611266421144,0.9318838918524321,0.48925653565554683,0.41983021311075536,0.21913499645139323,0.7075336,0.8179517
10.869506805614378,-3.914712716195585,0.4048867121385401,0.8471011669309835,0.4451408719413714,0.3962735510578856,0.4702670097031396,0.99919534,0.7332909
10.96437787203728,-3.8776064346154526,0.4254956893669431,0.7583077381517046,0.4226883070449054,0.3661479655614599,0.4636396411732855,0.9971829,0.6949556
11.04569596841266,-3.8219470122452535,0.46051282510626956,0.9360629436627401,0.5256555195674109,0.3961495687330569,0.21719479700226818,0.70101273,0.8301275
11.140567037083795,-3.7848407306651213,0.49182014838326626,0.8563100626252809,0.47883901969446646,0.36113243299373043,0.22136014309940866,0.71336013,0.73767465
11.22188513715785,-3.7291813082949226,0.5247448630677526,0.7697299657835094,0.46389279137879114,0.32982510971673373,0.4716401159732382,0.9975468,0.7034836
11.316756238852193,-3.6735218851337557,0.5640667153941455,0.9757110016639585,0.5315770683085311,0.33488458593224746,0.4587013522066281,1.002646,0.74382967
11.39807434053487,-3.6178624627635574,0.5990420253621402,0.8859225093376526,0.4964928576539093,0.2955627336058545,0.21863752252599833,0.70581055,0.6750319
11.465839441874175,-3.5622030403933587,0.6388480676757159,0.8041998207634801,0.4650936675192405,0.2605874236378598,0.21896472108989584,0.70685077,0.61891955
11.547157577501466,-3.4879904772330943,0.6744165052520097,0.7344826325604821,0.42844560588134106,0.22078138132428415,0.4676089786470784,0.99889123,0.56877756
11.614922714088406,-3.4137779140728286,0.7049075089441598,0.9487907142129843,0.4615817973592362,0.2123734696479903,0.4642433468441698,1.0047524,0.56691945
11.696240853106463,-3.339565350121596,0.7401372833596528,0.8627198181336518,0.41982588265311244,0.18188246595584023,0.2174457862713597,0.7026326,0.4829761
11.764005959642502,-3.283905927751398,0.7639921292709171,1.0860759109290317,0.44213813666892077,0.16428688524034718,0.21897663845244209,0.70793027,0.45872244
11.831771099459731,-3.2096933645911334,0.7931285060988724,1.0088754960005677,0.42279662191780126,0.14043203932908288,0.47029483999338817,1.0068226,0.47955227
11.899536273111005,-3.116927660640802,0.8167194590019047,0.9203386742361845,0.3894435418925085,0.11129566250112755,0.4633041001894337,1.0049301,0.43339953
11.967301383516942,-3.061268237479635,0.834345929329282,0.8152586725474216,0.35351092779820115,0.08770470959809529,0.2165180553132614,0.7014753,0.3468552
12.021513524944183,-2.9870556743193704,0.8576890963362513,1.0608790055207786,0.37774332629840524,0.07902408037071806,0.2189859157620233,0.70858014,0.35476005
12.089278704542357,-2.8942899703690395,0.8782296107755956,0.9778126283333345,0.345331913186935,0.055680913363748696,0.4712728779811204,1.0062219,0.35927927
12.143490848623246,-2.820077407208774,0.893433572803622,0.8700367135879159,0.31809617967473386,0.03514039892440446,0.46274505324150383,1.0034842,0.3269845
12.211255997175401,-2.7458648432575417,0.9056523567484671,1.110474255042844,0.3073164757516845,0.02061620119637797,0.21652364578274064,0.7009182,0.2615524
12.265468143762506,-2.671652280097277,0.9164570950018223,1.0139310007088942,0.30124279226357503,0.008397417251532868,0.21898585985732844,0.70933735,0.25230014
12.319680325031346,-2.578886576146946,0.9328114716010147,0.9252472103026658,0.2881164348380162,-0.0024073210018222824,0.4717437576203827,1.0041986,0.28058365
12.387445477895676,-2.5046740129866807,0.9419978039339163,1.1473242228039342,0.2527099232888758,-0.026316021501014752,0.4621003478863167,1.0090562,0.22745255
12.428104624397404,-2.430461449035448,0.9568930549919584,1.0497213095460716,0.2533138788162485,-0.03550235383391631,0.21653009283629254,0.70156384,0.1863488
12.495869813896842,-2.3376957450851172,0.9715166826546171,0.9692939161190038,0.22813444541533698,-0.050397604891958436,0.21898579538679286,0.71005857,0.15945855
12.536528963728685,-2.263483181924852,0.9831909636780598,1.1745509539275636,0.19179435939426356,-0.08116593445461706,0.4711980685039997,1.0090177,0.1467036
12.590741151926483,-2.170717477974521,0.9973229223862269,1.092404795511633,0.1707677864463732,-0.09284021547805976,0.4614962362666636,1.0070144,0.12347164
12.644953341598532,-2.077951773233222,1.0012310645822413,0.9873707394347345,0.15052251909079523,-0.10697217418622684,0.21653613395248905,0.7025943,0.062340792
12.685612493444406,-2.0037392100729576,1.005703106625003,0.88059537820277,0.14229121353686203,-0.11088031638224127,0.2189857349756309,0.71101993,0.056467865
12.753377690683644,-1.9109735061226258,1.0105884908791603,1.1020045998520591,0.08967019282266254,-0.14085372402500307,0.4703271418010866,1.0067203,0.017965447
12.794036879496327,-1.8182078021722947,1.0110573437344257,0.9878356774440373,0.09240015983184924,-0.14573910827916026,0.46069240582204296,1.0037615,0.009897764
12.848249039793942,-1.7439952382210622,1.0092942648101573,0.8876812075063285,0.07713599685563681,-0.1462079611344257,0.21654417225693523,0.7035166,-0.017745454
12.902461236358096,-1.6512295342707308,1.006273214477112,1.0870055294961858,0.031937949264569256,-0.18052050471015724,0.21898565459258634,0.7112268,-0.08025992
12.956673434396494,-1.5584638303204001,1.0098548150295366,0.9795273208582844,0.03139168130299283,-0.177499454377112,0.46954760019695185,1.0029598,-0.08693967
13.010885635064744,-1.4656981255791008,1.0113683080719758,0.8722436786072046,0.02443780189004326,-0.18108105492953652,0.46052534071733675,1.000252,-0.10441502
13.051544830032414,-1.37293242162877,1.0099391736229855,1.038853257254222,-0.04459087217271558,-0.23096086357197576,0.2165458429079824,0.70399743,-0.17103443
13.105756996669285,-1.2987198584685051,1.0073610556172181,0.9387348486546795,-0.05801919298998877,-0.22953172912298547,0.21898563788607606,0.7124164,-0.17724444
13.15996923606038,-1.1874010137281077,1.0030647762818234,0.8471857554068088,-0.04940294955219015,-0.22695361111721812,0.46914120456428476,0.9995308,-0.22357093
13.214181405350903,-1.113188449776875,0.9927856010524527,0.9790836941601837,-0.13468622520910858,-0.2855483963818235,0.45952396927375583,1.0045257,-0.3385196
13.268393611903077,-1.020422745826544,0.983207837152292,0.8886402873428667,-0.11975634338277308,-0.2752692211524528,0.21695242879738919,0.706182,-0.26331198
13.322605819929503,-0.9276570418762128,0.9724733296362655,1.0166302236034572,-0.20189330442154546,-0.34576867135229195,0.21898157202718194,0.71286446,-0.3841416
13.376817993053066,-0.8534444779249799,0.95886893990915,0.9115528250213056,-0.1984253070962156,-0.3350341638362655,0.4672948571658534,1.005697,-0.43370718
13.444583212271645,-0.760678773974649,0.9459471212653414,0.8222797408442856,-0.18426237114876037,-0.32142977410914997,0.4591637446075906,1.0038619,-0.41172305
13.485242380665944,-0.6864662108143841,0.9286784918932214,0.9233792491192591,-0.2654123378845578,-0.40850306196534136,0.21655945886908012,0.7053994,-0.4864213
13.553007601861697,-0.593700506864053,0.9093073003319994,0.8440425826430644,-0.26131238465786655,-0.3912344325932213,0.21898550172646503,0.7134988,-0.4743545
13.607219780145128,-0.5194879429128202,0.8889129473594918,0.9266201646329867,-0.35202659928728763,-0.49371793723199936,0.46795627526944117,1.0111756,-0.7153007
13.674984967469996,-0.4452753797525553,0.8725836323527588,0.8418210769796833,-0.33774019026888286,-0.4733235842594918,0.45862101240241326,1.0084057,-0.6780259
13.742750193641339,-0.3525096758022243,0.8544844717113268,0.7468145810951826,-0.31974931537389495,-0.4569942692527588,0.21656488619113157,0.70601773,-0.57383174
13.810515384098986,-0.2782971126419595,0.8354999091057073,0.8114515007337865,-0.430165391489497,-0.5822387279113268,0.21898544745324433,0.6895121,-0.70661557
13.878280576030877,-0.20408454869072662,0.8070487562147866,0.7189755142685805,-0.4142092266707246,-0.5632541653057073,0.46743365897488276,1.000526,-0.74099374
13.946045770592619,-0.12987198553046175,0.7821257146028769,0.6299990780511743,-0.39597317516810837,-0.5348030124147866,0.47889968119411863,0.9987111,-0.68092036
14.013810927363659,-0.07421256316026313,0.751209734859873,0.6970133753224524,-0.5100549298978028,-0.6702442194028769,0.2163620995032145,0.6430159,-0.7644819
14.081576123534012,1.7244957126635722e-15,0.7178948112158071,0.6249306818254831,-0.4826939229996506,-0.639328239659873,0.22007683973978487,0.654361,-0.7207657
14.162894330072632,0.07421256395123454,0.6919732086686383,0.5408045711014768,-0.47293075552084796,-0.6060133160158071,0.5206715771256356,0.9957719,-0.6998041
14.24421249964445,0.1298719863214332,0.658126478674818,0.442914653730041,-0.4640120317625512,-0.5800917134686383,0.5080768148112519,0.99355114,-0.64110464
14.325530670543088,0.18553140869163182,0.6272477047471295,0.5983776420342177,-0.6251879784392016,-0.528941521774818,0.21964391096731584,0.6428465,-0.7115933
14.393295834698426,0.2411908310618305,0.5947973518399486,0.6020551425531626,-0.6594063036446525,-0.5897359738971295,0.22440520724344215,0.645331,-0.7488558
14.474614008140145,0.2968502534320291,0.5601751129655131,0.6221522998407826,-0.6985015742394416,-0.5322516778999486,0.5207714664842966,0.99683964,-0.7889637
14.569485192355543,0.35250967580222775,0.5296221061376818,0.6368785162181368,-0.726184019750539,-0.47255615684551316,0.5157079159384685,0.99893147,-0.7915529
14.650803328719892,0.38961595817332817,0.49890691656153285,0.640791899775967,-0.7472431274494825,-0.4168744799376818,0.21866513629465756,0.64114213,-0.75696164
14.745674515662653,0.4452753805435268,0.4618492751149424,0.7644219231386022,-0.7899268500031941,-0.33566989606153286,0.2198675635219126,0.6644469,-0.795503
14.840545705308973,0.5009348029137254,0.42805979061405736,0.7814592678965546,-0.7960866658986243,-0.2732174306149424,0.5222573893319915,1.0100869,-0.8146577
14.921863804337955,0.5194879437037917,0.39769855696241935,0.798496867247778,-0.802212377386568,-0.21390931211405737,0.49953641814201166,1.0114185,-0.79314226
15.016734995298041,0.5751473660739903,0.3670575909642466,0.9447221163590902,-0.7930469266048726,-0.13206357816241937,0.21615573213373573,0.70111287,-0.7781631
15.111606146711393,0.6122536476541228,0.3347867067484148,0.9641605541432279,-0.7895040016978119,-0.0754164127642466,0.21898953899381846,0.7162162,-0.7391763
15.192924247804322,0.630806788444189,0.30978761586825926,0.9925944171754887,-0.7636412493380502,-0.016934515648414805,0.47157918770866014,1.018584,-0.7075212
15.287795360531687,0.6493599292342552,0.27863311696331583,1.0344405006697361,-0.7278061445309127,0.03450380003174075,0.45628801980887657,1.0168567,-0.62658453
15.382666514451257,0.6864662108143876,0.24409204650204264,1.067136484911033,-0.6770796634754914,0.09235082213668416,0.2165882161170669,0.7076617,-0.48337856
15.491090637460124,0.7050193523954217,0.21161400664131724,1.0960512154153357,-0.6362764097036966,0.15386476379795738,0.21898521415398509,0.71525353,-0.39103174
15.5859617508747,0.723572493185488,0.17876307744066797,1.1135135303600001,-0.5724424693818508,0.21362535915868275,0.46604419774615347,1.0084261,-0.32566226
15.680832864805264,0.7421256339755542,0.14778112757484999,1.1421150108138176,-0.5068459378433232,0.27410053485933206,0.45715701772653494,1.0090573,-0.18896453
15.775703980407414,0.7606787747656204,0.1266015966562518,1.1672904803669626,-0.4387271384083138,0.33308355782515,0.21657952613789044,0.7057464,-0.07986189
15.884128105664505,0.7792319155556867,0.10423054996411886,1.186116033303267,-0.3775655212003784,0.38267980704374815,0.21898530105377678,0.7130089,0.005460213
15.97899917772639,0.7792319155556867,0.0886493311403283,1.190166906147702,-0.30914583989465355,0.4339263943358812,0.46766297910509547,1.0096605,0.14538342
16.087423303831176,0.797785056345753,0.08334385687019312,1.1003405778370545,-0.2821655678528228,0.44950761315967175,0.45903799855334604,1.0073252,0.18000272
16.182294376151056,0.797785056345753,0.08965066009666407,1.0971897667461254,-0.23058224452199866,0.4841958186298068,0.21656071632962237,0.7040602,0.2008754
16.277165493890866,0.8163381971358192,0.09677997563499595,1.1069141584862126,-0.17018484945797888,0.5078335329033359,0.21898548915185967,0.71147895,0.26536348
16.37203656646874,0.8163381971358192,0.10656589760910361,1.1160014279164483,-0.12476008048825822,0.531272652765004,0.4690881584779173,1.006886,0.36614347
16.466907683826932,0.8348913379258853,0.10833159333560256,1.0203942284373366,-0.12558413886632286,0.5214867307908964,0.4603168380435555,1.004638,0.35983846
16.575331812143084,0.8534444787159515,0.11124862064141418,1.0316431433631683,-0.06933788183844077,0.5509847275643974,0.21654792793472033,0.7029257,0.3809509
16.67020293172571,0.8719976195060178,0.10825609659310066,1.0301928821386575,-0.007599569390177793,0.5801093641585858,0.21898561703580854,0.71054333,0.47266304
16.765074050668716,0.890550760296084,0.11313694200943791,0.9338906945366958,-0.01271086581105725,0.5831018882068993,0.47004704373088646,1.001899,0.5008072
16.859945170127713,0.9091039010861502,0.12305983587633454,0.9468064770177883,0.05161791209470861,0.6111376274905621,0.46109802579551273,1.0019472,0.5688691
16.9548162901027,0.9276570418762166,0.1307066128356346,0.961709079984123,0.11716145592390068,0.6351212635236655,0.21654011605720058,0.70206046,0.66258454
17.049687364228536,0.9276570418762166,0.15452088720630494,0.8660968690530201,0.10377424874331524,0.6274744865643654,0.21898569515458377,0.7104912,0.65244615
17.158111543419345,0.964763323456349,0.17867699794005243,0.889023395995906,0.18269759874135919,0.638695058193695,0.4707783236524272,1.0003399,0.72152776
17.252982664979147,0.9833164642464151,0.20888298533390848,0.8977077030526941,0.23365766235303492,0.6508712386599476,0.46113479336381513,1.0005225,0.7814703
17.361406845004588,1.0204227466175155,0.24241229228209343,0.8076987488351217,0.2079623651348504,0.6206652512660915,0.21653974838151768,0.6954802,0.77692443
17.442724957080674,1.038975887407582,0.27471447593997805,0.8254340999151785,0.26122879911086844,0.6249762947179065,0.21898569883134045,0.7023823,0.8449663
17.537596080446427,1.0575290281976482,0.31079978920053336,0.7501384370574412,0.23863572614414014,0.592674111060022,0.4763399058022011,0.99265283,0.73763937
17.632467253433727,1.0946353097777806,0.3429033843381295,0.7965662563889973,0.31390429603709114,0.5962053672994667,0.46793274270641294,0.99198204,0.8215301
17.72733842629739,1.131741591357913,0.3773306003911385,0.7044075441551347,0.28512611294966994,0.5641017721618705,0.2226815591761767,0.70963943,0.81414604
17.822209648658976,1.1874010137281115,0.41082740075420227,0.7562868933216288,0.353983226122062,0.5714181086088614,0.22570102010410154,0.71948624,0.8982252
17.90352781266548,1.224507295308244,0.4511881700856575,0.8114542710599391,0.4160157293408479,0.5822663461457978,0.46430546177281684,0.9882099,0.91893697
17.984845977556535,1.2616135768883765,0.49543359644244994,0.7382193224465472,0.3849994362410714,0.5419055768143425,0.45359694321365407,0.9857581,0.8443088
18.066164193617084,1.3172729992585748,0.5462094417912848,0.8344445860239803,0.46056605384193605,0.5452769585575501,0.2265800607079873,0.72355586,0.9775297
18.13392939837491,1.3729324224197414,0.5978405470354444,0.7583459399921535,0.41230099025673556,0.49450111320871515,0.23092246020444385,0.7372515,0.86010396
18.21524766535771,1.4471449855800065,0.6489862034423239,0.6912735406096135,0.36475150090718833,0.44287000796455556,0.45249114436875626,0.98912024,0.7099719
18.296565884353697,1.502804407950205,0.6976144612533932,0.7956521917066289,0.41222694462389464,0.44361646255767595,0.43869995301695386,0.995218,0.7454215
18.350778080991475,1.558463830320404,0.7427542365295773,0.7166740872026972,0.3826457349172604,0.3949882047466067,0.22595961409212728,0.7234299,0.69356894
18.432096402668908,1.6512295350617028,0.7833934126002675,0.8805815347099075,0.44272289240569945,0.40764831747042274,0.222933241666327,0.71931636,0.7519889
18.499861665193478,1.7254420982219678,0.8203039625985507,0.7747618966719061,0.3982398138310657,0.3670091413997325,0.4526774843444973,0.99815893,0.66590106
18.55407391571505,1.7996546613822324,0.8596821824414616,0.9547393352201148,0.4799225480738815,0.3968317834014494,0.45385679904213805,1.0018504,0.7504971
18.608286218019614,1.8924203653325635,0.904363078842867,0.8812836053933684,0.4346004604033227,0.3574535635585385,0.2181685904868922,0.7047817,0.6716746
18.67605153448864,1.9851860700738624,0.9458613900048621,0.7933858621274362,0.3800693672305946,0.31277266715713303,0.21896941041028684,0.7071177,0.5766276
18.730263788990676,2.0593986332341276,0.9894461131794341,0.6935916989013792,0.34751311520277783,0.27127435599513794,0.46847849886670134,0.99813366,0.5394114
18.78447614683755,2.1707174779745246,1.0276784688932783,0.9722083511792537,0.4357367559540063,0.31053235582056593,0.4640090609154085,1.0045731,0.62354064
18.82513549317362,2.28203632350589,1.0623985627992043,0.8648354819712619,0.3871384179644763,0.27230000010672173,0.21808842795481942,0.7045279,0.53373307
18.87934780299683,2.3748020274562207,1.0997188249928846,0.7607210993413989,0.3382133424245629,0.23757990620079572,0.21897021203560763,0.7085966,0.46571326
18.933560166938022,2.486120872196618,1.138937539528121,0.6655449538571748,0.3158002024732164,0.20025964400711538,0.46869299851318036,0.9980406,0.4606304
18.974219569184957,2.61599285851805,1.1733557406766308,0.5536255901687217,0.2921037513142635,0.1610409294718791,0.46275694782882915,0.99564356,0.41521943
19.01487892127057,2.7273117032584473,1.2037703848583594,1.2861087983620003,0.5119224131271259,0.3974405863233692,0.218179588461337,0.7027324,0.7194925
19.055538274682988,2.8386305479988443,1.233976576398124,1.1825864163774173,0.470580759020923,0.36702594214164064,0.2226513461236902,0.7176349,0.6609843
19.09619768135265,2.9685025343202756,1.2667514602048295,1.077757956757132,0.4362353615227906,0.33681975060187597,0.47017376087641893,1.006939,0.6414641
19.123304022664556,3.0798213790606734,1.3007802451355353,0.9553862665170263,0.40059717591612864,0.3040448667951705,0.45510298732559074,1.004264,0.5901034
19.150410364861,3.1911402238010704,1.3421918234927552,0.8539464569092067,0.36429112694557153,0.2700160818644648,0.2166000664419,0.7001833,0.50928843
19.163963796864362,3.339565350912568,1.3772390795452494,0.7537303682384063,0.32979985962003927,0.22860450350724482,0.21898509565073687,0.7089235,0.44945973
19.17751712515434,3.4508841956529652,1.417953572343101,0.6165632403212649,0.2879371860006268,0.19355724745475067,0.47236492061272717,0.99691355,0.4373701
19.191070506074976,3.580756181974397,1.4479554163617987,0.5156876682349003,0.25904965766663995,0.15284275465689912,0.46244390767545107,0.9948118,0.38526794
19.191070871393755,3.71062816750486,1.4787346839113136,1.262540889710701,0.4491570254867029,0.23487855263820134,0.2191353081993197,0.70768666,0.513371
19.19107123671252,3.8405001538262917,1.5079346484644314,1.1464433832905858,0.3981513536076926,0.20409928508868647,0.22334480781626476,0.72226244,0.45498076
19.204624618665104,3.9703721393567553,1.5366210383875272,1.0279635275162955,0.3563520462893987,0.17489932053556867,0.4659794936106849,1.0070906,0.45418367
19.191071967350034,4.100244124887219,1.5672876799805069,0.9075023966251964,0.3358288346003623,0.14621293061247287,0.4512337671491339,1.0044143,0.41754097
19.177519315518968,4.23011611120865,1.5962397929234406,0.7875491965635416,0.2938370023136357,0.11554628901949315,0.21663875864366444,0.70238143,0.31853524
19.150413645764097,4.359988096739114,1.6267650165362255,1.0281580728728634,0.351475994212837,0.24537439107655934,0.218984708728719,0.70859706,0.45640233
19.136860992643047,4.489860083060545,1.6569971086783304,0.9072214100413946,0.30013411873755724,0.21484916746377447,0.4705070503405909,1.0038604,0.44965744
19.123308339005998,4.619732068591008,1.6839321263832943,0.7853225746719393,0.2702528228421752,0.1846170753216696,0.4627384042900521,1.0011568,0.40659901
19.096202666671175,4.749604054121472,1.7098444466991318,0.9421709736524737,0.31898158004075444,0.24052478161670576,0.21652371227225542,0.70105314,0.43092665
19.069096993304374,4.879476040442904,1.7376411331398378,0.8177439404387242,0.2856196537227548,0.2146124613008682,0.21898585919243307,0.70979786,0.38996905
19.041991318905584,5.009348025973367,1.7674119124514946,0.9299883642347416,0.31908304509047664,0.2535489658601622,0.4716297028246771,1.0040904,0.49384448
19.001332624519044,5.139220012294799,1.7977745739323978,0.8064093045805454,0.2900464809901207,0.22377818654850534,0.4617122713834827,1.0013454,0.451298
18.960673980146368,5.287645138615328,1.827222931156862,0.8896393528754333,0.3090603876043686,0.2512154140676024,0.2165339736013211,0.7012961,0.4338755
18.920015281397724,5.41751712493676,1.859598276983011,0.9348917342681988,0.3344987684815169,0.27365916684313807,0.21898575657914265,0.7089459,0.46950457
18.852250542723507,5.547389110467224,1.8893532223207836,0.9846838514376082,0.35424413245299496,0.28890063001698896,0.47142436490452166,1.0051162,0.5459081
18.798038821493947,5.677261095997687,1.9243221337301615,0.8502253576936258,0.30111248851597494,0.2591456846792164,0.4624344216464541,1.0021265,0.48579368
18.74382709820043,5.807133082319119,1.9583977235062007,0.8850888561581465,0.31083705068250583,0.26852181126983843,0.21652675209869132,0.70123357,0.44913307
18.676062352302377,5.937005067849581,1.990418468485582,0.9105948109274999,0.323660304886979,0.2761897734937995,0.21898582879416895,0.70909345,0.46420386
18.60829760382438,6.066877054171012,2.0285477099521043,0.9226957280151421,0.32865503933921836,0.283785598514418,0.4714772102458299,1.0036625,0.5252615
18.540532802347165,6.17819589891141,2.063529300461519,0.9302950396679543,0.33127568477311536,0.28349670704789576,0.46230915834735653,1.0038663,0.52424264
18.45921502646026,6.308067884441874,2.0983433318836573,0.94797652245342,0.33154581185815524,0.2848474075384808,0.2165280047316822,0.70085585,0.47542784
18.391450270168733,6.437939870763306,2.1308961475593926,0.9379565742531212,0.3321973166128069,0.28506822211634253,0.21898581626783897,0.7089265,0.4766939
18.29657936819815,6.530705574713637,2.1597619869513403,0.9303180320845037,0.3508011839756231,0.28642193644060754,0.4717964529870473,1.0038061,0.5439188
18.215261535086608,6.642024419454033,2.190633149663914,0.934586359046513,0.3336262644812666,0.2904726820486596,0.46244707347356384,1.0039135,0.5313721
18.120390677159172,6.753343264985397,2.226207933942783,0.9277645395926031,0.3394717634088415,0.29164318333608596,0.21652662558042013,0.7005869,0.49198124
18.03907274040801,6.827555828145662,2.2577083312673447,0.9116923736577165,0.3339155508816618,0.287332091057217,0.21898583005935146,0.7087763,0.4844728
17.944201827072643,6.920321532095994,2.2920615742308974,0.9288352760424553,0.323392279795374,0.2864001297326553,0.4720237564128351,1.0037963,0.52318555
17.86288398356764,7.031640377627359,2.311422294448125,0.9209918241245664,0.31431094524652814,0.2819914037691027,0.46257175189775723,1.0036663,0.51064914
17.768013017835823,7.105852940787623,2.3397187394602175,0.9014074295995905,0.3450451228319228,0.29201341455187535,0.21652537879617817,0.70034164,0.5023547
17.68669507305,7.180065503947889,2.377983365128743,0.9011728511207667,0.33586428594667256,0.2925925105397824,0.2189858425271941,0.7086294,0.49316004
17.59182410333771,7.254278067108153,2.4096040374739047,0.9116142181012427,0.3299846446198858,0.282744602871257,0.4722310599593973,1.0033964,0.52615845
17.49695313040587,7.3284906310593865,2.446846116255033,0.9083277102837428,0.32343442857916405,0.2791250035260955,0.4626938091772216,1.0033696,0.5159383
17.40208210924233,7.384150053429584,2.480297421882856,0.9051628799662788,0.31489447931084985,0.2695071717449671,0.21652415822338356,0.7011313,0.45223284
17.307211133596184,7.45836261658985,2.514956113765942,0.9108709053784457,0.2983444378924582,0.2633384211171439,0.21898585473292187,0.70930386,0.4347601
17.212340109078728,7.514022038960047,2.5398309909505716,0.9041081868701122,0.2982134690982603,0.25565260123405764,0.47156365788433985,1.0034599,0.48079774
17.117469083013315,7.569681461330247,2.5655920418305267,0.9042638513412283,0.29486114496571747,0.25747024704942856,0.46213046107401423,1.003471,0.47716764
17.009044984095326,7.606787743701347,2.587824991266238,0.9034642473728824,0.2933512353111594,0.25814842116947334,0.21652979170441566,0.7013357,0.42691556
16.92772697904962,7.662447166071547,2.6075000432832116,0.8988707869195125,0.2747906671446426,0.26212648373376224,0.2189857983981115,0.7095125,0.41636023
16.832855902822928,7.699553447651679,2.630508999596345,0.9056988735625968,0.2910539144949659,0.2684576317167884,0.4713908634070185,1.0034047,0.48533237
16.737984825564265,7.736659729231811,2.651489163856017,0.9104392808855422,0.2836857088102743,0.27127200840365484,0.4619558675487163,1.0035241,0.47922432
16.643113746118026,7.7737660108119435,2.676712701837527,0.9134862629145809,0.28048768150278214,0.27595301114398296,0.2165315376396687,0.701361,0.4308912
16.548242711796817,7.829425433182141,2.702214080463158,0.916777530675062,0.27576310187302294,0.27624810716247294,0.21898578093875898,0.709417,0.4276243
16.453371586440834,7.847978573972208,2.7328596842987407,0.9114826442934681,0.28994545962744206,0.276141552536842,0.4713695034949521,1.0034865,0.49027902
16.358500505054273,7.885084855552339,2.7504025403363577,0.9227890728401442,0.2682046674085458,0.27078491770125934,0.4620367860035667,1.0038457,0.46652406
16.277182402855658,7.903637997133375,2.7677061331225508,0.9222624129177964,0.27776718259622846,0.27844248666364235,0.21653072845512011,0.7013446,0.43046558
16.168758250090775,7.922191137923441,2.794157820041286,0.9407538313201653,0.2776851274141298,0.2862675638774492,0.21898578903060462,0.7093053,0.43612307
16.087440190682187,7.959297419503573,2.8164883592678174,0.9356635887083709,0.2613940907004782,0.284889159958714,0.47138335724382485,1.0040379,0.4743628
15.992569062267133,7.977850560293641,2.840735037620173,0.9483169175804788,0.27801015220040665,0.2875925637321828,0.46213105501891005,1.004328,0.4860938
15.89769793333609,7.996403701083706,2.8573179386509517,0.9545492868325577,0.27298278344360355,0.2883563133798268,0.21652978576496673,0.7012525,0.43346864
15.789273779220593,8.014956841873772,2.882727439994917,0.8626777364684727,0.24831761090066715,0.2717734123490483,0.21898579845750588,0.709792,0.40528187
15.707955672770453,8.033509982663839,2.9036341696930985,0.9553570853901436,0.2568450363298633,0.202796625005083,0.4714611904842013,1.0051765,0.40528518
15.61308454229145,8.052063123453905,2.919473811532364,1.079390435571936,0.2502178686848322,0.07175380630690142,0.4617188935080495,1.0092822,0.28864565
15.51821336909613,8.052063123453905,2.9475141943944547,0.9865906095850464,0.23028756417469243,0.055914164467635974,0.21653390738007516,0.7019388,0.22270755
15.423342237843155,8.070616264243972,2.968155119712457,1.1065180246648212,0.16835485008791767,-0.07660479939445475,0.21898575724135494,0.7100866,0.09139977
15.328471064389841,8.070616264243972,2.9796140401018723,1.0131075531949048,0.14738400160186535,-0.09724572471245718,0.4708811436373923,1.0053467,0.10680478
15.233599931207278,8.089169405034037,2.991926769311534,0.9211005431552878,0.12046546942235414,-0.10870464510187228,0.4614757280607773,1.0029787,0.06664091
15.138728757495974,8.089169405034037,3.0009271042561108,1.0351562240842704,0.06717133863340284,-0.21707680331153378,0.21653633903454794,0.7031095,-0.07145899
15.05741064954779,8.107722545824105,2.9988150009093757,0.9417847317752063,0.04455085125510475,-0.22607713825611064,0.21898573292481016,0.7116041,-0.09244815
14.962539434889264,8.089169405034037,2.997367161442521,1.0703660772057861,-0.014505257768963878,-0.3099594089093758,0.4698916781680823,1.0019422,-0.23966514
14.854115276756435,8.107722545824105,2.997919688490214,0.9791663093110795,-0.04495149882694165,-0.3085115694425209,0.4602030099646114,1.0015904,-0.2678169
14.772797126484294,8.107722545824105,2.9944872190570404,0.8691778588946935,-0.04265460766112182,-0.30906409649021427,0.2165490662155095,0.7044734,-0.21183655
14.664372967540631,8.12627568661417,2.9932571463612785,1.0038183597437198,-0.13767303405578682,-0.3809363380570403,0.21898560565300074,0.7125361,-0.34579232
14.569501793313338,8.12627568661417,2.9914115810999595,0.8940114467564918,-0.13411299890225753,-0.3797062653612784,0.4687389400470392,1.0032548,-0.4240859
14.47463061908605,8.12627568661417,2.9927825568756035,0.8004541338210177,-0.14665717150034868,-0.3778607000999594,0.45942683377267035,1.0022163,-0.44448277
14.366206459036697,8.144828827404236,2.9838224434247187,0.9241929521384845,-0.26539820917064216,-0.4439744738756035,0.21655682797742892,0.70534545,-0.5091033
14.27133528339581,8.144828827404236,2.966247697412031,0.8165412751365488,-0.25581930547359993,-0.43501436042471875,0.21898552803538152,0.71347713,-0.49786907
14.176464147462097,8.163381968194301,2.947254604487675,0.7274944420739455,-0.2579801013037925,-0.4174396144120309,0.46800186670075605,1.0047948,-0.59104395
14.08159301101239,8.18193510898437,2.935459219752805,0.8610422168774189,-0.3540316880945859,-0.453209097487675,0.45863884354342455,1.0098163,-0.6714735
13.973168811010936,8.18193510898437,2.918751214160578,0.7684980866606864,-0.3451085213586202,-0.44141371275280505,0.21656470787972149,0.706118,-0.5874608
13.8782976725948,8.200488249774434,2.896762139364139,0.9001806996354866,-0.47399411988102597,-0.47027920316057825,0.21898544923635854,0.7086484,-0.71066356
13.783426534818274,8.21904139135547,2.878011045618907,0.813845870985744,-0.4590831245492236,-0.4482901283641394,0.467348923896292,1.0078762,-0.6931187
13.688555396525762,8.237594532145534,2.853945044442073,0.7258821928804637,-0.45054817938595504,-0.4295390346189074,0.46272661047285757,1.0047328,-0.65554154
13.580131269499555,8.274700813725667,2.825370425446884,0.8828716084153552,-0.557081339577465,-0.4426907224420731,0.2165238302104271,0.68959045,-0.7404207
13.485260129880215,8.293253954515734,2.8001944346865577,0.7838400343005499,-0.5300807502696686,-0.4141161034468839,0.2189858580130516,0.6932392,-0.6875299
13.390388988589294,8.311807095305799,2.764555092616932,0.7013279668318076,-0.5244618382671186,-0.3889401126865577,0.4813179127085532,1.004447,-0.67634916
13.281964858762013,8.348913376885932,2.731923789544956,0.8804657179253744,-0.6199138542866768,-0.38293816661693203,0.4756106792724941,1.0121679,-0.78138494
13.187093753160934,8.386019658466063,2.702801606073038,0.7859900325420252,-0.6000082958572024,-0.3503068635449562,0.21639498952243086,0.6829625,-0.7062441
13.092222646527881,8.423125940046196,2.675970222516911,0.7014798261998819,-0.5835818645640688,-0.321184680073038,0.21898714641993133,0.6872737,-0.6633344
12.997351538862855,8.46023222162633,2.6437565754493644,0.8834731723974221,-0.661941758500595,-0.31707584751691087,0.4869198344388904,1.0138265,-0.785696
12.916033489760933,8.515891643996527,2.6090866907080583,0.8032600343682044,-0.6458444809185613,-0.28486220044936417,0.48059669843577724,1.0113901,-0.7423483
12.807609388939465,8.571551067157694,2.573231594725507,0.7268476913836085,-0.6109450111059958,-0.2501923157080581,0.21634512933079797,0.6871294,-0.6650198
12.726291338118358,8.627210489527894,2.538257691129106,0.9061291092347223,-0.6615159850268005,-0.2306772197255067,0.21898764502184787,0.71252644,-0.7429603
12.644973251583615,8.664316771108025,2.49502701119985,0.8301641859961085,-0.6297335961129351,-0.19570331612910596,0.48339798440967385,1.0145892,-0.7132329
12.550102206389813,8.738529334268291,2.4606095697125374,0.7693446181299177,-0.6126411773906132,-0.15247263619984963,0.45928840449423025,1.012398,-0.6611581
12.482337176538502,8.79418875663849,2.4270552165945944,0.95703191252689,-0.6249913160226721,-0.1284044687125374,0.21655821227021332,0.7074765,-0.64386773
12.387466094083102,8.849848179799654,2.403793513788837,0.8897991453902441,-0.5948922822251564,-0.09485011559459444,0.2189855141924537,0.71541524,-0.5880064
12.306148103448132,8.942613883749987,2.367492252006191,1.0862016684389495,-0.6188402060452108,-0.07619816278883729,0.46620071783362893,1.0184969,-0.63421386
12.238383070735093,8.998273306120185,2.333238384737628,0.9849493510549892,-0.5695257550259445,-0.03989690100619114,0.45701877819757375,1.0144885,-0.5569333
12.157065076303937,9.091039010070515,2.3083284162124573,0.9168214303056647,-0.5460209457118181,-0.005643033737628311,0.21658090853318002,0.707294,-0.46153846
12.089300040900396,9.146698432440715,2.273923230036158,1.0977130942112598,-0.5149184420385512,0.020284200787542783,0.2189852872298239,0.71462166,-0.4087691
12.02153506861843,9.239464137182013,2.2484236560901585,1.0285002051078995,-0.49255721558062027,0.05468938696384207,0.4663549762007859,1.0101568,-0.40295425
11.953770063142107,9.313676700342278,2.2309507925948084,0.9259692035393535,-0.46080763885041437,0.08018896090984162,0.45768796248605204,1.0069096,-0.35111395
11.88600505619153,9.387889263502544,2.216069121970791,1.1210796054212668,-0.42248459061507837,0.10433096540519138,0.2165742166902952,0.70628923,-0.2473085
11.831793107485405,9.480654968243844,2.2036293336888733,1.0271964571740948,-0.41526211969591487,0.11921263602920895,0.21898535414825282,0.7143586,-0.22798628
11.76402809754948,9.554867531404108,2.1924803634872614,0.92541785318004,-0.391301736869217,0.13165242431112656,0.46720419010902625,1.0041318,-0.23948795
11.709816114014266,9.629080094564372,2.17757208937313,1.111753819440861,-0.34870614811231976,0.15528494851273855,0.4579017865319477,1.0091765,-0.15595788
11.642051101277266,9.703292657724637,2.1582553292205517,1.0249508977097763,-0.3343107100721264,0.1701932226268701,0.2165720784498364,0.7057961,-0.12438502
11.587839145592259,9.796058362465937,2.145409304401833,0.9318875146034673,-0.32972301408056354,0.1895099827794482,0.21898537553065722,0.7139064,-0.10181356
11.5200741298699,9.8702709256262,2.1410355804953682,1.1019154830789202,-0.2514441455761213,0.22095593759816712,0.46762096347288695,1.0089929,0.01660287
11.46586217235514,9.96303662957653,2.144115003580223,1.0039528183505924,-0.26360253913748277,0.22532966150463185,0.45827983336786005,1.00644,0.0035160584
11.411650182333231,10.037249192736796,2.1448745749611358,1.1608313739856218,-0.19497497472472067,0.24740952241977698,0.21656829798147714,0.7041838,0.037581798
11.343885162298703,10.111461756688028,2.1546226760745,1.0689267358201164,-0.20107614231371398,0.24664995103886422,0.21898541333534105,0.7124262,0.036055263
11.28967316977057,10.185674319848294,2.1607018143031698,0.9676424345620707,-0.2271193368941773,0.23690184992549979,0.4689836761706745,1.0054983,0.051004138
11.221908177451873,10.278440023798625,2.1629931148467536,1.1307853795045746,-0.16770645372722254,0.26312333069683014,0.4595172826373799,1.0094377,0.118799664
11.167696182270097,10.352652586958891,2.1674366186326326,1.015603505764681,-0.17474227861202582,0.2608320301532463,0.21655592348878194,0.70441854,0.069137655
11.113484184753318,10.426865150910123,2.176428802362638,0.9229664058587993,-0.1824015102514024,0.2563885263673673,0.2189855370802679,0.712724,0.06353255
11.032166157999256,10.519630854860454,2.190024722344237,1.075590087300546,-0.120210443997125,0.2875474846373618,0.4687852880906139,1.0078263,0.17916676
10.977954128983507,10.575290277230652,2.200091360039073,0.951117230061164,-0.14720008417017325,0.27395156465576287,0.4592675802140451,1.0049282,0.15107971
10.910189098887232,10.649502840390918,2.208934049173253,1.1079920431572408,-0.0917594661772919,0.3126911339609273,0.21655842051301533,0.70342463,0.16982278
10.842424067316704,10.72371540434215,2.2125344702368555,1.007161646401583,-0.11177421910154249,0.3038484448267469,0.2189855121100256,0.7118459,0.15165104
10.788212064468832,10.797927967502416,2.2150365101499427,1.1292657061839164,-0.04187172532980752,0.3585419837631445,0.46962533420129726,1.0084997,0.2924991
10.720447030097237,10.87214053066268,2.215426211529406,1.0372610355126897,-0.043471204971611194,0.3560399438500572,0.46000134200924814,1.0062848,0.29095733
10.639128962604037,10.946353093822946,2.2151754918275346,0.9372040769191864,-0.053446996763340776,0.35565024247059407,0.2165510828950632,0.7035569,0.2395303
10.584916955775695,11.02056565698321,2.227091687279749,1.0369446439612062,0.020305904607249473,0.4244213031724655,0.21898558548620506,0.71052694,0.34655678
10.51715188838097,11.076225080144376,2.237443813937711,0.9452380685964925,0.01028188251342568,0.4125051077202513,0.4695135456555106,1.0035098,0.3830989
10.44938684829666,11.150437643304642,2.249877161639737,1.0540399660593343,0.0831929798955863,0.48134898906228907,0.4611172146060578,1.0055747,0.4856331
10.381621806738103,11.224650206464906,2.2739663566229806,0.9546825707042512,0.06396153319628875,0.4689156413602631,0.21653992416909507,0.7023612,0.41795754
10.313856763705298,11.29886276962517,2.297676733243273,0.8555176428129068,0.03724549119231365,0.4448264463770193,0.2189856970734647,0.71092224,0.3825323
10.2325386867032,11.373075333576402,2.324280800330447,0.9402785994005546,0.11910637690180172,0.5108783367567273,0.4705241184509591,1.0024985,0.5439317
10.15122058148234,11.428734755946602,2.3390445699868665,0.8333537534490262,0.08552097798644889,0.484274269669553,0.4607730048811002,1.0001407,0.49970606
10.08345550649524,11.4843941783168,2.361733175623225,0.9112028345644195,0.164152857377589,0.5688698310131337,0.21654336626634485,0.7019253,0.6297034
9.988584394223144,11.558606741477066,2.3702592363534434,0.8273720220777119,0.13536198504819572,0.5461812253767753,0.21898566265249242,0.71038723,0.58557415
9.92081931661925,11.614266163847265,2.3899227271554935,0.8699086758159496,0.23651933637230632,0.6445580686465564,0.4708925802900541,0.9997705,0.78151983
9.82594817405139,11.669925587008432,2.409261705982493,0.7868776780772864,0.21375720120692496,0.6248945778445063,0.46122150926709693,0.99487007,0.745999
9.744630060819679,11.725585009378628,2.4383925343630772,0.8338930604659944,0.30788043714373925,0.7168717560175071,0.21673283483956307,0.69074905,1.0325336
9.676864979567023,11.781244431748828,2.4851743705151534,0.7444864123371648,0.27333163109097547,0.6877409276369226,0.22331956329336822,0.70987797,0.96490705
9.581993858744294,11.855456994909094,2.530630139517591,0.6688038053870344,0.24095340187951853,0.6409590914848464,0.48029533658853873,0.9823155,0.81987894
9.500675716630408,11.892563276489225,2.572747336733148,0.7115042583278846,0.3472522757576426,0.707374300661995,0.46155790760133686,0.9752197,1.0251594
9.405804541186846,11.929669558069358,2.6250597022054647,0.6369941663602717,0.3044467467801587,0.6652571034464381,0.231482389012184,0.7307887,0.9924946
9.310933363555709,11.96677583964949,2.6700497547862985,0.7046046086366506,0.39104547463526707,0.7214152579741215,0.2397804419259436,0.75664955,1.1510161
9.229615218640756,12.00388212202059,2.71828851561527,0.6201051638989108,0.34892078497203405,0.6764252053932878,0.446289398429055,0.969283,0.9972861
9.121191007508722,12.040988403600723,2.7770580385206194,0.7031667301930805,0.45891848963006826,0.7298760725643163,0.4223668445257093,0.9752103,1.1355243
9.039872836094188,12.05954154439079,2.822875456619069,0.6143790983681912,0.4128384223512255,0.6711065496589668,0.24288930338852532,0.7645986,1.0792663
8.945001631497405,12.078094685180854,2.865265338527963,0.5496064812049826,0.37640359291003894,0.6252891315605171,0.2396743324371149,0.7534289,0.99371076
8.83657736842198,12.078094685180854,2.924337226855562,0.6381297295307062,0.48045617211659397,0.6754437926516235,0.4177144922676074,0.97473794,1.070196
8.741706163014358,12.096647825970921,2.962374147879885,0.5595061267524968,0.41857364252367635,0.6163719043240246,0.42537469481984225,0.9701474,0.95149946
8.64683493357652,12.096647825970921,3.0204572666762335,0.6565383363904529,0.536761208641393,0.6604822072997014,0.23824872070860537,0.74972236,1.1459637
8.551963704138682,12.096647825970921,3.068938977527426,0.5924144006445117,0.4862795072825659,0.6023990885033528,0.24399990920984804,0.7682092,1.0369067
8.457092474700843,12.096647825970921,3.121062324452208,0.7111811720552734,0.5876683254873816,0.6253505006521602,0.4302445693979524,0.9813012,1.091469
8.348668188627178,12.078094685180854,3.172406939077186,0.6459814424112056,0.5478702440303767,0.5732271537273781,0.41275711864913645,0.9785019,1.0013503
8.253796937001928,12.05954154439079,3.2233087522862425,0.5643035413383072,0.4987912938969845,0.5218825391024002,0.23282767188919118,0.7326418,0.9547857
8.172478718558935,12.040988403600723,3.266354013788508,0.7037156193481473,0.5827913445161843,0.5320246948933436,0.23699289821976577,0.7497439,1.0503919
8.077607445962531,12.00388212202059,3.311633090781973,0.6451475454655227,0.5436793713109196,0.4889794333910782,0.4447510354362578,0.97846365,0.90496886
7.9827361743981005,11.96677583964949,3.3585498730419143,0.7929718325220881,0.6141516019991303,0.49503698739761326,0.4282188718354891,0.9854938,0.9961617
7.887864924160327,11.948222698859423,3.4144053344009384,0.7202680334070717,0.5604712694542676,0.44812020513767203,0.23507132861567026,0.7463072,0.95751363
7.8065466655809725,11.892563276489225,3.4655291725275976,0.6540722808597457,0.5270824530820047,0.39226474377864795,0.23106097201672826,0.7327013,0.86287844
7.711675397038749,11.855456994909094,3.515005458998487,0.8293898298357361,0.5645804523000265,0.3835920096519887,0.43326044199007063,0.993155,0.84185827
7.630357161752487,11.818350713328961,3.561502960431383,0.7544271806075384,0.5229305597684468,0.33411572318109917,0.4427380831908031,0.9924746,0.76508594
7.535485874708467,11.762691290958763,3.6047817025659534,0.9458981364630936,0.5724278464580054,0.32200474574820337,0.22250907480409055,0.71866184,0.7785473
7.454167620059661,11.707031868588565,3.6443669728515604,0.8600349171043051,0.5235614378641046,0.27872600361363276,0.22528642476820349,0.72743416,0.6926129
7.386402399785561,11.651372445427397,3.687223635721014,0.7820060718321146,0.4795278223654706,0.23914073332802577,0.4566839056558578,0.99909085,0.6305835
7.3050841289699555,11.57715988226713,3.7267010993836385,0.9864196020708388,0.4948171201298236,0.2233458094585723,0.446955613030497,1.0054584,0.59676594
7.223765879567782,11.521500459896933,3.7613095138547874,0.8964021043388926,0.4385441458876315,0.1838683457959478,0.21744994915142024,0.7022994,0.4992644
7.1560006435561005,11.447287896736666,3.792766412901685,0.8125158159741134,0.40918553905239113,0.14925993132479887,0.21897659682364157,0.7080856,0.44874418
7.074682377679217,11.3730753335764,3.8173740176437354,1.007359365782168,0.404582495469644,0.13815879327790093,0.47057645098616085,1.0068209,0.4640521
7.006917143607848,11.298862769625169,3.834090228262351,0.9071426884005864,0.37263695373488914,0.11355118853585067,0.46317000015064747,1.0046055,0.42296442
6.939151912166327,11.224650206464904,3.855612465101287,1.1000293152025038,0.3754723424028363,0.11096648391723507,0.21651939631364936,0.70039153,0.3703352
6.871386682199052,11.15043764330464,3.8715534539101575,1.0080422455017348,0.34000494162706707,0.08944424707829901,0.2189859023520193,0.7090398,0.3314918
6.790068404491338,11.057671939354309,3.889733421015546,0.9133473310109296,0.3137785850739605,0.0735032582694286,0.47218889334102054,1.0051159,0.3487346
6.7358562083697215,10.983459375403076,3.9073393934545972,1.0861935010516186,0.3029095705828379,0.06357124316404006,0.46234738132299424,1.009278,0.3233039
6.668090983009463,10.909246812242811,3.921753065469668,1.000843319071394,0.26781602406510713,0.045965270724988905,0.21652762250192592,0.7015836,0.24717113
6.600325759123452,10.835034249082545,3.937304210844444,0.9042312335958624,0.24827814946700547,0.03155159870991797,0.21898582009013645,0.7100948,0.22563216
6.546113565679273,10.760821685922282,3.948500197581009,1.0988751283086495,0.2360728120483255,0.018565569335142307,0.4711813429060909,1.0091919,0.24394652
6.47834832697708,10.668055981180983,3.9642438720678848,1.0103560887802998,0.21156927291888844,0.007369582598577118,0.46146577396441335,1.0070865,0.218383
6.410583107550662,10.593843418020716,3.977920106551604,0.8994694472496759,0.18219896934154117,-0.00837409188829863,0.21653643857551164,0.70261186,0.14831275
6.356370901957005,10.501077714070385,3.9915637561445996,1.091729143759943,0.16314784963534662,-0.02510538637201787,0.21898573192940074,0.71016407,0.11764186
6.288605685515935,10.426865150910121,4.001982053495007,0.9883817907945042,0.1277396759706145,-0.038749035965013334,0.4703122804505,1.0063396,0.12575665
6.234393499861463,10.35265258695889,4.007567120171146,0.8892061029037652,0.12041109947320046,-0.049167333315420336,0.46141592586090563,1.0038089,0.11298905
6.180181298579975,10.259886883008559,4.008677815510885,1.0854292707742985,0.09039211423343935,-0.0635022509915597,0.21653693705654664,0.7027394,0.03580117
6.1124160852954725,10.185674319848292,4.014422679687844,0.9797220505806177,0.07049615400592794,-0.06461294633129899,0.2189857269445903,0.711249,0.021996457
6.0582038869993315,10.092908615106994,4.0178307665837885,0.8797028084489229,0.06909150810039062,-0.07035781050825829,0.47020447251579034,1.0032197,0.035649505
6.003991690177436,10.000142911156663,4.020415269280779,1.056380608188774,0.023333994677089832,-0.08842335540420221,0.4605000315407579,1.0073525,-0.015569304
5.949779494829788,9.907377207206332,4.019634061772371,0.9504183573982533,0.0031565374352967163,-0.0910078581011926,0.21654609599974828,0.7038838,-0.047755044
5.882014272712859,9.814611503256,4.02258528941776,1.1204481838571931,-0.04443808089280674,-0.1111446805927847,0.21898563535515825,0.7116971,-0.10311973
5.814249068250036,9.740398939304768,4.0160071190213715,1.0056305649315438,-0.05450722961028593,-0.11409590823817384,0.46923722422443825,1.0057433,-0.12958863
5.77358990545808,9.647633235354437,4.01186634400393,0.9055661237267668,-0.04350695439130691,-0.10751773784178509,0.4601309655059591,1.0034063,-0.11795137
5.705824688316732,9.554867531404106,4.009923287206321,1.0769275081573273,-0.10383676503931129,-0.13104948382434367,0.2165497866600964,0.70432705,-0.16218647
5.651612514774873,9.480654968243842,4.010076700490891,0.9625404657146244,-0.10995820987887887,-0.12910642702673458,0.2189855984485547,0.7127147,-0.16270229
5.597400328346412,9.387889263502542,4.009252838599487,0.8708531623206088,-0.11666314850938199,-0.12925984031130477,0.4688626170359479,1.00228,-0.22224496
5.543188158466373,9.313676700342276,4.0069407952064555,1.024047085122213,-0.17728735426098488,-0.1634932104199005,0.4592746658244006,1.0063708,-0.29977655
5.475422932884955,9.202357855601878,3.994485828154711,0.9328048368202252,-0.1817639544940779,-0.16118116702686924,0.21655834965691168,0.7052533,-0.24806134
5.407657738926135,9.128145291650647,3.981784659535615,1.0552835247635035,-0.24064451986956326,-0.19191703397512505,0.21898551281858658,0.7131787,-0.32154197
5.353445558615794,9.035379587700316,3.961969674215643,0.9577623481322838,-0.22627608318886402,-0.17921586535602874,0.4680797505651324,1.006997,-0.35933387
5.285680367642325,8.961167024540051,3.959927789606145,0.8572388276215617,-0.23086506164568465,-0.15940088003605712,0.45889030516210805,1.0056037,-0.35126898
5.217915163953473,8.86840132058972,3.9519400201737795,0.9956954825672018,-0.28107148478719596,-0.2095083704265588,0.21656219326353476,0.70557445,-0.37203118
5.150149974957175,8.794188756638489,3.9307244975864797,0.8839906547643687,-0.2879499857991189,-0.20152060099419344,0.21898547438252036,0.7137797,-0.37720758
5.082384774769658,8.701423052688154,3.918337369635692,1.0168083693900787,-0.3294822456183674,-0.7891318435864796,0.46780831664070954,1.0066745,-0.9508269
5.001066564177005,8.627210489527892,3.899997744187703,0.9074563277860661,-0.3355215806084865,-0.7767447156356919,0.4583850625348592,1.0031941,-0.9089269
4.933301381090755,8.552997926367626,3.8844640225917,0.8033843093228867,-0.3167693128661156,-0.7584050901877029,0.21656724568980734,0.6740798,-0.80421615
4.851983160694355,8.460232221626327,3.8544815324991837,0.9248980000263551,-0.37268592098409276,-0.26832824141211375,0.2189854238582577,0.7140392,-0.49969304
4.784217980888303,8.386019658466061,3.8239078938215867,0.8134686382867097,-0.36178293233365866,-0.23834575131959745,0.49442746872744037,1.009351,-0.5337479
4.716452801400898,8.311807095305797,3.789460045620789,0.9320373482997475,-0.4136591283513283,-0.29084805064200037,0.45789952710522364,1.0130982,-0.60859525
4.635134599432589,8.237594532145533,3.7627960700541636,0.8469108114379927,-0.39959302632660654,-0.25640020244120265,0.2165721010441034,0.70647514,-0.5188713
4.553816411617053,8.181935108984367,3.7312277767807145,0.9463405618089851,-0.45633024060625876,-0.3231414888745774,0.21898537530471462,0.71435016,-0.6139599
4.472498212965799,8.107722545824103,3.7098624242097036,0.8617352843961438,-0.4272768478289492,-0.29157319560112827,0.46704706227884696,1.012455,-0.6249044
4.391180028025045,8.052063123453904,3.6939847681671276,0.7621898286324024,-0.4275548940420012,-0.27020784303011736,0.45791051142417805,1.0105052,-0.6065419
4.296308808096083,7.97785056029364,3.6714926563203223,0.8615075982348827,-0.49131051203271436,-0.3567199189875412,0.21657199120091408,0.70678604,-0.6701534
4.201437600500885,7.92219113792344,3.6490111927688016,0.7529684937094605,-0.48789324624669667,-0.33422780714073586,0.21898537640314675,0.706462,-0.63311225
4.120119419982872,7.8665317147622735,3.6250132720172297,0.8370353133582493,-0.555370722468778,-0.4206592255892154,0.466784292899894,1.0095209,-0.7440617
4.025248216528626,7.810872292392074,3.6027874149382004,0.7522497336733729,-0.546609503724825,-0.3966613048376435,0.4645801561667282,1.0066141,-0.70585275
3.943930028049676,7.7366597292318104,3.5807933521270643,0.6544831422780492,-0.5373812604024083,-0.37443544775861426,0.21650529475348868,0.67351276,-0.638899
3.8490588383059285,7.699553447651678,3.5562351268529784,0.7398590630189358,-0.6450592946578554,-0.46442472012706437,0.21898604336762084,0.66363364,-0.7481433
3.75418763822939,7.6438940252814795,3.5366851234435934,0.6536953044457963,-0.6224388299890918,-0.43986649485297846,0.49490670428799977,1.0008554,-0.73023856
3.659316440856412,7.588234602120313,3.5117980889975926,0.5567529250508451,-0.6243971166800123,-0.4203164914435935,0.500497276460351,0.99720263,-0.6956407
3.550892230977499,7.551128320540179,3.4870834544300933,0.6400623893063488,-0.7258465571051712,-0.5065082059975925,0.2161461235505523,0.6243442,-0.7703675
3.4560210365530155,7.495468898169981,3.4556315803527737,0.5432204148643593,-0.7080024575929234,-0.48179357143009316,0.22135395486061304,0.6351806,-0.72461987
3.347596818994958,7.439809475799781,3.4153714007139118,0.45779135556877376,-0.7142011903561263,-0.45034169735277363,0.5364400309438447,0.9935638,-0.7093141
3.2391726131702248,7.402703194219649,3.382967150509349,0.545897518465489,-0.8212062133425881,-0.5164383237139116,0.524130327741646,0.9940964,-0.8257012
3.130748408524891,7.365596912639517,3.3470443326234727,0.458066035127042,-0.813201930637372,-0.4840340735093487,0.2213496630323688,0.6001598,-0.7430566
3.035877236619538,7.347043771849451,3.3210274997353455,0.5545660702689372,-0.9207687895173783,-0.5467007546234726,0.22392729577758907,0.5918169,-0.8431984
2.927453026003501,7.2913843494792525,3.2906947590410613,0.4816719475008287,-0.9073540316268257,-0.5206839217353454,0.5568548425394992,0.99217224,-0.84391844
2.819028831333135,7.272831207898218,3.2599194465577512,0.393479241191073,-0.9312638852751345,-0.49035118104106123,0.5605769649253955,0.99010885,-0.8135289
2.6970516152506963,7.254278067108151,3.2239841540157705,0.312092074848473,-0.9243392152109279,-0.4595758685577511,0.22216131124346772,0.55956215,-0.73377824
2.588627415912653,7.21717178552802,3.195870446413746,0.4137799938914014,-1.0288821930569507,-0.5125077240157707,0.22728943825197712,0.56261325,-0.8327725
2.4937562543270335,7.21717178552802,3.1734332349896346,0.3322607820159477,-1.048013757133137,-0.48439401641374635,0.5911341852315717,0.9880525,-0.85019994
2.385332062015464,7.198618644737953,3.146448964178554,0.2608666096899843,-1.0372753457555612,-0.46195680498963476,0.5849169606956437,0.98650384,-0.80946904
2.2904608944591414,7.180065503947887,3.1198726952075875,0.379701775882002,-1.1603017488767327,-0.5132339731785538,0.22539990767672646,0.52284914,-0.8787171
2.1955897333895082,7.180065503947887,3.0818151673674503,0.3159547053683659,-1.1704113453422045,-0.48665770420758747,0.2303039880455967,0.5307656,-0.85488755
2.0871655493099275,7.180065503947887,3.0418831288814463,0.2655564254102113,-1.163210080196559,-0.4486001763674503,0.622133696567479,0.9861275,-0.8785659
1.9787413640747469,7.180065503947887,3.007367572486393,0.41583241768084944,-1.27180930850636,-0.4762751078814462,0.611524453091133,0.9885069,-1.0169752
1.8838702030051138,7.180065503947887,2.977894094288341,0.35202429174827315,-1.2712115627768974,-0.4417595514863928,0.22676082652346063,0.5160432,-0.9013113
1.7754460189255332,7.180065503947887,2.9483102500438614,0.29573015003129016,-1.2757465866706614,-0.4122860732883411,0.2285973904790709,0.5419395,-0.88083875
1.680574862426068,7.198618644737953,2.914237172007553,0.45141897553327653,-1.392989482244886,-0.44013894704386125,0.6279031245603024,0.9847373,-1.0806437
1.5857037054106156,7.21717178552802,2.8891821280121723,0.40199957070041425,-1.3801111319895416,-0.4060658690075529,0.6020226282312636,0.9757539,-1.0352945
1.4772795195857358,7.21717178552802,2.851906939744941,0.33995008960435713,-1.3753346651572995,-0.3810108250121722,0.22803085104861243,0.5318487,-0.93258196
1.3824083655187787,7.254278067108151,2.8192131313681514,0.2870613834121656,-1.3926820164822142,-0.3437356367449409,0.2393634735870721,0.581496,-0.90554047
1.2739841837242818,7.272831207898218,2.775597314238539,0.47178077350360303,-1.467905433046235,-0.3590617223681516,0.6144366942483285,0.9761282,-1.0701286
1.1520069812417773,7.309937490269318,2.724027020633211,0.42745288853613045,-1.4674172428378798,-0.3154459052385392,0.5687243236859096,0.96188015,-1.0237278
1.043582799618503,7.347043771849451,2.687054752111425,0.6300600084744284,-1.5384993274994367,-0.3033128386332109,0.23564016776582886,0.54796964,-1.0549626
0.9351586179714307,7.3841500534295825,2.6406317767500775,0.5727916466990914,-1.5284231543764921,-0.26634057011142476,0.2510134130879367,0.597444,-1.0138547
