-2.2721044482684784e-18,0.018553140790066213,0.0013243709923699502,0.9999745517865686,-0.019877495124570214,-0.0013243709923699502,0.9442115343928682,0.77530694,-0.030951272696256638
-2.2721044482684784e-18,0.018553140790066213,0.0013243709923699502,0.9999745517865686,-0.019877495124570214,-0.0013243709923699502,0.9442115343928682,0.77530694,-0.030951272696256638
-2.2721044482684784e-18,0.018553140790066213,0.0013243709923699502,0.9999745517865686,-0.019877495124570214,-0.0013243709923699502,0.4005027194996016,0.74441546,-0.02945656329393387
-2.2721044482684784e-18,0.018553140790066213,0.0013243709923699502,0.9999745517865686,-0.019877495124570214,-0.0013243709923699502,0.4331649076058457,0.74558204,-0.024046648293733597
-2.2721044482684784e-18,0.018553140790066213,0.0001098978100344542,0.9999979550116977,-0.01866303848784141,-0.0001098978100344542,0.4318522960641463,0.7454666,-0.023898765444755554
-2.2721044482684784e-18,0.018553140790066213,0.0005437237303704028,0.9999897643998328,-0.01909686175116253,-0.0005437237303704028,0.43196300351885697,0.7454865,-0.02394896373152733
-0.013553009299436813,0.018553140790066213,0.0014959615748375659,1.0135241204086223,-0.020069355820465463,-0.0014959615748375659,0.43194507033830865,0.7464784,-0.032875653356313705
0.013553009262580578,1.6597649412233735e-18,0.0026278270315378913,0.9864435847969082,-0.0025922090840307995,-0.0026278270315378913,0.4311069166462711,0.74304426,-0.01998332515358925
0.04065902778774173,4.979294823670121e-18,0.002422698354348541,0.9593381568033945,-0.0023241915210085204,-0.002422698354348541,0.434017801468374,0.7412819,-0.002347975969314575
0.06776504746850197,8.298824847636939e-18,0.0006057051848620183,0.9322347815228964,-0.0005646595097310016,-0.0006057051848620183,0.4354782060217497,0.73939127,0.015530254691839218
0.12197708451882427,1.4937884612530432e-17,0.004016780415549875,1.0780142187990787,-0.0043301696901917415,-0.004016780415549875,0.4370615782706876,0.7499727,-0.07974059134721756
0.18974213083172717,2.32367093186473e-17,-0.002666488541290163,1.0102542776222792,0.002693837839612557,0.002666488541290163,0.42810236694325865,0.7443867,-0.034794870764017105
0.25750717714463006,3.1535534024764167e-17,0.0013329817075282344,0.9424919855259106,-0.001256325320294582,-0.0013329817075282344,0.43291324349427884,0.73998696,0.00877181813120842
0.3117192141949524,3.817459378965766e-17,-0.00038558281958103133,1.0882807049054593,0.00041962236348870195,0.00038558281958103133,0.4365837545325655,0.75050414,-0.0859537310898304
0.39303726977043585,4.81331834369979e-17,-0.0028751707356423134,1.0069585681499753,0.002895185784940903,0.0028751707356423134,0.42765797883002477,0.7441201,-0.03261759504675865
0.46080231608333877,5.643200814311477e-17,-0.00837656231597066,0.9391647338630734,0.007867155923402253,0.00837656231597066,0.4331429758365991,0.73950076,0.012302231043577194
0.542120371340172,-0.018553140790066147,-0.013881438784301281,1.05752017056964,0.033235772971166685,0.013881438784301281,0.43699238698953335,0.7463575,-0.06901229172945023
0.6098854174687937,-0.018553140790066137,-0.014156563486903905,0.9897527306603217,0.032567433496638216,0.014156563486903905,0.4311586091772742,0.74126583,-0.024574395269155502
0.7047564820488642,-0.018553140790066126,-0.026541543286293743,1.094365395345657,0.04761264660885323,0.026541543286293743,0.4355203998866376,0.7483419,-0.09182335808873177
0.7860745352655487,-0.03710628158013233,-0.03343085190281271,1.012118661321045,0.07097562662895186,0.03343085190281271,0.4294961088474253,0.74059725,-0.04143444821238518
0.8809455995876255,-0.037106281580132315,-0.04140952913090586,0.9167304245980923,0.07512120650159207,0.04140952913090586,0.436102110012732,0.73427236,0.02257222682237625
0.9622636521040413,-0.05565942237019851,-0.0480471790023148,1.0338655054294055,0.1054363112320704,0.0480471790023148,0.44138181470825344,0.74078447,-0.058760106563568115
1.0435817081717118,-0.055659422370198504,-0.05014068712480366,0.9524266511301196,0.10352484947774684,0.05014068712480366,0.4358250170291258,0.73492694,-0.0044370852410793304
1.1248997600247157,-0.07421256316026471,-0.05174422059673816,1.0698229319293795,0.1297186372259485,0.05174422059673816,0.4408313392425697,0.7452166,-0.06244593858718872
1.2062178147156497,-0.0742125631602647,-0.05555113152135162,0.9881287374779069,0.1292754210578064,0.05555113152135162,0.4320844965857804,0.7378442,-0.01605028286576271
1.3010888749835408,-0.0927657039503309,-0.05303874250035732,0.8927291844799115,0.1402900199072957,0.05303874250035732,0.43840306500953063,0.72802377,0.02639639750123024
1.382406929453337,-0.09276570395033089,-0.05453852291684597,1.0110232587998973,0.1480982890502847,0.05453852291684597,0.4466400865849769,0.7392786,-0.03277111053466797
1.4772779901397028,-0.11131884474039708,-0.05896871786098926,0.9145576537593417,0.16550556070770212,0.05896871786098926,0.43704517305889357,0.7310897,0.030220385640859604
1.5585960443883622,-0.11131884474039706,-0.06426396699156611,1.0321054030866503,0.17796775235206594,0.06426396699156611,0.44406234442519443,0.7437278,-0.01696360483765602
1.6399140941774162,-0.12987198553046328,-0.06354110890533775,0.9499017395239041,0.1905737768798671,0.06354110890533775,0.4333105172995064,0.7365036,0.0352528877556324
1.7347851572095248,-0.12987198553046325,-0.07145178181584924,1.0532251574961988,0.20558735745144596,0.07145178181584924,0.4395238969466324,0.7480619,-0.0019445903599262238
1.8161032062983118,-0.14842512632052948,-0.07775326079223303,0.9693952706107302,0.22440082017959825,0.07775326079223303,0.42969274766722343,0.74146456,0.05799897015094757
1.8974212561004218,-0.16697826711059569,-0.08008612538222222,0.8863274643525877,0.23864986184976084,0.08008612538222222,0.43536709970710485,0.7327901,0.09563743695616722
1.9787393096856687,-0.16697826711059566,-0.08600075534079221,1.00314376718602,0.2540821159082279,0.08600075534079221,0.44264195404494544,0.7454838,0.05041326582431793
2.073610366562786,-0.18553140790066186,-0.09143448822665956,0.9055795568606384,0.269342388891217,0.09143448822665956,0.43184054782337733,0.737331,0.11480090022087097
2.1549284140667546,-0.204084549481696,-0.09495033747050909,1.0226153705181178,0.28544594079153496,0.09495033747050909,0.4388393056910922,0.74986446,0.0684468112885952
2.2362464672097264,-0.204084549481696,-0.10138748670462518,0.9398562784272112,0.28379219382486376,0.10138748670462518,0.42817607532323976,0.7427962,0.11860809475183487
2.304011505229976,-0.2226376902717622,-0.1010807265061885,1.0747112410853232,0.26521910528784853,-0.14551530999381151,0.43425678129830014,0.73164684,-0.12686311826109886
2.3988825616041622,-0.24119083106182843,-0.10394417740404605,0.9776633685213669,0.2769048539779575,-0.14265185909595396,0.44361934926258517,0.72107506,-0.08827844634652138
2.466647605521409,-0.24119083106182843,-0.095469737611711,1.1195159546222295,0.19863108149381659,-0.29773763078828897,0.4524609400226959,0.72700435,-0.2938689850270748
2.547965651293135,-0.25974397185189463,-0.09092288268730041,1.0377407938043544,0.20463178550413932,-0.30228448571269956,0.4473611152927377,0.72528106,-0.2807210497558117
2.629283703772695,-0.25974397185189463,-0.09265574188437307,1.1661217817098755,0.1037205830037215,-0.4260909164156269,0.44886862963794927,0.7448409,-0.4453441798686981
2.7106017488810075,-0.27829711264196083,-0.10001814316492523,1.0825623467541579,0.12264384335253832,-0.41872851513507475,0.4323216534606432,0.74174887,-0.42899515852332115
2.778366784874165,-0.296850253432027,-0.11662645857315505,1.0109126488095104,0.15114745346528133,-0.40212019972684493,0.4351005096742451,0.73607635,-0.38857680186629295
2.8732378389264084,-0.31540339422209324,-0.13882549862842997,1.1287121423269462,0.06438158926375172,-0.48345261847157006,0.43986710339359036,0.7518546,-0.5038904547691345
2.941002882106531,-0.31540339422209324,-0.15802931662183245,1.0603470799515344,0.07537962184907031,-0.4642488004781676,0.42648374089930086,0.74937934,-0.4775570333003998
3.0223209257037382,-0.3339565350121594,-0.17279569368343792,0.9758214137007462,0.09532357911898838,-0.4494824234165621,0.42870965395541727,0.7446551,-0.43672752007842064
3.1036389688586707,-0.3525096758022256,-0.18915087040048084,1.1192369336269925,-0.015495115285048726,-0.5163308138995192,0.43268032045852045,0.76341647,-0.547003298997879
3.184957011571328,-0.37106281659229184,-0.20183919179718934,1.0359568170341888,0.0005815402254709369,-0.5036424925028107,0.41678357059194104,0.7604436,-0.5250510275363922
3.2527220365076146,-0.4081690981724242,-0.21107209108304223,0.9618721110989924,0.03223170495430994,-0.49440959321695777,0.41945516941668115,0.7546181,-0.49120262265205383
3.3340400793070395,-0.4267222389624904,-0.2240849981037899,0.8779635662584546,0.04476461289485161,-0.4813966861962101,0.4243521549138213,0.7517397,-0.4547562152147293
3.4153581205085914,-0.44527537975255654,-0.23946587759535753,1.0341593135100438,-0.0843543761173862,-0.5315688001046425,0.42673601832532615,0.77148956,-0.5503757894039154
3.4831231529266935,-0.46382852054262275,-0.2539847775129601,0.9650222354334601,-0.06840005959984621,-0.5170499001870399,0.41001967498690384,0.7687697,-0.5310979783535004
3.5644411835873617,-0.5009348021227551,-0.2689892572490498,0.8776847814525796,-0.03975215734140518,-0.5020454204509501,0.41248566736951053,0.7628778,-0.48837535083293915
3.63220620516973,-0.5380410844938556,-0.28708244803827254,1.0554694512736704,-0.15708551678354088,-0.5345628100617275,0.4174407791585545,0.7817131,-0.5731179863214493
3.71352424423362,-0.5565942252839219,-0.30287782124709334,0.9746684844372304,-0.1469410307556002,-0.5187674368529067,0.401471716661148,0.7794166,-0.5492559373378754
3.7948422840108336,-0.575147366073988,-0.3214969324273989,0.8942211581943755,-0.13686206232501127,-0.5001483256726011,0.4035724044062261,0.7758664,-0.5065571963787079
3.8626073036029647,-0.6122536476541205,-0.33708426586817963,0.8200219327785757,-0.1103018149577624,-0.48456099223182036,0.4065520363064432,0.7704176,-0.4664565622806549
3.9439253304305835,-0.6493599292342529,-0.35392049215268356,1.0006822963704611,-0.23829128181735185,-0.5057089568473165,0.4111275552754431,0.7902367,-0.5417849719524384
4.025243356373653,-0.6864662108143853,-0.37111042074393497,0.9153915301045747,-0.21596500750652833,-0.4885190282560651,0.39433075665338246,0.7863308,-0.5151029527187347
4.0930083736069856,-0.7235724923945176,-0.38951352864038213,0.8424310424424784,-0.19048952576493688,-0.4701159203596179,0.3977999663349604,0.7809026,-0.47216659784317017
4.174326397854667,-0.7606787739746501,-0.4062059096945451,0.7561306699396647,-0.17444557737659735,-0.4534235393054549,0.40235315888939116,0.7764135,-0.4271744601428509
4.242091414695635,-0.7977850555547824,-0.41943383082281804,0.9639326612264384,-0.300729374961499,-0.46735614407718196,0.4061018131119597,0.7962867,-0.5031150281429291
4.32340943724793,-0.8348913379258828,-0.4401726008905098,0.8805842257469897,-0.28175537206280865,-0.4466173740094902,0.38926759068783345,0.79270476,-0.47370190918445587
4.391174451385337,-0.8719976195060153,-0.46092094420921054,0.8090430715993605,-0.26033144072354236,-0.42586903069078946,0.3924633725531933,0.7877395,-0.42936524376273155
4.4589394526599175,-0.9276570418762139,-0.48478925182949756,0.7291305432606623,-0.2232826446730098,-0.40200072307050244,0.39662801685491733,0.78048205,-0.3775740675628185
4.540257472484849,-0.9647633234563463,-0.5079478584183381,0.9434597746429408,-0.3384153803186015,-0.39647631018166185,0.4027203424678546,0.79818636,-0.4328232668340206
4.608022471621767,-1.020422745826545,-0.5320104619814083,0.8646957064817918,-0.3020257731452653,-0.37241370661859163,0.3876958220878083,0.7922585,-0.3983073942363262
4.662234476362222,-1.0575290274066773,-0.5505577439023184,0.8045345461497894,-0.28267549318346363,-0.3538664246976816,0.3928562670524568,0.787715,-0.3576129339635372
4.743552480633821,-1.1131884497768758,-0.5714628320885824,1.0201101633296958,-0.37269701570992275,-0.34190717761141765,0.3966447930882673,0.80219424,-0.4068165384232998
4.8113174766379565,-1.1688478729380423,-0.5849035670561717,0.937796464055906,-0.3499601774068464,-0.3284664426438283,0.3843691398761634,0.7981415,-0.3806101642549038
4.851976471070802,-1.2059541545181751,-0.6017954244418071,0.8890510934701245,-0.3265004186075437,-0.3115745852581929,0.3879172684185719,0.7934535,-0.34571919962763786
4.933294472025337,-1.2616135768883736,-0.6173267526132987,0.7954867398837359,-0.31433868049517644,-0.2960432570867013,0.39184403283101976,0.78940547,-0.3008223734796047
4.987506458361472,-1.3172729992585719,-0.6360782062215732,1.039569472290758,-0.3766869164353526,-0.2779715677784268,0.395226157369715,0.8007182,-0.3496621511876583
5.041718443813059,-1.3729324216287708,-0.6427100445656108,0.9652889952807012,-0.3577233576272334,-0.2713397294343892,0.38563087620044545,0.79736865,-0.3303104378283024
5.109483435960344,-1.4285918439989693,-0.6573000457463787,0.8827525698763998,-0.3409428961493798,-0.2567497282536213,0.38855784653559766,0.7930388,-0.2898132763803005
5.177248425846341,-1.484251267160136,-0.6663305142102764,0.7981222824467319,-0.3310897537141943,-0.24771925978972353,0.3921881541323504,0.789706,-0.2542407624423504
5.231460422649648,-1.5213575487402684,-0.6705429481854663,1.0493960842206052,-0.4081770015579596,-0.23595250191453365,0.3949687124846739,0.8032753,-0.313006866723299
5.28567240448932,-1.5770169711104671,-0.6799522803118452,0.9760386705157117,-0.3890901479828502,-0.2265431697881548,0.38347220282429173,0.79994404,-0.29280994459986687
5.353437391463674,-1.6326763934806656,-0.6833140891091898,0.8896490017137355,-0.3854282199271543,-0.2231813609908102,0.3864027195325517,0.79761606,-0.263552974909544
5.407649371423676,-1.6883358158508646,-0.689649488707073,0.8148358635479382,-0.37133800097657615,-0.216845961392927,0.38834101083877237,0.7941385,-0.23445935174822807
5.461861350499129,-1.743995238221063,-0.705036073033698,1.0555465550815795,-0.41007405254269863,-0.18531467516630207,0.39126085645423037,0.8019473,-0.26747866347432137
5.529626334377555,-1.7996546613822295,-0.7117407696507871,0.970604707109749,-0.4051019016743682,-0.1786099785492129,0.3846316934855051,0.799969,-0.2436857707798481
5.583838327913712,-1.8367609429623621,-0.7174569262564182,0.9076605110345393,-0.40723113249690407,-0.17289382194358183,0.3863700164270939,0.7987771,-0.2198389507830143
5.638050304372371,-1.8924203653325606,-0.7130846901983022,0.8284575109365372,-0.40456171226119714,-0.1772660580016978,0.38736003332253777,0.79712015,-0.20203569158911705
5.705815285339154,-1.9480797877027591,-0.7152639594580977,1.0465179610173603,-0.4511211544146233,-0.14958542314190226,0.3887505790240128,0.8057479,-0.23486318066716194
5.760027259918142,-2.003739210072958,-0.7146572286542503,0.9688199046776048,-0.445243747947849,-0.1501921539457497,0.38144452134049156,0.8041061,-0.22083869203925133
5.8142392336125805,-2.0593986324431564,-0.7124339983146634,0.8904181474295028,-0.4407121614652386,-0.15241538428533663,0.38290523188678516,0.80211824,-0.20053255930542946
5.882004211483439,-2.115058055604323,-0.7196956637036052,0.805947018223095,-0.4370461201064167,-0.14515371889639483,0.3845707668808471,0.7997582,-0.16901518031954765
5.936216183298206,-2.1707174779745215,-0.7317553164344278,1.0281972230264864,-0.4507755434569099,-0.09701844366557222,0.38654881113303785,0.80352885,-0.17937224730849266
5.990428154228425,-2.2263769003447202,-0.7432168434094637,0.9557176099162218,-0.43466276175992885,-0.08555691669053633,0.38334209568532773,0.7999761,-0.15020200982689857
6.044640125429693,-2.2820363227149185,-0.7540804876293986,0.8827624802460323,-0.42079904250119027,-0.07469327247060142,0.38637691747511327,0.7963186,-0.11611604318022728
6.112405099209505,-2.3376957450851177,-0.7697517186310141,1.0832764318590031,-0.41710626608346685,-0.010655725868985888,0.38943788764806253,0.7968406,-0.10243843123316765
6.153064062867377,-2.393355168246284,-0.7809172698762268,1.01980685901639,-0.3940731378708472,0.0005098253762267912,0.3889660712506525,0.7924166,-0.07297201082110405
6.220829034656952,-2.449014590616483,-0.7827573580341413,0.9332337346259263,-0.4005253495146706,0.002349913534141268,0.39270996326407737,0.7913602,-0.04526735469698906
6.261487996766862,-2.504674012986681,-0.7894232387514786,1.132496105073869,-0.36489182556126937,0.07190685885147863,0.3935653658908196,0.7826623,-0.04477814957499504
6.32925294935433,-2.5788865761469464,-0.8031654855655507,1.036945028652555,-0.34652001621653733,0.08564910566555073,0.4009082584825654,0.7746916,-0.00892014428973198
6.369911909805707,-2.634545998517144,-0.8042072270298377,0.9690106211134462,-0.3361155081606211,0.08669084712983777,0.40757161952999377,0.7705959,0.012754406780004501
6.424123873512099,-2.6902054208873434,-0.8093740840116517,1.138244926126065,-0.28936415928029807,0.17193491821165163,0.4109666297750785,0.7736921,-0.022678177803754807
6.478335837489534,-2.74586484404851,-0.8087948996620254,1.060383655842535,-0.29081768166948035,0.1713557338620254,0.40831581716896004,0.7640945,0.012857098132371902
6.51899477800168,-2.8200774072087746,-0.8117923406744377,0.9794263168544838,-0.266063867914002,0.1743531748744377,0.4164541708471061,0.7541117,0.04949193820357323
6.573206739017561,-2.8757368295789734,-0.8123758429987357,1.1259707325054367,-0.20335764065472303,0.2749317836987356,0.42481017267372334,0.7693816,-0.006582416594028473
6.627418699148894,-2.931396251949172,-0.8218489495245742,1.0501701179843974,-0.19449066809881377,0.28440489022457416,0.4118205863321427,0.7593594,0.03038138523697853
6.681630640225544,-3.005608815109437,-0.8230077485088262,1.1598318705404445,-0.09593413126576472,0.4074183854088262,0.42042116712801936,0.771509,0.008335471153259277
6.7222895952590465,-3.061268238270604,-0.8290136548317971,1.0918820325955438,-0.08133935093077652,0.4134242917317971,0.41006640041337894,0.76401204,0.05038413777947426
6.776501552699871,-3.1169276606408025,-0.8292662966344508,1.014241607181133,-0.0834480229541708,0.41367693353445084,0.41650633718412144,0.75098664,0.061366114765405655
6.830713509256145,-3.172587083011001,-0.8300779661536222,0.9366500266358018,-0.08507232979305449,0.4144886030536222,0.42745094663201644,0.74183726,0.09540686383843422
6.871372443392153,-3.246799646171266,-0.8353758304566149,1.0303618463648152,0.05037941452377463,0.5631300866566149,0.4350745068167843,0.7707246,0.20786955393850803
6.9255843992980655,-3.302459068541464,-0.8354081576690082,0.9527153880758183,0.04755125997139517,0.5631624138690082,0.41058283574395815,0.76155865,0.2528032660484314
6.979796353163831,-3.358118491702631,-0.8350776911899452,0.8750852804311525,0.04440061484086336,0.5628319473899452,0.4185747636964131,0.74739885,0.25591592490673065
7.020455303664011,-3.413777914072829,-0.8330814590770756,0.957784424245525,0.18289029189316752,0.7211999638770756,0.4304626390091739,0.7805275,0.40980540961027145
7.074667236632281,-3.4879904772330947,-0.8345831065252428,0.8661133735770533,0.19398914200508294,0.7227016113252428,0.40234360854339946,0.7713369,0.47446638345718384
7.128879187807536,-3.5436498996032926,-0.8354991768952466,0.7882907373007788,0.19191395439203332,0.7236176816952465,0.4103926160232523,0.75730515,0.4789988845586777
7.169538135985772,-3.599309321973492,-0.8220283084269618,0.7223542518130933,0.1893834989227102,0.7101468132269618,0.4221717095356786,0.744101,0.46946126222610474
7.223750085502498,-3.654968745134658,-0.8113673528190707,0.6466409992744673,0.18067772918043964,0.6994858576190707,0.4332140097272261,0.72879106,0.4590320661664009
7.26440903224334,-3.710628167504857,-0.8006288501154636,0.7114412479608148,0.33470060822967496,0.8569413666454636,0.4460434667708789,0.7606835,0.627886950969696
7.31862098010153,-3.766287589875055,-0.7832268661540007,0.639469303347224,0.3234622729396258,0.8395393826840007,0.41895985114187295,0.7512638,0.6601235345005989
7.372832907025368,-3.8405001530353204,-0.7649471916537737,0.7071874666126229,0.45774609550260303,0.7063112452037736,0.4271921558250589,0.7724272,0.6868996396660805
7.440597855645401,-3.8961595754055187,-0.7350581644754861,0.6329567793201527,0.4322501198877609,0.6764222180254861,0.40922262417028177,0.7591604,0.6905478686094284
7.494809820973455,-3.933265856985651,-0.7164271003287288,0.5756479317352547,0.41276639050227104,0.6577911538787288,0.42061535743208567,0.7452404,0.6633417010307312
7.549021765182873,-3.9889252801468187,-0.6936381353717301,0.6614190295095836,0.5355478250865187,0.6936381353717301,0.43226655575629724,0.77301395,0.7486741989850998
7.603233708507743,-4.0445847025170165,-0.6631037800293419,0.6004751003974913,0.5255986803250928,0.6631037800293419,0.4086759634420043,0.76575035,0.764338880777359
7.6709986729260535,-4.081690984097149,-0.6381037551444028,0.5368922161264733,0.4998630812744031,0.6381037551444028,0.4150510303100782,0.7512662,0.734097346663475
7.7252106145186765,-4.137350406467347,-0.6127404959779237,0.6366515224379699,0.6154644117127747,0.6127404959779237,0.4272292289308618,0.77931917,0.7413090020418167
7.7794225763822435,-4.17445668804748,-0.5896359792631125,0.5850091801070598,0.6012875379933593,0.5896359792631125,0.40339719659883366,0.7765072,0.7535081505775452
7.847187539707921,-4.211562969627612,-0.5594207765441394,0.5257802334861233,0.578826948719515,0.5594207765441394,0.40601217920602195,0.76718134,0.7373962998390198
7.914952501140873,-4.248669251207745,-0.5284245212655521,0.6389567771299275,0.6609687652928495,0.5284245212655521,0.4138682036228768,0.781353,0.6888757571578026
7.982717461836697,-4.285775533578845,-0.5037879981379961,0.5777864227224585,0.6448110207622929,0.5037879981379961,0.4018118236514101,0.7755818,0.6923181861639023
8.0504824217954,-4.322881815158977,-0.48269411268644097,0.6911617996700168,0.7267266780274342,0.48269411268644097,0.4068101949767311,0.790605,0.6535772085189819
8.131800381618339,-4.3599880967391105,-0.46169802132062676,0.6169333062082003,0.7090523978119869,0.46169802132062676,0.3940626472953499,0.7840568,0.6640986651182175
8.199565340029077,-4.3970943783192435,-0.4423731805663562,0.7341407971494214,0.7871408667606418,0.4423731805663562,0.3997246522074399,0.7989462,0.6244959980249405
8.267330320185009,-4.415647519109309,-0.4191991448681808,0.6827340430115162,0.7592824364497509,0.4191991448681808,0.38708356581885095,0.79280925,0.624685525894165
8.335095278461374,-4.452753800689441,-0.39151336479000814,0.6266943788653783,0.7485321214731397,0.39151336479000814,0.3923969009341588,0.7844457,0.6085042059421539
8.416413235188385,-4.489860082269574,-0.37213908198289647,0.7381444119182421,0.8139709154924434,0.37213908198289647,0.3994125960732767,0.79779947,0.5691474452614784
8.497731214139725,-4.508413223059639,-0.3457430400233723,0.6765769106417044,0.7841024494963613,0.3457430400233723,0.38805590031239134,0.79028666,0.568041518330574
8.565496169085971,-4.545519504639772,-0.3206531043630101,0.8098345811984968,0.8437758335086862,0.3206531043630101,0.3945192568053216,0.80385983,0.5148562118411064
8.64681414696848,-4.564072645429838,-0.3064947422873237,0.7385733519276351,0.8253790787050642,0.3064947422873237,0.3829826446219464,0.79767805,0.5291893482208252
8.714579124249621,-4.582625787010872,-0.28774641687981867,0.6836730086578453,0.8099470057586082,0.28774641687981867,0.388322818922486,0.7894449,0.5193511620163918
8.795897102440028,-4.601178927800938,-0.2745933494251229,0.8034717284356176,0.850924152745061,0.2745933494251229,0.3952280195621757,0.8011664,0.47837767750024796
8.877215079032563,-4.619732068591005,-0.2574230982642629,0.7346012354741783,0.834242693731732,0.2574230982642629,0.3852520183056828,0.7948982,0.48850584030151367
8.958533030820838,-4.656838350171137,-0.24198290283791807,0.8537265328799105,0.8872660667486484,0.24198290283791807,0.3906496339631258,0.80749786,0.44714078307151794
9.039851006307684,-4.675391490961204,-0.2256487060617664,0.7846972273310686,0.8730922159600895,0.2256487060617664,0.37994649592258234,0.80166274,0.4591004401445389
9.121168981352254,-4.69394463175127,-0.20873361970298077,0.7159551967047577,0.860994348172677,0.20873361970298077,0.38498533957599834,0.79239374,0.4531632214784622
9.202486955954551,-4.712497772541336,-0.19169053706340577,0.8402827434025176,0.9060593771741492,0.27587218216340575,0.39276906518740595,0.81032354,0.4814681187272072
9.283804931270174,-4.731050913331402,-0.167957512764261,0.7782724184485021,0.8905618636285291,0.252139157864261,0.37753705248700953,0.8051453,0.48867878317832947
9.3786759048153,-4.749604054121469,-0.15566015142016199,0.6925645942303474,0.8845448276012462,0.23984179652016197,0.38206597376655227,0.7944207,0.48745712637901306
9.446440903952208,-4.749604054121469,-0.13594067725353026,0.6427317538224898,0.8615330543578864,0.22012232235353024,0.39108506906472806,0.78402984,0.46623198688030243
9.527758877006542,-4.768157194911535,-0.10645029175095343,0.585026613737165,0.852014929563989,0.19063193685095342,0.39977719864816674,0.7732637,0.43862423300743103
9.609076849618601,-4.786710335701601,-0.08317318576388144,0.717246761155474,0.9166862095605781,0.32976922226388145,0.4087897750246292,0.8025401,0.5478119999170303
9.676841849542543,-4.786710335701601,-0.06673253613524224,0.6646058978162782,0.9002520783303919,0.3133285726352423,0.3839553490594223,0.7975713,0.5555079579353333
9.758159821528045,-4.8052634764916675,-0.04388787898235107,0.6029429789052125,0.8998033520827504,0.2904839154823511,0.3884033180932247,0.7882347,0.5381782576441765
9.839477819828918,-4.8052634764916675,-0.02516871484927917,0.5383876835660587,0.8863133250592876,0.2717647513492792,0.3962500806071314,0.7772366,0.5210817903280258
9.920795818129793,-4.8052634764916675,-0.0047815487068154855,0.6746279263914198,0.9586820697417255,0.39798891710681544,0.40546718012900795,0.80668664,0.6189643815159798
10.002113816430668,-4.8052634764916675,0.015869437353684658,0.6129726434319888,0.9458373307015268,0.3773379310463153,0.3804839590916851,0.8007243,0.624283105134964
10.08343181473154,-4.8052634764916675,0.03601342295296406,0.550634655979796,0.9362264656091766,0.3571939454470359,0.38577310929424946,0.7904584,0.6062899529933929
10.164749814188013,-4.8052634764916675,0.05017309923656201,0.48262000905576435,0.9324143286918491,0.343034269163438,0.39439694695685323,0.7788823,0.5778521150350571
10.246067840352222,-4.786710335701601,0.06637564820237375,0.6224267377677544,1.0120168446282176,0.45237101009762626,0.4040947365769024,0.8094539,0.6784137040376663
10.313832839120566,-4.786710335701601,0.08475267005152919,0.5733966822993485,1.0061446482753262,0.4339939882484708,0.3781588044154961,0.80518043,0.6773163825273514
10.395150837642579,-4.786710335701601,0.10252518099732617,0.5102959137245368,1.0041181329430104,0.41622147730267384,0.3820300838627325,0.7947848,0.6492695957422256
10.47646886465448,-4.768157194911535,0.12426643279381017,0.4490138043901401,0.984456268971439,0.39448022550618983,0.3907777218097108,0.78489304,0.6429035663604736
10.55778686339763,-4.768157194911535,0.1447571864444754,0.38862289239001274,0.9867799134382957,0.37398947185552456,0.3990507042551261,0.76888925,0.6375533416867256
10.63910489222854,-4.749604054121469,0.15402707495726561,0.5341950377161475,1.088365789965265,0.4682510421427344,0.4124942996856962,0.8041168,0.6783546656370163
10.706869920481896,-4.731050913331402,0.17559965142048814,0.4875836324482035,1.0701601062948096,0.44667846567951186,0.38258571651957807,0.79733247,0.7002029940485954
10.788187949004902,-4.712497772541336,0.19561825924552895,0.42553428631646123,1.0577923323338898,0.4266598578544711,0.38861887731307276,0.77752835,0.6869527846574783
10.855952948510371,-4.712497772541336,0.20836856474168516,0.3726872847628713,1.0662989463782726,0.41390955235831484,0.4052968939916636,0.7600847,0.6747081577777863
10.937270977659937,-4.693944631751269,0.22791297991759996,0.31004783005199654,1.0591118484981121,0.39436513718240007,0.4198734098663316,0.7399437,0.6568796560168266
11.032142037227583,-4.656838350171136,0.24852935035712942,0.46648710719640424,1.1557763286274076,0.4569523339428706,0.4367507269794939,0.7880482,0.6916453465819359
11.099907068626772,-4.6382852093810705,0.2723815332818769,0.4236615800107623,1.1446832971624195,0.4331001510181231,0.3959242379125121,0.77506477,0.7115850448608398
11.181225068917882,-4.6382852093810705,0.2915801957715296,0.3676729081650902,1.1597152757929514,0.4139014885284704,0.4073060458145187,0.75678974,0.702985517680645
11.262543130464103,-4.601178927800937,0.3162762226629995,0.3073723852180299,1.1403090152760913,0.38920546163700054,0.42263819002396696,0.73790944,0.6785525381565094
11.330308161887093,-4.582625787010871,0.3417961583007121,0.5198742159230676,1.2533860899422258,0.4292385193992879,0.43844241502136105,0.80587643,0.7074607014656067
11.411626224907565,-4.545519504639771,0.35840928201563593,0.45145705890569787,1.2383535507764216,0.41262539568436407,0.38083898895495427,0.7839713,0.7429867461323738
11.492944257558474,-4.526966363849705,0.38351271410472637,0.4000454924710151,1.2398536862641807,0.38752196359527363,0.3999291302160102,0.7677556,0.721715658903122
11.547156291194232,-4.508413223059638,0.4004905888158823,0.36388136433414586,1.2369340281099386,0.3705440888841177,0.4134436462944532,0.756382,0.7057024836540222
11.628474356278648,-4.471306941479507,0.4323910705465818,0.5854740205138346,1.3365336559532157,0.3892541875534182,0.4229214469268121,0.82876265,0.7261559516191483
11.696239421793683,-4.434200659899374,0.45917797026224383,0.5438696029518119,1.3171445606918133,0.36246728783775617,0.36165087695054554,0.81654286,0.7576410472393036
11.76400448804584,-4.397094378319243,0.4741598653513933,0.48630975361581347,1.3067771882044454,0.3474853927486067,0.3725916883260596,0.7979545,0.7431027889251709
11.845322555636484,-4.35998809673911,0.49864727524109126,0.4289987249664992,1.3007796654419037,0.32299798285890874,0.38819307734881936,0.7798471,0.722636491060257
11.899534622761523,-4.3228818151589765,0.5211890877503894,0.39271932371170026,1.285592830875913,0.3004561703496106,0.4033413640402488,0.7689221,0.6993037015199661
11.980852693129439,-4.285775533578844,0.5430524439830325,0.6231209227710096,1.3823438250084121,0.3165770050169675,0.41242363505069957,0.84359723,0.716363400220871
12.048617762403811,-4.248669251207744,0.5623322315234682,0.5725409526162125,1.374811264643887,0.2972972174765318,0.349217736087686,0.82862926,0.7578137293457985
12.10282983151909,-4.211562969627611,0.5856760021764778,0.5387873419802146,1.3601169623853986,0.2739534468235223,0.36250065904465667,0.8185977,0.7355928122997284
12.184147936297695,-4.155903547257413,0.6113274039048695,0.47495884303773367,1.346944536647245,0.24830204509513054,0.3708464744024823,0.79848516,0.7181939035654068
12.238360006887223,-4.118797265677281,0.6304287476558231,0.7410946263476014,1.4198645879548848,0.25636122724417687,0.3877620180457575,0.8580659,0.6578322499990463
12.292572111495081,-4.063137843307082,0.6527815700788044,0.6957714308363354,1.3916583580258817,0.23400840482119556,0.3372355011346191,0.8595776,0.711665153503418
12.360337184676213,-4.02603156172695,0.6710222503263497,0.6448941841115066,1.3918105054226417,0.21576772457365034,0.33646309055403334,0.8556357,0.7321333810687065
12.441655294922592,-3.9703721393567517,0.6972499972302459,0.5830933272486103,1.3839658506813743,0.18953997766975406,0.3398024844031745,0.83756626,0.7243394255638123
12.495867368386909,-3.9332658569856505,0.7247690421063447,0.8741118065467396,1.4333741840654723,0.17965512649365523,0.35504130053878713,0.8708212,0.572686567902565
12.550079476569818,-3.8776064346154526,0.7528718572575592,0.8364266748848427,1.4046970184754832,0.15155231134244074,0.32678201060904677,0.86844456,0.5932647362351418
12.617844621620646,-3.803393871455188,0.7749396665114903,0.7668788578951452,1.3802896820506814,0.1294845020885097,0.32907330807295554,0.8593098,0.6054879277944565
12.658503695589284,-3.7662875898750547,0.8020516927260901,0.7490759389348225,1.3624208853047537,0.10237247587390985,0.3367710588746583,0.8531475,0.5807209014892578
12.712715806425841,-3.710628167504856,0.819556520702317,1.0209777066360894,1.3813899097688878,0.09381348899768305,0.3419024160822861,0.87178373,0.4148143380880356
12.78048092014885,-3.6549687451346573,0.8382286862749604,0.9598912314773025,1.3752430263254305,0.07514132342503965,0.32609985219070436,0.8690652,0.4543802887201309
12.834693032865072,-3.5993093219734913,0.8503123829234389,0.8988451046919338,1.367562327748295,0.06305762677656113,0.3285555480948964,0.86312634,0.4769119918346405
12.875352145398407,-3.5436498996032917,0.8653285786230117,0.8505416347222083,1.3487765297337746,0.04804143107698833,0.33355051074583486,0.8559334,0.4807850569486618
12.943117297304491,-3.4694373364430273,0.8775313918758181,1.0939083468710329,1.3549541063019042,0.0365183821241819,0.33957997427468367,0.871358,0.3355499133467674
12.997329412821786,-3.413777914072828,0.8933141128439454,1.037806894389332,1.344871598036286,0.02073566115605463,0.32648292354041386,0.8674595,0.35532647371292114
13.051541564716205,-3.339565350912564,0.9060150845069436,0.9629520073516192,1.3284693298123522,0.008034689493056413,0.329908888925317,0.8592716,0.37989578396081924
13.105753682150024,-3.2839059277513973,0.9185683796275405,0.9024134488270038,1.3255779782959616,-0.004518605627540473,0.33679499508393906,0.8531737,0.3995945565402508
13.146412833369363,-3.209693364591133,0.9243468958372248,1.1506840847461504,1.3023033001254343,-0.017851445737224858,0.34188006097009005,0.86601603,0.2615033723413944
13.214177991541005,-3.1354808014308673,0.9380380523437633,1.0684863856725715,1.2971861470665336,-0.03154260224376326,0.3309749109912229,0.8603985,0.2813168838620186
13.22773103054658,-3.1169276606408016,0.9468887128168716,1.0569497434713104,1.2878393746518222,-0.0403932627168716,0.3358318966595196,0.8571821,0.2712865099310875
13.281943151186889,-3.061268238270603,0.9558035359764472,0.9916492563426141,1.2905322006110727,-0.049308085876447194,0.3385018008508278,0.85187465,0.29558516666293144
13.336155310133899,-2.98705567431937,0.9704582524532452,1.2354678696055232,1.253231899121288,-0.0801075042532452,0.3429609215177717,0.8628188,0.17451420053839684
13.376814465628554,-2.912843111159105,0.9842298256093637,1.1682964698074387,1.228885074140323,-0.09387907740936363,0.3336664052360536,0.85594386,0.18502793833613396
13.431026589106795,-2.857183688788907,0.9878360643330961,1.0964103399920668,1.2392818234355978,-0.09748531613309608,0.33956999925627807,0.8506084,0.19942238181829453
13.471685746407399,-2.7829711256286416,0.9927606727322562,1.0181288488385045,1.2273727532570538,-0.10240992453225617,0.3440204604794853,0.8423302,0.2105480693280697
13.525897908474128,-2.7087585624683768,0.9905760097643358,1.2295079734095111,1.1955927181785686,-0.1257266271643358,0.3509726436874835,0.8519489,0.11999635770916939
13.56655703079816,-2.65309913930721,0.9995238512521609,1.1713506146406518,1.1886513565740409,-0.13467446865216093,0.3427734426460598,0.8477408,0.1344166174530983
13.620769194928833,-2.5788865761469455,1.003497563670389,1.0843459071751378,1.1898289452961543,-0.1386481810703889,0.34641209059561995,0.8406525,0.15293128415942192
13.688534401750706,-2.486120872196614,1.0041536017181352,1.2618969607078399,1.144855757366725,-0.17537984161813513,0.35236670464863273,0.8454763,0.05798136815428734
13.742746568535026,-2.41190830903635,1.0115328663447873,1.1786418125693372,1.1420911653644008,-0.1827591062447873,0.3482301023444331,0.8393101,0.07826384902000427
13.783405731880052,-2.337695745085117,1.0138194538000975,1.3705707521747272,1.0695795246472655,-0.23341200930009753,0.3534831280022699,0.84144455,-0.037181075662374496
13.83761790203134,-2.2634831819248515,1.0086807788535956,1.2733691604239648,1.0829251840021388,-0.22827333435359565,0.35162657721905133,0.836411,-0.0011844448745250702
13.878277067292888,-2.1892706187645867,1.0054316503833982,1.1853972099933479,1.0816316919386135,-0.22502420588339822,0.3558994775343186,0.82933146,0.022733565419912338
13.918936233438982,-2.115058055604322,1.0027813022676857,1.3528155696623914,1.0044203213771061,-0.28526492236768575,0.3618403435619314,0.82844895,-0.09534318372607231
13.973148367679228,-2.0593986324431555,0.9932139057759195,1.2669136471527789,1.032345143539967,-0.27569752587591956,0.36252682509761835,0.8256783,-0.05816056951880455
14.027360579096452,-1.9666329284928241,0.9911079553142188,1.3909003580380153,0.9433578462085058,-0.35366878951421876,0.36486171091505537,0.8198293,-0.178170096129179
14.054466704467867,-1.9109735061226256,0.9855682495981452,1.324283056268892,0.9428981188033307,-0.3481290837981451,0.36978191230204216,0.8144383,-0.15874990448355675
14.108678841435475,-1.8553140837524271,0.9827713499916714,1.455373570064244,0.860540070269269,-0.4453272906916713,0.3742891593401835,0.808263,-0.29762762412428856
14.162891017802403,-1.7811015205921623,0.9768637005938213,1.543491417926349,0.7561621910006855,-0.5612743374938214,0.3794634038941542,0.79527235,-0.44491682946681976
14.217103195348729,-1.7068889566409295,0.9755570223275568,1.6090297913936047,0.6271598254916999,-0.7033112785275568,0.3903913001450594,0.7765798,-0.6260108649730682
14.257762330438052,-1.6512295342707306,0.965470907920971,1.6660000205220056,0.49344212077327176,-0.853589412720971,0.406080878298975,0.7686524,-0.9113235324621201
14.311974510048328,-1.577016971110466,0.9561733411718155,1.6755668029537012,0.34050687489955245,-1.0124858577018154,0.41262419838013265,0.76155216,-1.2252960056066513
14.352633645530009,-1.5213575487402673,0.9351841746736314,1.5991235796514387,0.37527344881600944,-0.9914966912036314,0.41855984122440504,0.7599997,-1.183747574687004
14.420398794376979,-1.4656981263700688,0.9044273032713677,1.5011865061750123,0.4431353976057824,-0.9607398198013677,0.4198126187986675,0.76121986,-1.1131550669670105
14.461057931406627,-1.4100387032089021,0.8666656847763802,1.414643033221172,0.4944502942733068,-0.9229782013063802,0.4187688119332612,0.7621154,-1.0397534370422363
14.51527007567176,-1.3543792808387036,0.8297353311348701,1.4651294241725852,0.41251833369426855,-0.79222360028487,0.418022327119682,0.7547814,-0.8829958438873291
14.569482220821435,-1.298719858468505,0.7947841103840615,1.3721224254921414,0.46316989015498433,-0.7572723795340615,0.42422844881450694,0.75346357,-0.8142039030790329
14.623694366855668,-1.2430604360983062,0.7633759235311295,1.3558316545717382,0.43868474262348345,-0.7008302495911295,0.4252802355127785,0.7498605,-0.7448455691337585
14.69145948072606,-1.205954154518174,0.7254796503949905,1.3435637790870072,0.4471608689566223,-0.6378606942749905,0.428314990944173,0.74762875,-0.6480271816253662
14.759224596489174,-1.1688478729380412,0.6978360532689833,1.3388229013147752,0.4436571439440859,-0.5850884270689833,0.4301709304766781,0.7454044,-0.5718763023614883
14.813436785387209,-1.0946353089868086,0.6650868706870818,1.2351220153248879,0.4623174688933193,-0.5523392444870818,0.4320323609728126,0.7432308,-0.5245317816734314
14.881201901763825,-1.0575290274066762,0.6374846129585051,1.2339740023052252,0.45838162458525017,-0.4995365609585051,0.4338508652533022,0.74105674,-0.4481772929430008
14.948967018877566,-1.0204227458265438,0.6075493550766253,1.2343876365924382,0.459765359983436,-0.44431233457662533,0.43567020181645133,0.7391789,-0.3652893342077732
15.030285144037629,-0.9833164642464111,0.5826174432504916,1.2282295214818768,0.465072015283993,-0.39398559875049155,0.4372391535692729,0.74156153,-0.31662578508257866
15.125156318596721,-0.9276570418762126,0.5649395421613,1.2059937610883553,0.4553230975144629,-0.3507890636613,0.4352096713532827,0.74192065,-0.27385345473885536
15.165815383253756,-0.9091039010861462,0.5362597442138932,1.1480101997816097,0.4945437178135321,-0.3221092657138932,0.4349264413591061,0.7437748,-0.22545265778899193
15.233580503389703,-0.871997619506014,0.5159494670201085,1.1595252189221603,0.49084583092559736,-0.27613782132010845,0.43336217881062,0.7473553,-0.1891482137143612
15.30134562426278,-0.8348913379258814,0.49969718334264973,1.0741359101801942,0.5095262188977612,-0.25988553764264977,0.43035159085649544,0.7446516,-0.1451164148747921
15.369110745872979,-0.7977850555547811,0.48251031261868693,1.0891816874529965,0.5041843640968453,-0.21687533381868696,0.4326668229881564,0.7474837,-0.11585861071944237
15.450428833955666,-0.7792319147647148,0.4660789687652133,1.102592951692719,0.5238606700544173,-0.1744377905652133,0.43025003114428195,0.75365674,-0.0779677964746952
15.531746964717875,-0.7421256331845826,0.46010616980492997,1.1143160022016816,0.518373108882867,-0.14225397870492995,0.4250567460081951,0.7567962,-0.05073140561580658
15.599512088502587,-0.7050193516044501,0.45553550731390646,1.0347555897864484,0.5199512599749976,-0.13768331621390645,0.42245524224523945,0.7518652,-0.021823763847351074
15.667277171574215,-0.6864662108143839,0.44874523315578635,1.067751698694491,0.5285717274812629,-0.10445381725578634,0.42664889230459213,0.7565999,-0.004875857383012772
15.74859530462151,-0.6493599292342515,0.439669345468282,1.0805789009628082,0.5319115843255944,-0.06868540636828202,0.42260521409683083,0.76081115,0.025796417146921158
15.816360430507029,-0.612253647654119,0.4392654647538432,1.0032518230156586,0.5275831945234638,-0.06828152565384321,0.41908632492893005,0.75529426,0.050185952335596085
15.89767856524971,-0.5751473660739864,0.4362072772206733,1.0206501586006935,0.5272262130324935,-0.0382504669206733,0.4237843602854171,0.7576309,0.0667341761291027
15.965443649266543,-0.5565942252839203,0.43538510355632704,0.950948254088734,0.5398234863638623,-0.03742829325632702,0.42176247871193184,0.7542847,0.09126530960202217
16.046761785483476,-0.5194879437037879,0.4378742799023161,0.9726771631358415,0.5369423953072744,-0.012634914102316097,0.4246108939076051,0.7566429,0.1032060869038105
16.128079879881632,-0.5009348021227535,0.4484592526266346,1.0081939606015882,0.5456457271774252,0.004404359673365388,0.422589271857966,0.7615867,0.11089617758989334
16.20939801764652,-0.4638285205426212,0.4502996290754522,1.0325727536162095,0.5492213943105029,0.030565056324547812,0.4184309715031578,0.7660855,0.13028627634048462
16.27716314788107,-0.4267222389624888,0.45292401316575653,0.9568405140024382,0.5427985209586358,0.027940672234243458,0.41467020719340697,0.7603087,0.15146220847964287
16.344928278852752,-0.3896159573823563,0.456699693826958,0.9960763737887629,0.5417818889525463,0.05258170987304195,0.419590357853021,0.76379657,0.15693645551800728
16.439799427686175,-0.352509675802224,0.4546719035971905,1.0095027195384478,0.561839945569849,0.08348504070280954,0.41659321249952685,0.7693857,0.1856003813445568
16.5211175239878,-0.3339565350121578,0.4512277925107624,0.9262920532331493,0.5840776896675192,0.08692915178923766,0.4118992798820462,0.76670355,0.22022773325443268
16.588882658363303,-0.29685025343202526,0.4446713043097402,0.9630039828136933,0.6003250607612116,0.12286837119025973,0.4142131591601421,0.7730182,0.24142006784677505
16.683753855183543,-0.24119083106182668,0.4474244914622973,0.8550398772263285,0.5885364540051784,0.12011518403770266,0.40885292060100153,0.764559,0.27194805815815926
16.751518944655096,-0.22263769027176042,0.4418443201528857,0.902044742081547,0.6242535206871686,0.15563987284711428,0.4160562074652818,0.77290076,0.2894800640642643
16.83283708912782,-0.18553140790066006,0.44546942441258525,0.9364599219032356,0.6449718893848359,0.18258320398741473,0.40893373391681853,0.78053236,0.31238552927970886
16.900602225517368,-0.14842512632052762,0.4473244610475371,0.8605066912303551,0.6390904409722461,0.1807281673524629,0.402554766634167,0.77528006,0.33655450493097305
16.995473381882512,-0.11131884474039518,0.45127804911229696,0.8852588403561651,0.6697974178024715,0.20803827178770307,0.40705777677018895,0.78138393,0.3547353595495224
17.049685510778566,-0.07421256316026277,0.45524323884863344,0.8229019823737098,0.6567908148216787,0.2040730820513666,0.4018537819648038,0.77602684,0.37093641981482506
17.144556667830926,-0.037106281580130324,0.4610428404295811,0.8516020785634267,0.690614472880966,0.2303151443704189,0.4064336061315913,0.7826777,0.38761622831225395
17.225874769808406,-0.018553140790064104,0.47559857452753873,0.780775650205935,0.698885141357106,0.21575941027246126,0.4007665282913724,0.77842104,0.40164387226104736
17.29363995702269,0.03710628158013454,0.48757170530501703,0.8329351694437376,0.7033691694109222,0.236702864194983,0.40442091272266545,0.7834287,0.4024074599146843
17.37495810753983,0.07421256316026698,0.49573454833123787,0.7494691756390826,0.7025885295517139,0.22854002116876215,0.40015189793320605,0.77743506,0.4225700907409191
17.4427232494578,0.1113188447403994,0.5048837951989839,0.8119370010960664,0.73051734373218,0.25329730420101615,0.4052604046713656,0.78573626,0.42685845866799355
17.524041402825926,0.1484251271114998,0.5166067564161487,0.7314106877303179,0.7288508228701709,0.24157434298385128,0.39819318604448284,0.78010225,0.44532759487628937
17.605359508046753,0.16697826790156603,0.5275890381308266,0.7973104099087194,0.783102653945145,0.2656269072691734,0.403025696606614,0.79150957,0.45324280858039856
17.686677709904618,0.22263769027176464,0.5368836296023795,0.706209605675624,0.7694207961785621,0.2563323157976205,0.3933359623848235,0.78438646,0.47668251395225525
17.75444290327389,0.27829711264196333,0.554504157197661,0.7752751988990051,0.7854415626843337,0.275044079402339,0.3994532807562704,0.7913333,0.47088809311389923
17.822208049282896,0.31540339422209573,0.5651295508490868,0.7064765853350994,0.7821127531214679,0.2644186857509132,0.3935206529967554,0.78625774,0.4857034981250763
17.889973196029032,0.35250967580222814,0.5864491473184891,0.794553201888097,0.816334656881193,0.2809394396815109,0.39786983026361433,0.79672414,0.4775630310177803
17.95773839350239,0.4081690981724268,0.6034588725166387,0.7209404912502919,0.7953296905994335,0.26392971448336133,0.38898018958235947,0.7894704,0.48745378851890564
18.02550359092584,0.4638285213335934,0.6259435466723505,0.8070536708026297,0.8185346652150937,0.2810616098276495,0.39519993463622827,0.79832715,0.476754330098629
18.09326874025191,0.5009348029137258,0.6450070311920706,0.7460509291510533,0.8140908305383097,0.26199812530792943,0.3876520343626081,0.79344004,0.4833371639251709
18.16103393970245,0.5565942252839245,0.6657954619126383,0.8399304213743676,0.84440594288282,0.2829532470873617,0.3918580705007896,0.8042089,0.4766906499862671
18.228799140258676,0.6122536476541232,0.6849117025034491,0.7682249862260634,0.827958081169843,0.26383700649655084,0.38271424547678157,0.7974987,0.48532605916261673
18.296564292164675,0.6493599292342556,0.693406748534179,0.6993974886437394,0.8361775751431854,0.2553419604658209,0.3884770890006357,0.7911743,0.49130943417549133
18.364329545843777,0.7235724923945204,0.7141925786295896,0.7928515666655058,0.8601823524950153,0.27890116827041034,0.39376482225206866,0.80190563,0.4880061522126198
18.41854178899413,0.7977850563457533,0.7319879862526423,0.7181069476947626,0.8269677131622598,0.2611057606473577,0.3846418677439781,0.7932348,0.4954414442181587
18.486306994046807,0.8534444787159517,0.7523654530802734,0.8369153742652398,0.8740793280100544,0.2883451019197266,0.39206162211596296,0.807509,0.48754850029945374
18.56762526176674,0.9276570418762167,0.7771960270265108,0.7483446285369779,0.8571532155258025,0.2635145279734892,0.3799229554367958,0.79965186,0.4985237494111061
18.635390469325632,0.9833164642464153,0.7979425836959845,0.6788051377472241,0.8510984810885553,0.2427679713040155,0.38668516281965193,0.7894887,0.4849528968334198
18.68960266666369,1.0389758866166139,0.8163965944806105,0.8257809184637404,0.8990741960070028,0.27620607151938936,0.39520741899205203,0.8081224,0.4825206398963928
18.757367978341428,1.131741591357913,0.8386358216265208,0.7312773504075732,0.8688760436824244,0.25396684437347905,0.37937306196846343,0.79886866,0.49660594016313553
18.82513319063097,1.1874010137281115,0.8606460791686541,0.6638389577028169,0.8676681683317111,0.2319565868313458,0.3873526229305444,0.7883535,0.47791319340467453
18.892898505625766,1.2801667176784426,0.8793389433482653,0.8013501988112711,0.9137633036754286,0.2710636106517347,0.3961601850759435,0.80744773,0.48707348108291626
18.960663822463356,1.3729324216287737,0.9000936160841949,0.7053512113821823,0.8923649950064381,0.2503089379158051,0.3799337579418339,0.7976125,0.49773914366960526
19.01487607726026,1.4471449855800065,0.9212396605173118,0.6321733916627907,0.875537013201416,0.22916289348268826,0.3884087231084523,0.7850786,0.4785947948694229
19.082641345521345,1.5213575487402715,0.9443644125619896,0.8304630522470214,0.9498625114745988,0.2727713334380105,0.3989175688889014,0.8131406,0.48478318750858307
19.136853654865444,1.6141232526906026,0.9686285823443896,0.7461073536502759,0.9215659768565366,0.24850716365561043,0.375094623073282,0.80536133,0.49826866388320923
19.191065913495386,1.6883358158508677,0.9908033312717445,0.6745721229682115,0.9094729341860531,0.2263324147282556,0.3819078297728218,0.7935939,0.47971261292696
19.258831290814026,1.7996546613822326,1.0155964092770584,0.5665928964348168,0.8913794688716222,0.20153933672294166,0.39178548805690083,0.77652436,0.4597161188721657
19.31304360592074,1.8924203653325637,1.0383285203436383,0.8403450896867263,0.9745776304954793,0.2616499486563617,0.4061137875533326,0.8146532,0.47123559564352036
19.35370290813991,1.9851860692828949,1.065345703051425,0.765512301828571,0.9421787692497795,0.23463276594857496,0.3737441790959345,0.8085644,0.4868859350681305
19.40791527763335,2.09650491481426,1.0874725021282206,0.6624089332625681,0.9212811705780742,0.21250596687177947,0.3792140943611255,0.7926398,0.471771739423275
19.448574582358727,2.1892706187645907,1.1089627793291574,0.5808883600240844,0.901898398745457,0.1910156896708426,0.3926188190599966,0.77819115,0.4492771700024605
19.502786901985683,2.2820363227149216,1.1321975944796567,0.4946775023526673,0.8978454102896019,0.1677808745203433,0.4046966960749975,0.7657731,0.44000574201345444
19.556999276270414,2.3933551682462872,1.1577087332168585,0.3937008052751324,0.8898994410160236,0.1422697357831415,0.4150715787547289,0.75426406,0.4575892761349678
19.597658638086063,2.5046740129866842,1.1806238490203385,0.29557059607445807,0.8759085495508543,0.11935461997966157,0.42469523354393257,0.7423332,0.47175823152065277
19.638317947823875,2.5974397169370156,1.201184493736363,1.0772474839969752,1.1018906517263811,0.3696118332636371,0.4346829226245251,0.84781164,0.4958232641220093
19.678977312182592,2.7087585624683808,1.2263581886747845,0.9861319674742582,1.0751085448375752,0.3444381383252155,0.34543314725113694,0.85145766,0.5694611519575119
19.706083663003408,2.8200774072087778,1.2498214843729503,0.8968983751887494,1.0422786425535413,0.3209748426270498,0.34324404948365894,0.84026474,0.5705122128129005
19.73319001470875,2.931396251949175,1.2759806553879744,0.8094613647308855,1.0120542806712003,0.2948156716120256,0.3527261414838331,0.82698905,0.5577991902828217
19.773849383761252,3.0427150974805404,1.3012998808780676,0.7166974137660774,1.0007907225990744,0.26949644612193246,0.3638518647659561,0.8120242,0.5354894548654556
19.800955737456825,3.154033942220938,1.3243095882097253,0.624965355097285,0.9831617207801461,0.24648673879027472,0.3763888518672055,0.7965835,0.513491079211235
19.81450907628767,3.265352787752303,1.3543663282552725,0.5425969509028429,0.9532681210914614,0.21642999874472757,0.3893138904147143,0.78124344,0.48959846794605255
19.841615431531192,3.3766716324927,1.3814340893784531,0.45376661387295575,0.9439018214120695,0.1893622376215469,0.4021499607440604,0.77002436,0.498120442032814
19.855168771467707,3.487990477233098,1.408794696168042,0.3673719303539527,0.9265555805700961,0.16200163083195807,0.4115039168133692,0.7584299,0.5031657218933105
19.8687221118465,3.5993093227644626,1.4361682392517094,1.1478181533075982,1.133036788691668,0.2466657297482906,0.4212099719162805,0.8508808,0.38865865767002106
19.88227545266755,3.71062816750486,1.461821776018477,1.0643711296473142,1.1045876346325016,0.22101219298152297,0.3429738352905354,0.8530517,0.4502451494336128
19.882275777075908,3.821947012245257,1.4924424204090598,0.9867127454841914,1.0627701734147035,0.1903915485909402,0.3419213450616714,0.8410944,0.4393036961555481
19.882276155552326,3.9518189985666887,1.5201034083822726,0.8860236414669047,1.0284932588610425,0.1627305606177274,0.3520381632303621,0.8266041,0.42954546213150024
19.88227647996067,4.063137843307087,1.5465603674808501,0.801635033125425,1.001997235110961,0.1362736015191499,0.36418408284955284,0.81223756,0.40857426077127457
19.882276804369013,4.174456688047483,1.5678134649852276,0.7114295843248689,0.9844032767028824,0.11502050401477248,0.3762051780112684,0.79717433,0.38836440443992615
19.88227712877735,4.285775533578849,1.5955649518826962,0.62718610511128,0.9670407968427586,0.08726901711730384,0.3888163343724699,0.7826526,0.3653780221939087
19.86872443518817,4.397094378319247,1.6166925067314861,0.900041277678373,1.028513550503972,0.22492167726851386,0.4009639099629351,0.82341933,0.4376252219080925
19.855171795151055,4.5269663646406775,1.6426393646607158,0.7959122298326594,1.0006214232408543,0.19897481933928418,0.36638659932189355,0.81562155,0.4629984349012375
19.855172119117096,4.638285209381075,1.6642493263492344,0.7065150343652932,0.9935777644889785,0.1773648576507656,0.3733230170917424,0.80228156,0.44713202118873596
19.828066351766964,4.731050913331406,1.6850958653399706,0.631820844236932,0.9622856574037076,0.1565183186600294,0.38452855450651335,0.7879435,0.425053171813488
19.814513710292434,4.860922899652837,1.7102755422005418,0.8074941389284968,1.0120786620723086,0.21418136579945823,0.3965349730152177,0.81462234,0.4539831876754761
19.80096106830191,4.9907948851833,1.7341886102268458,0.7011160751390927,1.0002351338813984,0.19026829777315424,0.37386606281888624,0.80308634,0.4593318998813629
19.773855352587297,5.1021137299236985,1.7546026558289292,0.8451899520940406,1.0368428561785783,0.23658744317107083,0.38384292619527094,0.8238783,0.47887908667325974
19.746749635988127,5.213432575455063,1.7759536542603733,0.7526268805352833,1.0147029831934338,0.21523644473962666,0.3661699019254141,0.81310886,0.48327478766441345
19.7196439173488,5.324751420195461,1.803935897410846,0.6661526735431184,0.9925942722953506,0.18725420158915407,0.3754489006063676,0.79799825,0.4583386778831482
19.692538091876415,5.398963983355725,1.828354003638959,0.8235600893465191,1.016283374333215,0.22063598436104126,0.3881275280948643,0.8183581,0.4640525206923485
19.665432372771008,5.510282828887091,1.8500101741263626,0.7308959914095893,1.0028348039652977,0.1989798138736376,0.37079267313718467,0.8077715,0.46654824912548065
19.63832670618568,5.640154814417554,1.8740303518483397,0.8154450772632029,1.0423861484914985,0.22685174615166037,0.3799137821396714,0.82148474,0.47952819615602493
19.584114943861433,5.751473659157951,1.8969247139105554,0.7162746004009618,1.0077553592385178,0.20395738408944464,0.3682322051584387,0.8072629,0.4748014211654663
19.543456253823866,5.881345645479383,1.9224670000979653,0.7843078592399377,1.0367382035480737,0.22603190690203467,0.3803692585634918,0.8173259,0.48111122846603394
19.502797509202264,5.99266449021978,1.9446766047785033,0.6886596513672072,1.0218718863456273,0.20382230222149667,0.3717426944664095,0.80482274,0.4761805832386017
19.44858574186556,6.1039833357511455,1.967316860170101,0.7552666307259656,1.0373835051777338,0.22552708482989892,0.38239656071705075,0.8137449,0.48217178136110306
19.39437402550097,6.2338553212816095,1.9910110615799175,0.7964612314356815,1.0618302670021649,0.24357643542008267,0.37474905504498635,0.8229578,0.5019079744815826
19.340162254478628,6.345174166022006,2.0164454194018586,0.6993935938538397,1.0402978549688096,0.21814207759814153,0.367038821340433,0.80935097,0.4929700195789337
19.27239745844305,6.456493011553371,2.0421547167608485,0.7464119350626888,1.0477037841669428,0.2320493502391514,0.37861636561895007,0.81464916,0.492608904838562
19.204632661351685,6.567811856293769,2.0654140160093055,0.7840525548494987,1.0594176111992428,0.24663040099069455,0.37402257898955393,0.82166016,0.5061959251761436
19.136867862048945,6.679130701034166,2.0936586332926503,0.6833736172037851,1.0337301725244736,0.21838578370734973,0.3681428560223916,0.8068144,0.4933931976556778
19.069103112391495,6.809002687355598,2.1259313849220027,0.7093163109002828,1.0534495054990787,0.22244532307799725,0.38074924321550485,0.80992883,0.48680926859378815
18.98778523383625,6.901768391305929,2.158652419210409,0.7553703376172245,1.0441537057295711,0.22475913478959075,0.3779908509281029,0.81493163,0.48537132889032364
18.90646740448401,7.013087236046325,2.1916299850353935,0.7816662827720198,1.0471700445809908,0.22568809896460662,0.37379009486598647,0.81886506,0.4869151934981346
18.825149572478125,7.12440608157769,2.223433065772984,0.8032261420565221,1.0539700143362294,0.22680160322701592,0.37050758629720104,0.822467,0.4887704700231552
18.743831685690875,7.217171785528023,2.2544277138123245,0.7122213733930179,1.0241195799904166,0.19580695518767532,0.3674960448806436,0.8077466,0.47003448754549026
18.648960875492158,7.347043771849454,2.280717486501667,0.7025202530702531,1.0430677990312818,0.2015588464983331,0.37996780624351967,0.80687785,0.4686054661870003
18.55408996076928,7.439809475799784,2.30970671868417,0.7210164668597536,1.039630383229783,0.20383330631582997,0.38057734160882917,0.8087584,0.4679734632372856
18.45921904346647,7.532575179750115,2.3405501581588726,0.7385523533510232,1.0377885080604146,0.20355830284112741,0.3789818341463935,0.81080747,0.4669611006975174
18.364348123583717,7.6253408837004475,2.3701285932818386,0.7523688484734742,1.0398693342083862,0.20392438471816154,0.37726590936441795,0.8128369,0.46734511107206345
18.269477199965433,7.718106588441746,2.3989775347569915,0.7634648444245714,1.0455679409263572,0.20445817424300872,0.37556781335138734,0.81487983,0.4684734120965004
18.14750022536472,7.810872292392076,2.4304102945188015,0.755196349255037,1.0346859592225444,0.20190095548119835,0.373858103343894,0.81306165,0.46731647849082947
18.052629248281157,7.885084855552339,2.460097134993407,0.7756738266324167,1.0321631494317522,0.20063083300659335,0.3754119176219818,0.8148561,0.4627225920557976
17.95775826913365,7.959297419503573,2.4823528899112675,0.7868538214871976,1.0379862428375524,0.20637615108873275,0.37387971257121333,0.8172673,0.46835241466760635
17.862887238190144,8.014956841873772,2.515623130635354,0.819025612808318,1.0226484441116594,0.20073015736464628,0.3718571110706408,0.81949043,0.4601667821407318
17.768016206854274,8.070616264243972,2.544101138398978,0.8443903261099064,1.0130590644102022,0.19953470460102185,0.3699983547454444,0.82121474,0.45471490919589996
17.673145222030907,8.144828827404236,2.5668859526375254,0.7472802843390823,1.0042781575004434,0.17674989036247446,0.3685595697922157,0.80850023,0.4469582438468933
17.578274139538657,8.18193510898437,2.590471121356817,0.7760648804557603,0.9875337173846626,0.18013759364318283,0.3793201970893817,0.8089964,0.4375121518969536
17.49695612918564,8.237594531354567,2.6260646286467035,0.8172072897815436,0.98572982830741,0.17123660935329665,0.3787932479830185,0.8129641,0.42566024512052536
17.402085043289564,8.274700813725667,2.6481287155905684,0.8412807870184806,0.9735936990969781,0.17561174740943164,0.3754450342460208,0.81430775,0.42334194481372833
17.320766936189067,8.293253954515734,2.676547018722626,0.787602635853996,0.929410641262044,0.14719344427737413,0.3743428549834452,0.80364203,0.40548225492239
17.225895896560548,8.348913376885932,2.6990231163660003,0.8019459081687538,0.9368407760153762,0.15092835863399978,0.3833684882549193,0.804587,0.40005583316087723
17.144577788096374,8.367466517675997,2.715622291550966,0.8379735274413155,0.9232401027803655,0.1603353834490342,0.38247954604034584,0.80648446,0.395979680120945
17.06325972559186,8.40457279925613,2.732496402026148,0.8655389226191221,0.9280109133403803,0.16928460597385175,0.38088471612585195,0.80984294,0.39797113090753555
16.968388635015042,8.441679080836263,2.7522994396695806,0.8826618021961897,0.9268450169312535,0.17514273533041935,0.3780620902671058,0.81180376,0.4002046026289463
16.873517498675902,8.46023222162633,2.778721736283035,0.811561336923687,0.886871828576666,0.14872043871696494,0.3764330458397148,0.80088454,0.3917887359857559
16.792199433591453,8.49733850320646,2.801277212561101,0.8429540344405501,0.8915612792880612,0.15168359643889895,0.3856782035377547,0.8023426,0.37859490513801575
16.71088132217878,8.515891643996527,2.8270175427803697,0.882741999944639,0.877331503168616,0.1513380902196304,0.3843534160176668,0.8039082,0.3654284030199051
16.6160101841074,8.534444784786594,2.856778140724629,0.9120671859146826,0.8565990791110422,0.14686646127537095,0.3830433964487666,0.8037427,0.35049309581518173
16.53469207177333,8.55299792557666,2.8775597948441205,0.8463285250302118,0.8341493441456234,0.12608480715587955,0.383196395136566,0.79517335,0.34716391935944557
16.439820931551232,8.571551066366725,2.897127774865359,0.8657144218160436,0.8256865200819442,0.1317172521346408,0.39043764736457487,0.7948267,0.3388223983347416
16.372055844622757,8.59010420794776,2.9060487101087276,0.90211084691752,0.8349525246987171,0.14792498689127243,0.39065823074798967,0.79947215,0.3438005819916725
16.277184704598,8.608657348737827,2.9224245115229786,0.917996315813457,0.8331799528974634,0.15662246847702166,0.38672969841861526,0.80163795,0.34959693253040314
16.195866546414837,8.608657348737827,2.934008087278337,0.8480133297649638,0.805731191370034,0.14503889272166326,0.38493846461719505,0.7931146,0.3559412397444248
16.11454843205367,8.627210489527894,2.9487386066326797,0.8752886634206313,0.8112589652306808,0.15534231636732043,0.3921602676915543,0.7951576,0.3519774526357651
16.03323027249377,8.627210489527894,2.9682775852689445,0.9095893045095084,0.7959931477677943,0.16081376573105555,0.39036130831562443,0.7966525,0.3454975187778473
15.938359131031623,8.645763630317958,2.98536553910467,0.8264552747602983,0.7839006339152502,0.14372581189532996,0.3891158286324181,0.78839666,0.3533521816134453
15.85704101552792,8.664316771108025,2.9973814669111665,0.9522115243025571,0.7982212425739448,0.08814259808883351,0.3961060796634014,0.79450697,0.2674483098089695
15.775722856681345,8.664316771108025,3.0118601235607563,1.0856933730598346,0.766436559103488,-0.03647214756075634,0.3908717716722758,0.79388595,0.12229384854435921
15.68085167136034,8.664316771108025,3.031781905875534,1.2113234387189638,0.7010135479838404,-0.16087251087553422,0.39144899857980686,0.7880943,-0.03163057938218117
15.599533553779628,8.682869911898091,3.0469251810619533,1.1390920244329716,0.6933738481287791,-0.17601578606195334,0.3963383133404047,0.78022367,-0.029479432851076126
15.518215352511591,8.664316771108025,3.053478231211186,1.2702258532769721,0.601331310291527,-0.2786282652111858,0.4029416262380735,0.77231526,-0.17652932927012444
15.423344209132923,8.682869911898091,3.0522594927297835,1.1733439978014941,0.6128942245010377,-0.27740952672978336,0.40955973852923555,0.76546174,-0.15132666006684303
15.34202605006521,8.682869911898091,3.060114402887404,1.304328103432224,0.5163538894233065,-0.371258810887404,0.41528612071865834,0.7577489,-0.2910257540643215
15.2607078909975,8.682869911898091,3.0561903053661728,1.2212700534669825,0.514531888613493,-0.36733471336617285,0.42174771353310203,0.7506511,-0.2698485441505909
15.165836746660567,8.701423052688156,3.0530095411511056,1.123486764999061,0.5285012521547083,-0.36415394915110566,0.42768210816996366,0.74422884,-0.24170469865202904
15.084518545195191,8.682869911898091,3.048448421801433,1.2518077940899424,0.4100337040440987,-0.43489754080143284,0.4330508458685113,0.7369373,-0.3755727596580982
14.989647400379129,8.701423052688156,3.039308715905056,1.1517382874931557,0.4302268649624762,-0.4257578349050557,0.43915994651344625,0.7342966,-0.36173107102513313
14.908329241090282,8.701423052688156,3.0292673828033654,1.2803947425939086,0.321202685634227,-0.48045929980336544,0.4413307326751553,0.73071283,-0.48572780191898346
14.827011081801434,8.701423052688156,3.0219997006235566,1.197289222925473,0.3207977097158421,-0.47319161762355666,0.4443380261591059,0.72806704,-0.48383210599422455
14.745692962612107,8.719976193478225,3.01394589501898,1.1116484241352607,0.33848030320164857,-0.46513781201897997,0.44654416286283205,0.7267117,-0.47168417274951935
14.66437480194652,8.719976193478225,2.996016311603591,1.2447711200932503,0.2259043345160355,-0.5019708046035909,0.44766763689806444,0.7338637,-0.5334782898426056
14.569503655471928,8.738529334268291,2.979954187381074,1.1443618525596049,0.2489111639122295,-0.48590868038107393,0.44161154801048774,0.73139167,-0.5045502036809921
14.488185495740808,8.738529334268291,2.9605643888888804,1.0593313583866781,0.2564113165031772,-0.46651888188888035,0.44376146794214155,0.7308176,-0.4716898053884506
14.406867375187804,8.757082475058356,2.9388503263471573,1.1994787316307418,0.15870515866450555,-0.4903783153471575,0.44422515505089744,0.74126804,-0.518253892660141
14.325549254192529,8.775635615848422,2.918595734792754,1.1126107135662557,0.18307587081867702,-0.47012372379275424,0.4353878704580749,0.73644954,-0.48082730174064636
14.24423113159938,8.79418875663849,2.899955511349246,1.0256097915282771,0.20233748459102127,-0.4514835003492461,0.4395488158645765,0.7342907,-0.4455803334712982
14.162913009719551,8.812741897428555,2.883857933985993,1.1779049923930258,0.09382210574427345,-0.4726036119859929,0.4413318313603688,0.74853873,-0.5024874061346054
14.081594887397449,8.831295038218622,2.8650325525877913,1.0926361794986565,0.1116230531036475,-0.4537782305877913,0.42927164782006677,0.7448349,-0.4703122079372406
13.986723737790081,8.849848179008688,2.8466616963921036,0.9942335778719558,0.12185125169480995,-0.43540737439210364,0.4325227114126726,0.74087864,-0.422045212239027
13.91895867927772,8.88695446058882,2.836378852087065,1.1650199380954556,0.025899700572704736,-0.4547619260870652,0.4358340115127354,0.7565121,-0.49153056740760803
13.8240875284541,8.905507602169854,2.8068343752203426,1.068046139091015,0.04665749633980495,-0.42521744922034266,0.42258756905486783,0.7518975,-0.4463469982147217
13.742769440321473,8.942613883749987,2.7818615021882493,0.9773727761918612,0.07941771543033445,-0.4002445761882494,0.4266202643974164,0.7449519,-0.3910466618835926
13.675004342372999,8.961167024540053,2.7612469652620995,0.9057180157645653,0.09161755237905705,-0.3796300392620995,0.4324503340909708,0.7409782,-0.34519870206713676
13.580133226783882,8.998273306120185,2.742288179206654,1.0635876597269887,0.0005563167417466013,-0.3833938042066536,0.43575060475594696,0.75517666,-0.39528099820017815
13.512368127840293,9.016826446910251,2.721220589983268,0.9939030990908528,0.012244668255738474,-0.362326214983268,0.42371711241870424,0.75243384,-0.3654746375977993
13.431050037841059,9.053932728490384,2.6998927408037625,0.9040401550988387,0.03222154534312779,-0.3409983658037623,0.42615567165300683,0.7473476,-0.3164728693664074
13.349731983260607,9.109592150860582,2.683015891346142,1.0761321509999349,-0.03437731852869893,-0.34046151634614175,0.4304301546336825,0.7585059,-0.3632253371179104
13.268413854033343,9.128145291650648,2.6629647831944676,0.9958799973789583,-0.03377794329982292,-0.3204104081944674,0.4209564781454087,0.75683886,-0.3302225060760975
13.18709579724152,9.183804714020846,2.647300427290604,0.8982969245014275,-0.007755361904477508,-0.30474605229060403,0.4224601745888471,0.75112927,-0.2851805351674557
13.105777703482953,9.220910996391947,2.631534494939253,1.086213447552419,-0.08639052982965087,-0.29932939393925295,0.4272708547500036,0.76386374,-0.3317459784448147
13.02445960883984,9.258017277972078,2.6106231561629016,0.9988709425891913,-0.07283876960150623,-0.27841805516290163,0.4164596320171944,0.7604969,-0.2961580269038677
12.943141548509825,9.313676700342278,2.5900665112165657,0.901731570884061,-0.04749448592071089,-0.2578614102165657,0.41941337126121625,0.75460225,-0.24510415270924568
12.87537647971458,9.350782981922412,2.5690190917579385,1.1083136726883644,-0.10367646870034604,-0.2414237407579387,0.42436597332710135,0.7644277,-0.28370582684874535
12.794058415907022,9.40644240429261,2.5473489040462227,1.011759356668548,-0.07904733898358293,-0.2197535530462229,0.4160120083314771,0.7593181,-0.2418348751962185
12.71274031735715,9.443548685872743,2.5209491776255817,0.9257612780362635,-0.06941785530376834,-0.19335382662558187,0.4204141645591001,0.75528234,-0.18786397203803062
12.64497528040564,9.499208108242941,2.507181024732993,1.1254115991395122,-0.10368479757617666,-0.17856840773299298,0.4237811574016912,0.76239675,-0.2259422279894352
12.563657214104921,9.554867531404108,2.492243344667361,1.0284113043759378,-0.09170179773642204,-0.16363072766736098,0.4177344215682164,0.7589728,-0.18963199481368065
12.428127134452337,9.666186376144504,2.4755970689980247,0.8544501764292535,-0.0707766402689991,-0.14698445199802457,0.42068877764848156,0.7523999,-0.12239346280694008
12.387468081589294,9.68473951693457,2.466108841742382,1.098230823378053,-0.11130499268043306,-0.1308270837423824,0.42621461983398634,0.7609029,-0.1694181226193905
12.306150010976392,9.74039893930477,2.458288150983857,1.0008652276741463,-0.11089029428683854,-0.12300639298385718,0.4189726998022901,0.7592706,-0.14211208000779152
12.238384967759329,9.796058361674968,2.451386768962251,0.9139139160724369,-0.10420627159943677,-0.11610501096225123,0.4204247085620053,0.7565144,-0.11024532094597816
12.170619956533423,9.8702709256262,2.4417961662961116,1.0992324890241185,-0.10909434456898502,-0.09403085429611169,0.42273974773698586,0.75947523,-0.13582250848412514
12.089301914815763,9.944483488786465,2.426195649350988,0.9907417620461417,-0.08925298306591038,-0.07843033735098803,0.42021409190930015,0.754607,-0.09202639386057854
12.021536835111087,9.981589770366597,2.411278109545814,0.9167265788183397,-0.09202765963531388,-0.06351279754581407,0.42435393591559023,0.7527946,-0.05394451320171356
11.95377181852797,10.055802333526863,2.4001529318420163,1.097447197889704,-0.082316090787614,-0.03378768984201619,0.42584436802994097,0.75551766,-0.08411842957139015
11.872453772240142,10.130014896687127,2.3944656963041,0.987809139909781,-0.07688609328083848,-0.02810045430409991,0.42352796474874255,0.7508854,-0.03699206933379173
11.804688721614982,10.185674319848294,2.397702241097572,0.9000008071347819,-0.08501385284963428,-0.031336999097571816,0.4274662714581362,0.75019675,-0.013993717730045319
11.723370640276931,10.241333742218494,2.4048371415724925,1.0750793361343487,-0.10848443697832605,-0.013312615572492525,0.4280089507525279,0.75715756,-0.05545653775334358
11.669158648780762,10.315546305378756,2.411201463616447,0.9844721608703196,-0.09621053798776301,-0.019676937616447177,0.4221202810340704,0.7530232,-0.03047627955675125
11.587840564789065,10.371205727748956,2.4177318945480453,0.8860326943865225,-0.11478992770937278,-0.026207368548045284,0.4256735066251214,0.75360465,-0.009116634726524353
11.506522479470547,10.426865150119156,2.419393954076799,1.0535347910099715,-0.12707581278490357,0.0044311909232011,0.4251465412433416,0.7578139,-0.030184973031282425
11.43875742175594,10.48252457328032,2.4268073086673336,0.9649030542912849,-0.13726355741130766,-0.002982163667333726,0.42159419778431895,0.7572273,-0.012315165251493454
11.357439333894341,10.53818399565052,2.431628634189249,1.1228626951405676,-0.1444036883713359,0.032347652810750915,0.4221254868151859,0.76530343,-0.060595955699682236
11.28967427501339,10.593843418020718,2.4378483504662225,1.0342611483127429,-0.15279782871502773,0.02612793653377743,0.4152942660428012,0.75972813,-0.008527189493179321
11.221909215026754,10.649502840390918,2.444960563392371,0.9454587514106355,-0.16093923821762862,0.01901572360762893,0.4200747947269531,0.7591156,0.011611320078372955
11.140591123405827,10.705162262761117,2.4555410043382944,1.0924203091686375,-0.165232512729895,0.057241489661705725,0.4205447196538028,0.7659311,-0.026319313794374466
11.072826091208741,10.779374826712349,2.459929070719511,0.9923031850090515,-0.15509434251752313,0.05285342328048914,0.414779547599753,0.75828457,0.028714880347251892
10.991507965777648,10.816481108292482,2.4682554745534366,0.9042679760153042,-0.1850533820593909,0.044527019446563454,0.42130003610671185,0.7597979,0.04510239139199257
10.910189870286818,10.87214053066268,2.475710732010186,1.041089670835383,-0.1756271654893166,0.09536572198981386,0.4199557952777474,0.7626263,0.015056382864713669
10.842424804440046,10.927799953032878,2.4874481764109726,0.9513126736221886,-0.18489866351955936,0.08362827758902736,0.41757867119481495,0.75443107,0.049392219632864
10.761106706406144,10.983459375403077,2.5050835956307047,1.0755136924243431,-0.17462424153522182,0.1345131993692954,0.4245290046883492,0.76608986,0.0028693601489067078
10.693341609157919,11.02056565698321,2.505196261391967,0.9989421280669682,-0.18517583546691654,0.13440053360803317,0.4146055492994648,0.7564978,0.03848782181739807
10.612023508802071,11.076225079353408,2.5096551750367433,1.1141467224558348,-0.14722007968708867,0.20913762796325663,0.4228119442920911,0.76877445,-0.006440635770559311
10.544258408666009,11.113331361724509,2.514012829330742,1.0368537416932189,-0.16182883378551666,0.20477997366925793,0.41235371447142855,0.75921637,0.029056932777166367
10.462940305988221,11.168990784094708,2.512431671810328,1.1410242300260303,-0.10128416254923767,0.29612339818967204,0.4205367419975323,0.7695225,-0.008740056306123734
10.381622201983614,11.224650206464906,2.5188077634572896,1.041837917955162,-0.11078037052320724,0.2897473065427105,0.41174422808026245,0.7573284,0.03640880435705185
10.313857128323331,11.280309628835104,2.5264782479405317,0.9534949200408234,-0.11241493947949395,0.2820768220594685,0.4221385461655863,0.7470373,0.07453947514295578
10.232538993949243,11.317415910415237,2.533157188147298,1.0561075463046354,-0.05955894207919232,0.37475721285270236,0.4307325914808967,0.75721693,0.03738129511475563
10.151220886295874,11.373075332785437,2.5350421072356317,0.9574529719433884,-0.06217296866329858,0.3728722937643685,0.42204286857416073,0.744916,0.08286699280142784
10.069902748775952,11.410181615156537,2.52984037751331,1.0482512511360937,0.020475721371455383,0.48497692748668975,0.4325264353420556,0.76790446,0.1474179606884718
9.988584638690075,11.465841037526735,2.52615980195812,0.9496377770621829,0.022835054086190906,0.4886575030418796,0.4129918804686876,0.7553237,0.19631551206111908
9.907266527277372,11.521500459896934,2.5292102841194635,1.0166014633296132,0.13117349342577403,0.5969231778805364,0.4238204182139582,0.78085965,0.3072446770966053
9.82594838781713,11.558606741477066,2.531340427761889,0.9289734233708672,0.11281509198850073,0.5947930342381107,0.40212927659343567,0.76774836,0.33682831376791
9.744630273971921,11.614266163847265,2.540889041302717,0.8314658844628078,0.10389238260093034,0.5852444206972827,0.4134277908933498,0.7488842,0.3309013694524765
9.676865191245017,11.669925586217465,2.5548720329534174,0.9014338746102191,0.22792436092462548,0.6831324072261689,0.4292586998702993,0.77565485,0.4431670606136322
9.59554704760697,11.707031867797596,2.564906363291657,0.8152764658703247,0.20563433796832573,0.6730980768879293,0.40647396332245433,0.7622238,0.4670199304819107
9.514228930113001,11.762691290958763,2.5744155261199833,0.7187063743135885,0.20112845474850774,0.663588914059603,0.418053689196479,0.74399096,0.4642195701599121
9.432910785640319,11.799797572538894,2.595036221323526,0.783206429016874,0.3151570210475458,0.7514387388560602,0.43334818691168997,0.7684475,0.5654855519533157
9.35159264028309,11.836903854119027,2.6104094870667813,0.6990491702344277,0.29388114101089924,0.7360654731128049,0.4125246729776153,0.7549853,0.5848608911037445
9.270274519250925,11.892563276489225,2.622305830223478,0.6042759038512089,0.2935114183112471,0.7241691299561084,0.42411113409088697,0.7374517,0.5840329974889755
9.175403337786745,11.929669558069358,2.6538129443954603,0.6590285637504427,0.4123057888319607,0.7943516437841258,0.4388145852635902,0.7604019,0.6840576082468033
9.10763822251585,11.96677583964949,2.6811752758454466,0.5928664341605077,0.39725390660063303,0.7669893123341396,0.41927012356397897,0.74999607,0.6978384852409363
9.026320073399294,12.003882121229623,2.7049673598539017,0.5127684044931546,0.38227426942693027,0.7431972283256845,0.4282605334856777,0.7331163,0.6798140406608582
8.931448890215933,12.040988403600723,2.7311542090307857,0.5705368455098216,0.5220337886968793,0.8095549221488008,0.44243730330553166,0.75898296,0.7955391108989716
8.850130715189497,12.05954154439079,2.7628276739548827,0.5043675775298462,0.49087294323586206,0.7778814572247037,0.42043318464541934,0.7469075,0.7971613109111786
8.75525950646482,12.078094685180854,2.7931005890201708,0.42349044524543267,0.4604228669467325,0.7476085421594156,0.4308593674280454,0.72764385,0.7617263793945312
8.673941352949315,12.11520096676099,2.827820582790294,0.5084160224576878,0.6167146318182128,0.7950357723892925,0.44703663014657236,0.7629455,0.8575181663036346
8.592623176338062,12.133754107551052,2.86442641208879,0.4473543727884343,0.5932885182588906,0.7584299430907961,0.417038090996918,0.75631446,0.8550376147031784
8.497751965881145,12.15230724834112,2.9010253001283797,0.3722040940862076,0.5719376464359113,0.7218310550512066,0.4229425802585274,0.7375868,0.7968289852142334
8.402880754908242,12.170860389131189,2.938343961341301,0.46760238620292527,0.7178692719800779,0.7559455168382851,0.43871206486687075,0.7766735,0.8847849369049072
8.321562554266773,12.170860389131189,2.976933364374558,0.4147312261383257,0.6859654413133551,0.7173561138050282,0.40551847712291356,0.76726055,0.8566941320896149
8.22669131902946,12.170860389131189,3.013836202127853,0.3456591326148275,0.6581096598380922,0.680453276051733,0.41380618886264386,0.7479493,0.7935802042484283
8.145373118387988,12.170860389131189,3.0487033108901174,0.4734915984142771,0.7969612808145905,0.7066301362894687,0.4300450879643388,0.78739226,0.8693682998418808
8.050501884306275,12.170860389131189,3.087021420402447,0.40894460459550325,0.7730627379210774,0.668312026777139,0.3965456993821296,0.77864134,0.8453812897205353
7.9556306502245615,12.170860389131189,3.1189584721159136,0.33857427983570343,0.7574631047379006,0.6363749750636725,0.404276925539363,0.7518851,0.7792584896087646
7.8878654830233375,12.170860389131189,3.150767162544647,0.2947305421086867,0.7469338541603798,0.6045662846349389,0.4268138493656498,0.73411745,0.7173208445310593
7.77944119319034,12.15230724834112,3.1769514444004687,0.410592826443862,0.8739390491287101,0.6297186337791176,0.44160562860064256,0.7754347,0.7802575528621674
7.698122971835712,12.133754107551052,3.217123615397135,0.3628737708271306,0.8443799533082502,0.5895464627824514,0.40653658875242016,0.75806683,0.7428429573774338
7.616804750923354,12.11520096676099,3.2471096114348565,0.3052064325006509,0.823235449646123,0.5595604667447298,0.4215664949323763,0.7379102,0.6896511316299438
7.521933497160453,12.096647825970921,3.277998649878421,0.45537474343226764,0.9501993782357229,0.5711225323011653,0.4384524770639594,0.786376,0.7413734123110771
7.440615277169502,12.078094685180854,3.308068445427337,0.40046849337123225,0.9312572970464773,0.5410527367522495,0.3973205629381935,0.7674882,0.710050567984581
7.3457440232461115,12.05954154439079,3.3406239129137183,0.3339017699211254,0.9182997546641396,0.508497269265868,0.41369577609186226,0.7446235,0.6612477153539658
7.250872751276265,12.022435262019687,3.3771579701732777,0.5035716171432725,1.0231317325658584,0.5063497360063085,0.43285715934548086,0.79480445,0.6953884959220886
7.183107546481759,11.985328980439554,3.404200094891705,0.4559770481481739,0.9908993407802466,0.47930761128788113,0.39025282645913395,0.7863166,0.6842461451888084
7.0882362957042035,11.966775839649488,3.443870152188458,0.3988239697469864,0.9825666137927803,0.43963755399112836,0.3978527858744305,0.7690743,0.6627492308616638
6.993365026424858,11.929669558069357,3.4786598252784393,0.5837067954843984,1.0809598101169562,0.43190961990114696,0.4123498565367689,0.8076833,0.6555845662951469
6.925599823952289,11.892563276489224,3.5158582880627294,0.5468638679133662,1.0487406020026173,0.3947111571168569,0.37957276909873416,0.8027883,0.6454537957906723
6.830728555433862,11.855456994909092,3.5500387581717154,0.480578829145989,1.0330670518920528,0.36053068700787083,0.38403774694685966,0.7935448,0.6437620744109154
6.762963336191738,11.799797572538893,3.5852390223275803,0.6987056264439013,1.0905485636316887,0.3456861838520058,0.39180564961940856,0.81912434,0.592378169298172
6.681645103632837,11.762691290958761,3.6151554008852615,0.6417216062005189,1.0732242384224338,0.3157698052943245,0.37010828835114995,0.8121646,0.5861558243632317
6.600326854009527,11.707031867797594,3.643539649350562,0.5738546525210411,1.0449108218795793,0.2873855568290242,0.37620759809321436,0.8007911,0.577580600976944
6.532561638121313,11.651372445427395,3.663793308390298,0.7851763862662905,1.098600020102764,0.28126340378928827,0.3857594500338114,0.82594746,0.5316807478666306
6.451243389885481,11.595713023057197,3.683945044381537,0.7087766042811922,1.0768558396152068,0.26111166779804895,0.3644018795917391,0.817042,0.5354342758655548
6.383478176319205,11.540053600686997,3.710935810161748,0.6504996535818853,1.0469868758927976,0.23412090201783808,0.37214231658811214,0.80476266,0.5089391767978668
6.315712963858612,11.484394178316798,3.7270029076468134,0.8631813042272352,1.0926532339109016,0.22630175653277274,0.3824433450792142,0.83083206,0.4767531305551529
6.2479477525037055,11.4287347559466,3.747637457204976,0.7981408420326636,1.067464135379231,0.20566720697460994,0.36030659936348053,0.8230378,0.4793551489710808
6.166629510399052,11.373075332785435,3.7711351938079973,0.7245010251410976,1.051305486206612,0.18216947037158882,0.3671156392078665,0.81058437,0.4594697952270508
6.098864301366081,11.317415910415235,3.78758382986299,0.9413391196888692,1.084400163480532,0.1682859503165961,0.3775731345316533,0.832827,0.40788908675312996
6.0310990934387965,11.261756488045037,3.805587436137714,0.8730399290727231,1.0652055212213627,0.15028234404187213,0.35866921481701175,0.8276518,0.42363080009818077
5.963333869244882,11.187543924884771,3.8233965225797077,0.7924870189274364,1.0345732685318345,0.13247325759987838,0.3632322859109901,0.8138896,0.4098314084112644
5.895568663713246,11.131884502514573,3.856050849733867,1.0272605269765762,1.0385608640934785,0.09676387044571921,0.3748183810703807,0.8301185,0.31652064248919487
5.827803459287293,11.076225079353406,3.879911657599725,0.964166119425712,1.018199599675643,0.07290306257986146,0.3609859691863374,0.8240939,0.32184917107224464
5.773591271421462,11.002012516193142,3.905185553459443,0.8991092566380633,0.9773897611802267,0.04762916672014317,0.3662162558505758,0.8124612,0.30683302506804466
5.719379084735028,10.927799953032876,3.9201295638363733,1.110619471770845,0.9559675764747021,0.023935305343212754,0.3759958396653421,0.8225048,0.21456622704863548
5.651613868404534,10.853587389872613,3.939322665659703,1.0283197361808611,0.9311559700672135,0.00474220351988297,0.36740922297209777,0.814016,0.22410043329000473
5.597401699445916,10.797927967502414,3.9561511953454387,0.9661556204556749,0.9149620780756511,-0.01208632616585259,0.3746698112664695,0.805456,0.21838132292032242
5.5296364845766055,10.723715403551179,3.9688965048920286,1.1605496806502018,0.8910316265520626,-0.03948909371244236,0.3818320783210406,0.8141772,0.12952866032719612
5.488977348099969,10.668055981180983,3.9773165194224482,1.0994561052021334,0.8740610479972674,-0.047909108242861986,0.37438931140539655,0.8085747,0.14270783588290215
5.434765167163094,10.593843418020716,3.9811077277548526,1.0113199086519868,0.8606767660364865,-0.0517003165752663,0.37919897809721603,0.7996425,0.157976433634758
5.380552987405616,10.519630854860452,3.984768613278857,1.1999329027415577,0.8269276071544105,-0.07627923209927046,0.3867003118704192,0.80699724,0.0710223875939846
5.326340808827533,10.445418290909219,3.986176481517023,1.1096083774442638,0.8164913087078888,-0.07768710033743664,0.3804091102941167,0.80021334,0.09871520474553108
5.25857560156365,10.371205727748954,3.9961793580371805,1.0172515686327996,0.8077438444808277,-0.08768997685759405,0.38620574462877333,0.7909224,0.10997072979807854
5.204363425491786,10.296993164588692,3.999688992230213,1.1972120517177955,0.7645638129261371,-0.11887213205062697,0.3940004312765073,0.79615957,0.01785040646791458
5.150151250599318,10.222780601428425,4.00681920022703,1.1109844943779195,0.749152225722657,-0.1260023400474437,0.38949605984780555,0.78848153,0.037105973809957504
5.095939076886247,10.148568037477192,4.019591590398917,1.0287334153808279,0.7292168226825531,-0.1387747302193305,0.3960305397017102,0.7784211,0.04042166844010353
5.055279946219823,10.092908615106994,4.016360172359266,1.2161949488729893,0.6835000995696281,-0.17060054417967985,0.4044682222309992,0.78378505,-0.055385712534189224
4.987514731842695,10.000142911156663,4.008042106060304,1.0958964279132937,0.6851630107300443,-0.16228247788071792,0.39985026776724164,0.7764524,-0.010051026940345764
4.933302561667815,9.925930347996397,4.013186450200149,1.2554766291502588,0.6202758735146799,-0.21061765602056326,0.4060939454746222,0.77702814,-0.11373724415898323
4.879090392672333,9.851717784836133,4.00986993656493,1.1617435125648206,0.6178600290585161,-0.2073011423853437,0.40554491181771535,0.7702089,-0.08433142676949501
4.811325196170445,9.7775052208849,4.00142053497023,1.0560270607911109,0.6305728974439955,-0.19885174079064427,0.41131399836796434,0.76342756,-0.049570534378290176
4.75711302968118,9.703292657724635,3.9937738005258057,1.1962467511207013,0.571830986168303,-0.24335438134621956,0.4169878635861516,0.7635879,-0.14288130030035973
4.716453892762263,9.62908009456437,3.9842092347331253,1.108272359076824,0.5642043291603012,-0.23378981555353917,0.4167956092898295,0.75695723,-0.11109324172139168
4.6486887128825085,9.573420672194171,3.9759161759726616,1.2413524204509558,0.5198159394104378,-0.8343235219726615,0.4224017334375282,0.7570852,-0.913263350725174
4.594476536134167,9.480654967452873,3.9676442370051435,1.1320589611631569,0.5070514008972329,-0.8260515830051434,0.4222375115685535,0.7540867,-0.9193946868181229
4.540264374362488,9.406442404292608,3.967369524915694,1.251730750339988,0.4195378851468567,-0.35123374373610794,0.4247734978429176,0.74308854,-0.2852873466908932
4.472499198131494,9.35078298192241,3.9645867886347608,1.1636674914677725,0.4348538964281865,-0.34845100745517454,0.4340437051271896,0.73694545,-0.26275699958205223
4.418287038718612,9.276570418762144,3.9564246071455913,1.2661579791299566,0.3439829234396145,-0.423364763966005,0.4391431161947452,0.73101646,-0.3908216170966625
4.364074880485124,9.202357854810913,3.9465173283917743,1.1716191464581758,0.3441433799459918,-0.41345748521218795,0.44410327901861224,0.72755134,-0.38578009232878685
4.29630970771861,9.146698432440713,3.9384850809676486,1.081646923346436,0.36310553740727847,-0.4054252377880623,0.4469823770082525,0.72599804,-0.3734068535268307
4.2420975518439175,9.072485869280447,3.935888932519584,1.1737572479077742,0.25296277724971067,-0.4962343513399978,0.4482664253169416,0.73064053,-0.5133459866046906
4.1743323688551826,8.998273306120183,3.9235908563667827,1.0701802643757408,0.2624779473349783,-0.4839362751871965,0.4443297772164583,0.7315545,-0.4938717633485794
4.106567199663715,8.942613883749985,3.9159161283401684,1.1514681001516773,0.1667695716184158,-0.578651279160582,0.44359665414830074,0.74397457,-0.5987138450145721
4.05235504747464,8.868401319798751,3.901641449066802,1.0585479363331194,0.16674924810921773,-0.5643765998872157,0.433106611091963,0.74585253,-0.5834516882896423
3.971036853798977,8.812741897428554,3.8850725317327224,1.117104630364895,0.07576761637364435,-0.6567205645531362,0.4316242656489474,0.75831413,-0.6847402006387711
3.91682470411612,8.73852933426829,3.8593185860244477,1.0251372711067406,0.08425848005294256,-0.6309666188448615,0.42110660165503266,0.7586823,-0.6574923098087311
3.8355065026638036,8.664316771108023,3.8449050906626425,1.06307525321324,-0.03818287769452769,-0.7285364586626426,0.42090059608907804,0.7740373,-0.7565075308084488
3.767741339553605,8.608657348737825,3.8222436738340098,0.9759764876469422,-0.014696242392703973,-0.7058750418340098,0.40792469066163406,0.7737203,-0.7381652593612671
3.6999761663317523,8.534444784786592,3.7955861276714042,0.8770908906347823,-0.006350887511991849,-0.6792174956714043,0.40832235759529056,0.77297276,-0.6972962915897369
3.632211005617205,8.478785362416394,3.768976905974551,0.9352258843289045,-0.12790526341240674,-0.7636870229745507,0.4089502163195625,0.78657836,-0.7816542387008667
3.537339794017745,8.423125940046194,3.748977299961253,0.8279278141776285,-0.10073608088495505,-0.7436874169612531,0.3974445537196686,0.786609,-0.7639126777648926
3.469574635735704,8.367466517675995,3.7272045991150584,0.8819990443936128,-0.24341821578127693,-0.8282715221150583,0.39753371627834855,0.8018194,-0.8451935350894928
3.388256452785188,8.311807095305797,3.706902202847405,0.7882764949408176,-0.22890237394211116,-0.8079691258474049,0.38467707513719895,0.8024605,-0.8275039196014404
3.293385236541848,8.237594531354565,3.6829421195713716,0.6739870500369566,-0.22466605105172646,-0.7840090425713715,0.3842637804823008,0.80260473,-0.7883851379156113
3.2256200897090204,8.200488249774432,3.650326091679735,0.7437745091642975,-0.3614163886064535,-0.849982513679735,0.3841459997266864,0.8158288,-0.8514413833618164
3.1443019107389705,8.144828827404234,3.620666471156282,0.6563451019370489,-0.3511097848580043,-0.8203228931562818,0.37297026030156977,0.81545633,-0.8198781609535217
3.0494307077638556,8.089169405034035,3.584064594241781,0.559187226124327,-0.33653427474572833,-0.7837210162417807,0.373396827086242,0.8134517,-0.7684659361839294
2.968112531558019,8.033509982663837,3.5499020183412258,0.4736222717981617,-0.33603415115468704,-0.7495584403412257,0.3750868596130884,0.8121955,-0.7173525542020798
2.8867943645293725,7.996403701083704,3.5223095581261337,0.5450147767067854,-0.4865721686068209,-0.8108331281261338,0.3761317168030246,0.82700163,-0.7765149772167206
2.778370139526367,7.940744277922537,3.497364290389222,0.4359602004811071,-0.4872349245835909,-0.7858878603892223,0.36360717934699693,0.827102,-0.7426943182945251
2.6970519819697585,7.9221911371324705,3.462911794218224,0.3694689390399561,-0.46385064838550877,-0.7514353642182243,0.3636475889056717,0.8208988,-0.6922341138124466
2.6021807928157124,7.885084855552337,3.4385458359448133,0.4377202525502533,-0.6275235760717777,-0.8053308449448133,0.36889012891142636,0.8362684,-0.7459718883037567
2.5073096046936385,7.847978573972206,3.412975727501314,0.35227539288519594,-0.6264437725838562,-0.7797607365013142,0.3558473451477976,0.8231023,-0.6853835731744766
2.425991442382583,7.810872292392073,3.3878394353715597,0.27999855513968314,-0.6335562759850764,-0.7546244443715597,0.3671057232269901,0.8120435,-0.6121861785650253
2.3311202550951426,7.773766010811942,3.36275034490506,0.19510399286863161,-0.641724367165287,-0.7295353539050602,0.3763399909522229,0.79493004,-0.5121650099754333
2.2362490821578174,7.773766010811942,3.3337896859971696,0.29198657528151506,-0.7833842563788682,-0.7681816649971696,0.3907118526180836,0.8217561,-0.6029268503189087
2.1549309222055566,7.73665972923181,3.3068156685260948,0.22669511476704526,-0.7984505547390274,-0.7412076475260947,0.36789485540987354,0.80948657,-0.544551432132721
2.0600597441820776,7.718106588441743,3.2798695561615645,0.15160242052074274,-0.7973522080994532,-0.7142615351615644,0.3784931963227096,0.79393303,-0.45113474130630493
1.965188566674585,7.699553447651677,3.259565380397242,0.2526871340118523,-0.9707604011215446,-0.7513940773972418,0.3915329860586295,0.8244085,-0.5490359514951706
1.8703173885274789,7.68100030686161,3.2363287493912396,0.178973300730668,-0.974122926378601,-0.7281574463912395,0.3656448929049858,0.8084772,-0.4828294962644577
1.7889992365361547,7.662447166071545,3.228594848285418,0.10387893317826807,-0.9841266772775952,-0.720423545285418,0.37936878959752474,0.77546376,-0.4369337372481823
1.694128065146789,7.662447166071545,3.2183957356167845,0.019319075251062925,-0.9757368007081456,-0.7102244326167844,0.4071343728917671,0.74055177,-0.41310610994696617
1.5857038649610544,7.643894025281479,3.209174869726401,-0.08111433192338725,-0.9867060006518646,-0.701003566726401,0.43636416545276413,0.6936968,-0.4077027402818203
1.490832689775501,7.625340883700445,3.1935188947571334,0.02994783670507637,-1.1738305154687634,-0.7333674857571335,0.475673468194842,0.7310677,-0.40208736434578896
1.3959615177465217,7.625340883700445,3.1844176937220516,-0.05415447280190809,-1.1694477230092772,-0.7242662847220518,0.44369465079453674,0.6567747,-0.5325511991977692
1.287537318961322,7.606787742910378,3.1681362919090215,-0.14398630326524636,-1.1858433676974045,-0.7079848829090216,0.5068065446658419,0.6264124,-0.4432418495416641
1.1791131239723096,7.606787742910378,3.1497980781970445,-0.23063760803946054,-1.187394626639608,-0.6896466691970446,0.5318375043690717,0.5753532,-0.4382721930742264
1.070688926071659,7.588234602120312,3.137690497669382,-0.12391137317507324,-1.3840189772421707,-0.7169763156693816,0.574742176837286,0.6066752,-0.39075611159205437
0.9622647302218955,7.588234602120312,3.1227798458514644,-0.2116667481450457,-1.3877523014408102,-0.7020656638514642,0.5478399223307717,0.516825,-0.5385507941246033
0.8538405355277325,7.588234602120312,3.1000282167969178,-0.28837161679639256,-1.3967137822038047,-0.6793140347969175,0.6240498967495224,0.50980794,-0.3899821452796459
0.7454163408335697,7.588234602120312,3.0792429853556587,-0.15621405289431198,-1.5836027837909397,-0.6901816443556585,0.6292185963502048,0.53624207,-0.40376145765185356
0.6505451704761772,7.588234602120312,3.060731370705172,-0.22143509722370538,-1.5938861136331426,-0.6716700297051719,0.6068249136161286,0.46308905,-0.5334449112415314
0.5421209757820143,7.588234602120312,3.041300112861201,-0.29830338555292196,-1.608743627376342,-0.6522387718612008,0.6688774348731775,0.4318701,-0.4938043802976608
0.433696779932251,7.588234602120312,3.0246547757415025,-0.37916893664944906,-1.6261359174979004,-0.6355934347415024,0.6946430146362244,0.3904397,-0.5862139761447906
0.32527258612263654,7.606787742910378,3.0080555518297403,-0.2376452507884901,-1.796581334745991,-0.64356167382974,0.7294021478863708,0.43678933,-0.47645241022109985
0.2032953667599976,7.606787742910378,2.990907436269328,-0.3273988646268544,-1.8187028462444434,-0.626413558269328,0.6898800568642562,0.35613894,-0.7193069756031036
0.08131814761849585,7.625340883700445,2.971952131348654,-0.4162266360810735,-1.826888051487774,-0.6074582533486539,0.758440603950722,0.33618742,-0.7167397439479828
-0.0271060488209664,7.625340883700445,2.953193322080179,-0.2537345648715026,-2.01755418002098,-0.606751687080179,0.7746179304793787,0.37498015,-0.6169378310441971
-0.1490832693261471,7.662447166071545,2.919593652146861,-0.31296882332998055,-2.015600512640457,-0.5731520171468607,0.7416687264563298,0.3178451,-0.7811610698699951
-0.2710604904210268,7.68100030686161,2.884239312368438,-0.36421019447417197,-2.038507215972348,-0.5377976773684376,0.7902884878112796,0.2991016,-0.7734965085983276
-0.39303771217931777,7.699553447651677,2.8506447016773664,-0.1661930617228511,-2.2095388743282824,-0.5161707926773662,0.8056442201304149,0.35683614,-0.5899551957845688
-0.5285679617887753,7.73665972923181,2.812235992508932,-0.22147284671420797,-2.2230142728362856,-0.477762083508932,0.7566936959650832,0.2877322,-0.7997440844774246
-0.6505451870115478,7.773766010811942,2.769107618289992,0.010711059946406809,-2.3645177826729618,-0.4408066692899921,0.8155895118462746,0.38918614,-0.4955235868692398
-0.7860754404778462,7.82942543318214,2.730273785251185,-0.043976732857164205,-2.365489633073936,-0.40197283625118496,0.7292521734391453,0.30758405,-0.723921462893486
-0.9080526723846467,7.885084855552337,2.6899691012082543,0.1896760334307109,-2.4716894771395492,-0.36219685320825423,0.7990852515459249,0.42441022,-0.40787557885050774
-1.0300299051260806,7.940744277922537,2.6501994973001928,0.15399065842792337,-2.47067567316107,-0.32242724930019273,0.6996459907289831,0.35064375,-0.6362061500549316
-1.1655601650053549,7.996403701083704,2.6091753777442435,0.11016575865373386,-2.483123703828348,-0.2814031297442434,0.7629874536439955,0.33327043,-0.5553870648145676
