0.06776504410152885,8.298824435301653e-18,0.0013726022467017175,0.9322340777160679,-0.0012795873931217212,-0.0013726022467017175,0.9442115343928682,1.3112722446124752,0.008339699573276528
0.06776504410152885,8.298824435301653e-18,0.0013726022467017175,0.9322340777160679,-0.0012795873931217212,-0.0013726022467017175,0.2105932116590845,0.5603843998378737,0.016068735412438306
0.06776504410152885,8.298824435301653e-18,0.0013199359690770508,0.9322341438142868,-0.0012304900926216294,-0.0013199359690770508,0.5906061830171165,0.9493513769284596,0.012142085778632718
0.06776504410152885,8.298824435301653e-18,0.00033551397267729034,0.9322349034278016,-0.00031277784765392863,-0.00033551397267729034,0.25805301032405414,0.6091271259237621,0.017084520807672657
0.06776504410152885,8.298824435301653e-18,0.001734988265670836,0.9322335527993174,-0.0016174158978784212,-0.001734988265670836,0.5489344642781844,0.9066322807767735,0.011974476326593268
0.06776504410152885,8.298824435301653e-18,-0.001043829615227878,0.9322344480261118,0.0009730942786067277,0.001043829615227878,0.29457570483179885,0.6467293994830987,0.018715737521459382
0.08131805292183462,9.958589322361984e-18,-0.008637740458361803,0.9186476756038802,0.007935237546364913,0.008637740458361803,0.5167879741830994,0.8703542303585226,0.027092761586672637
0.12197708053835096,1.493788412506304e-17,-0.011042280378751455,1.0779571974078832,0.011903589423317585,0.011042280378751455,0.3255592057687432,0.7339822349410126,0.037344717356646594
0.14908309817896254,1.8257413899183708e-17,-0.01791772931348533,1.0507482105133823,0.01882903704528448,0.01791772931348533,0.44273245675119133,0.8449419668069196,0.04594183245368923
0.20329513346018557,2.4896473447425024e-17,-0.016554382923059167,0.9965682973734447,0.016499080409000593,0.016554382923059167,0.3477780854889544,0.7274756391418622,0.04300056098977218
0.2710601782988392,0.018553140790066248,-0.026437753248028453,0.9291056433580543,0.00600956367603642,0.026437753248028453,0.4480096118427894,0.806572736878719,0.04060245653089356
0.33882522258464925,0.018553140790066255,-0.022191669275052846,1.0613251810405921,0.004998734324742621,0.022191669275052846,0.38015480497099474,0.7853974534000384,0.04013167781254444
0.37948424915613527,0.018553140790066258,-0.022319115954451265,1.0206756353607185,0.004226598465266466,0.022319115954451265,0.39873060213689804,0.7893805069007598,0.03858987950566106
0.4879083200134313,0.018553140790066272,-0.02300341264810414,0.9122771186972323,0.0024311386988396986,0.02300341264810414,0.39517838625020807,0.7457193579736356,0.035499343390995995
0.5692263743120024,0.018553140790066282,-0.02236785410437734,1.030930736988417,0.004505771817956595,0.02236785410437734,0.43211610426419933,0.8273566439295325,0.038702485657849145
0.6369914168655691,7.800894997487566e-17,-0.022863460187800236,0.9627568935989609,0.022015790203022065,0.022863460187800236,0.3627472804489358,0.7312868246305042,0.051062864515451875
0.7318624786077097,8.9627304184298e-17,-0.03099049911368639,1.0676246369111981,0.033096816558363724,0.03099049911368639,0.44463872400627347,0.8552352409122238,0.06690817456068215
0.8267335425980805,0.018553140790066314,-0.037048151199705906,0.9732858001478254,0.017509065293894635,0.037048151199705906,0.3390591963950139,0.7131106836825335,0.059388587582047896
0.9216046020919905,1.1286401260314262e-16,-0.04169221691321583,1.0774582781437227,0.044947670559650724,0.04169221691321583,0.46023799291112844,0.8765578551104882,0.08396137118786386
1.0164756649897297,1.2448236695408498e-16,-0.042235990432091065,0.9826472212622046,0.04152777507960562,0.042235990432091065,0.3208814313838271,0.6988947106713594,0.08130667960642261
1.070687700270953,1.3112142650232632e-16,-0.04102154887747019,0.928530501115579,0.03811113912941775,0.04102154887747019,0.4724350434805381,0.8337801378585084,0.07509673489256993
1.1520057500600076,-0.01855314079006607,-0.04171547203790396,1.0463088039533672,0.06224189674277136,0.04171547203790396,0.35691498447423786,0.7593643893844453,0.09695826067239623
1.2333237926989526,-0.0742125631602647,-0.03868054721038788,0.9630832675845261,0.11153929348649363,0.03868054721038788,0.42096602249357074,0.7938988031163924,0.12791782095782558
1.3281948570210296,-0.05565942237019847,-0.03848321395460515,1.068870167042631,0.09685453949615988,0.03848321395460515,0.39113718952925725,0.802418241757184,0.11970839897523013
1.4230659141192843,-0.07421256316026467,-0.0419571315916255,0.9729614814175213,0.11512457758544976,0.0419571315916255,0.38423488875340195,0.7604845712914732,0.13369450773484626
1.5179369759850494,-0.07421256316026467,-0.04447367507498709,1.0776936724388462,0.12224663944857189,0.04447367507498709,0.41974605101940043,0.8360223434940446,0.14274927057339012
1.612808036695215,-0.07421256316026466,-0.03783189615234731,0.98367865484476,0.11149789660426633,0.03783189615234731,0.3555467728373184,0.7344310983766755,0.12835987646490754
1.7076790974053808,-0.07421256316026464,-0.04007448693737386,1.0884706712493193,0.11791546381198614,0.04007448693737386,0.44205320383501223,0.8621407503800508,0.13615190131045518
1.8025501581155465,-0.07421256316026463,-0.04456056188791989,0.9931538565349864,0.11857111307490012,0.04456056188791989,0.33324854776842583,0.716192311850164,0.13921725929116976
1.8974212188257125,-0.07421256316026462,-0.04163232726976275,0.8987079472323551,0.11171385920414917,0.04163232726976275,0.4576915218956804,0.808118971317807,0.1285708585097866
1.9922922752736114,-0.0927657039503308,-0.045488487984985115,1.0024470122978817,0.13849303895028833,0.045488487984985115,0.3787511158610577,0.7664503879559836,0.1541455500796163
2.1007163443618078,-0.09276570395033079,-0.049955520909279585,1.0941227575141474,0.13068726772287867,0.049955520909279585,0.41475860881755555,0.837889686551785,0.15359176577949302
2.19558741078469,-0.07421256316026459,-0.04884992057457566,1.0004146428874094,0.10631391616185515,0.04884992057457566,0.354018377769442,0.7407402241224099,0.13361211621101124
2.276905456630128,-0.09276570395033078,-0.04355056416243315,0.9189153018175139,0.11600611616128326,0.04355056416243315,0.436736044648835,0.79446829728093,0.13385489940301123
2.3582234956203054,-0.1298719855304632,-0.04569951429963111,1.0378266800893132,0.11017864123203841,-0.2008965222003689,0.3904981555426863,0.7532937139194148,-0.05897359946515443
2.4530945567120894,-0.12987198553046317,-0.042774011800065626,0.9433602808557573,0.10308523096636875,-0.20382202469993438,0.4257610968741887,0.7539326659221987,-0.06885036905504702
2.5615186252105864,-0.12987198553046317,-0.044114129627123466,1.0383667297313997,0.025506708862156047,-0.3490932387728765,0.4248684282606203,0.765307807654601,-0.23705731840978392
2.6428366693974934,-0.14842512632052937,-0.052616267176344975,0.9559310877033123,0.04858480417774857,-0.340591101223655,0.415263139141543,0.7263969473979366,-0.2153127041671599
2.7377077365206444,-0.12987198553046314,-0.05475289486348628,1.068060368387762,-0.07615359379709863,-0.4639937634365137,0.44824646644870225,0.7819286263304874,-0.4006291929818702
2.8325787887538763,-0.14842512632052937,-0.05965535951778292,0.9726124437751559,-0.058052644435116936,-0.4590912987822171,0.4009815216980721,0.6990729434026766,-0.3852105812439885
2.941002866110925,-0.1298719855304631,-0.06963483003899454,0.8662729301401919,-0.07439592634475703,-0.4491118282610055,0.4714834011187883,0.7333360418083029,-0.39232050877565716
3.0223209092658574,-0.14842512632052934,-0.07850965688005088,0.9950126062749489,-0.18192980227288588,-0.5437684602199492,0.4418193741665908,0.7354298748678553,-0.5415728404631527
3.130744977469505,-0.14842512632052932,-0.08048659995198247,0.8872972593341019,-0.18867963036602864,-0.5417915171480175,0.4403463166716197,0.6943246246727925,-0.5472573284389427
3.225616028375912,-0.16697826711059552,-0.09712125599384303,0.7940899373639734,-0.1646281312912174,-0.525156861106157,0.47510300962378327,0.6980966280365721,-0.5191305278354112
3.3069340804631087,-0.1669782671105955,-0.10612142011523244,0.9315965949786045,-0.31428580419251956,-0.5993602641847676,0.47156736335331917,0.7331307047577371,-0.6830425605544046
3.4153581483719058,-0.1669782671105955,-0.11615085057914254,0.8270082815891634,-0.3174920209449343,-0.5893308337208575,0.4419920844448434,0.6656833453850904,-0.6794737699822612
3.510229198246338,-0.1855314079006617,-0.12969173111021515,0.7347577007149744,-0.30013703596311003,-0.5757899531897849,0.4992940252670175,0.6923726690700909,-0.6588560128429206
3.5915472391898957,-0.20408454869072787,-0.14614796519279472,0.6564441145429049,-0.2814924495629513,-0.5593337191072053,0.4761633161491501,0.6423522517095257,-0.6338643700812738
3.6999712964472415,-0.22263768948079407,-0.174174758940935,0.7847272937186837,-0.42023941944027227,-0.596859918759065,0.518671642593979,0.7268319510522021,-0.7617748474367034
3.7812893375881353,-0.24119083027086027,-0.1991959100961684,0.7116140642651176,-0.3983801884522476,-0.5718387676038316,0.4468447183901427,0.6302356922423507,-0.7271051009818384
3.876160385435475,-0.25974397106092645,-0.22392627105116833,0.6246252342987536,-0.38363879056734684,-0.5471084066488316,0.5292056871274047,0.6862399892416704,-0.6997625842641779
3.9710314327668277,-0.27829711185099265,-0.2581880922615527,0.7892162381916477,-0.5251593116533284,-0.5634571658384473,0.48104751141551005,0.6946211570856728,-0.8113380028617766
4.065902479582192,-0.2968502534320268,-0.28483453795313823,0.7066661173667441,-0.5127985990095825,-0.5368107201468617,0.4744453698883363,0.661495527561033,-0.7831893100288265
4.160773514566705,-0.3339565350121593,-0.31267883479595165,0.6189836326923444,-0.4868017921613315,-0.5089664233040483,0.5025090161618749,0.6622065973010958,-0.7446686190133059
4.242091541591661,-0.37106281659229173,-0.34149562716484055,0.8098966324307028,-0.6127876008023931,-0.5181338218351594,0.5016273869296124,0.7299101202824799,-0.8392487728634811
4.323409566576468,-0.408169098172424,-0.371633250415325,0.7387524426874436,-0.583061065576649,-0.487996198584675,0.4444135069225066,0.6498314628056032,-0.7949609466860824
4.418280598612482,-0.44527537975255643,-0.40787090152502037,0.6575846445079481,-0.5594822705740164,-0.4517585474749797,0.5126677469645653,0.6953772753127567,-0.7518979325011392
4.499598621754477,-0.4823816613326889,-0.4419933423399922,0.5869137046761504,-0.5379652923847728,-0.41763610666000783,0.47349009999589076,0.6345096720525387,-0.7106314651475355
4.59446963930599,-0.5380410837028875,-0.4726383119821546,0.7830592104067636,-0.6407264023586345,-0.4141516629178454,0.5253268858603065,0.7601851989987815,-0.7788548931315783
4.675787660384033,-0.5751473652830199,-0.5098809188604353,0.7172878537877407,-0.6184283768841166,-0.3769090560395647,0.41858815908927804,0.6324664783319203,-0.7337558700210876
4.757105668796587,-0.6308067884441866,-0.5383618094027041,0.636254138925567,-0.5916591502474373,-0.34842816549729594,0.5276028029049358,0.7185975324778402,-0.6948828157246449
4.838423687884395,-0.667913070024319,-0.5673254410922527,0.8699446186855834,-0.6924056792263625,-0.3370987275077473,0.4537150982851055,0.7307100596106406,-0.753349110756932
4.919741679330024,-0.7421256331845839,-0.5944293838739395,0.7794586384862698,-0.6526335865472788,-0.30999478472606046,0.4442165248853439,0.6918922942083396,-0.7050633452747554
5.001059682606506,-0.7977850555547823,-0.6222523336112499,0.6987943972576325,-0.63286747097536,-0.2821718349887501,0.477120101706235,0.7001200244180892,-0.6709856166909418
5.068824677431242,-0.8534444779249809,-0.6471660089492797,0.9424819807102953,-0.6978160286432793,-0.26620400075072037,0.4698370274139808,0.7850047599355833,-0.7002837130387534
5.13658967230589,-0.9091039010861475,-0.6755780397355555,0.8742386509454485,-0.6697033204701194,-0.23779196996444452,0.39816568256488216,0.6909267698885628,-0.6583062585107713
5.204354650766456,-0.9833164642464123,-0.7050500462949275,0.7938901676710277,-0.6310484951076522,-0.20831996340507253,0.47839666670208625,0.7480638873287512,-0.609700324358864
5.285672648846204,-1.038975886616611,-0.735060439556837,1.037163687224324,-0.6785100282412216,-0.178989334443163,0.429302336375995,0.7921566463711267,-0.6153809666410232
5.3534376389533405,-1.0946353089868097,-0.76287790030241,0.9681895562429446,-0.6559924722666115,-0.15117187369759,0.3925262890031652,0.7334045063516534,-0.5783194066779038
5.4212025984697965,-1.1874010129371406,-0.7902689254283904,0.8721953573659358,-0.6121049171430668,-0.12378084857160954,0.44255107938064364,0.753537812437074,-0.5275647397442438
5.488967585996994,-1.2430604360983073,-0.8167073191702365,0.8011082282680757,-0.6001220122216127,-0.09734245482976345,0.42503425672718775,0.7134493101312256,-0.4994892150750891
5.543179551103933,-1.3172729992585719,-0.8365566363930703,1.045061674091286,-0.597293171207195,-0.06993881370692967,0.4590920368405108,0.8428600749114578,-0.4709946678737238
5.610944522243158,-1.391485562418837,-0.8548438270390036,0.9553414897798759,-0.5805012517639142,-0.051651623060996354,0.3493740948373383,0.7002661330099327,-0.4452498362874586
5.6651564848438705,-1.4656981255791017,-0.8701871598511937,0.87245419234821,-0.5593740754541171,-0.03630829024880633,0.4709909971942825,0.7965481745812759,-0.4209511988018725
5.732921452026419,-1.539910689530335,-0.8884761073440315,1.1001025551667538,-0.5497161618576641,-0.0018746408559685568,0.38839770359418513,0.8016494261633722,-0.3811075651250712
5.787133412120907,-1.6141232526905995,-0.9126417594403029,1.0211939163066261,-0.520469140670096,0.02229101124030286,0.3849120829038034,0.7727632184133385,-0.34258587124865714
5.841345371035991,-1.6883358158508646,-0.9389474833756687,0.9426258667264258,-0.4933418183570269,0.04859673517566865,0.4093614248055931,0.7729160914117235,-0.3042134994401643
5.89555731273921,-1.7811015198011952,-0.9626468198746444,1.1537543522808404,-0.43225496588204765,0.0977974372746444,0.4089877238538834,0.8586040618948027,-0.21664216703918218
5.949769285327961,-1.8367609421713942,-0.9842179099470378,1.086446939584057,-0.4216101582592622,0.11936852734703784,0.3365683948906616,0.7629595666520828,-0.1926947866464205
6.003981224377525,-1.929526646912693,-1.0011362866312266,0.9860685419905215,-0.3987880122982291,0.13628690403122656,0.418130861625697,0.812022568722252,-0.16588815466546883
6.0581931631084425,-2.022292350863024,-1.016846109628677,1.1755359029277455,-0.32522046031848795,0.1880723495286769,0.3758474204641966,0.8472600136635007,-0.06725007785264435
6.0988521111761225,-2.0965049140232885,-1.029551936462521,1.095020260826841,-0.3068714190986182,0.20077817636252093,0.3464877336502127,0.7894669960395833,-0.04539619391241806
6.153064062867377,-2.1707174779745215,-1.0406048929691314,1.0069062962615167,-0.3039897349915765,0.21183113286913136,0.39562771472542324,0.8088748879836734,-0.037071299873596156
6.1937229921752275,-2.2634831819248524,-1.0496233051922175,1.1802171253883784,-0.20911322742822813,0.2692158606922175,0.3787328567543897,0.8650931093815267,0.08082373893191831
6.247934924516951,-2.356248885875184,-1.051298977322877,1.073125676418179,-0.208142001710745,0.2708915328228769,0.3313864314232339,0.777258080235546,0.08101100551415719
6.288593851429141,-2.4490145898255142,-1.055289851725102,0.97319377371385,-0.19350144121225032,0.27488240722510193,0.4060976454411168,0.8174315889399582,0.09181739715305572
6.329252794447511,-2.5232271537767477,-1.0645136751979598,1.1399451245534178,-0.09381466089314756,0.34699729529795986,0.37139607440952815,0.8553001457041434,0.22480281520954948
6.383464722882469,-2.6159928577270786,-1.0690922857075935,1.0329574393996763,-0.09151250783647198,0.35157590580759357,0.33973676566889255,0.784015942201784,0.22807046307022275
6.424123646403881,-2.70875856167741,-1.0701410432579002,0.9321561386731486,-0.08157033263331591,0.3526246633579002,0.40030242923795956,0.8089099506252626,0.23328562302510356
6.478335589691905,-2.7829711248376743,-1.0726563146943233,1.0669353596124083,0.013535747668740734,0.4352171488943233,0.3786564748310023,0.8499057835111988,0.370323989957785
6.518994529811683,-2.8571836887889077,-1.0683127367170537,0.9823635092076533,0.009009302179814153,0.4308735709170537,0.34422345098823126,0.7826639837744245,0.36215047435097875
6.5596534678913105,-2.931396251949172,-1.0613317726226532,0.8977847036246969,0.0028500057145658063,0.4238926068226532,0.4014002312311056,0.8087694694843789,0.3497570597199429
6.613865425921831,-2.987055674319371,-1.0521816002624118,1.0252156202705838,0.08976127351349922,0.5147375409624118,0.37876423080461474,0.8472677191137825,0.4871611876915213
6.654524344099082,-3.079821378269702,-1.038129651700147,0.9258142044076093,0.08743017021118808,0.500685592400147,0.3464520529368008,0.7752163577538917,0.47262565702929515
6.708736281932377,-3.1540339422209347,-1.0217348452704034,0.8355262116359637,0.06472753992929543,0.4842907859704033,0.4076726433773541,0.8018068373605112,0.440661542407699
6.749395216178948,-3.2282465053811995,-1.0041293608443818,0.93392468822153,0.17690347048967875,0.5885399977443817,0.38458629030923175,0.8313008516945524,0.6063091259725877
6.8036071518008665,-3.302459068541464,-0.9836629390018067,0.8455329289700669,0.15373251585098419,0.5680735759018067,0.3598889529049055,0.7700202203013362,0.5717586099041174
6.857819086243383,-3.3766716317017296,-0.9695719294296585,0.7557511219845423,0.13907623647322614,0.5539825663296585,0.4119300250914347,0.7877998061164276,0.5475561165403219
6.912031000709808,-3.469437336443028,-0.9485461930977187,0.8134744615862959,0.2631446568423039,0.6763004492977187,0.39638239282149224,0.8128114215438929,0.7350489374322673
6.966242933801695,-3.5436498996032926,-0.9303321082936606,0.7262318998539681,0.2491640397190132,0.6580863644936606,0.3753981704913243,0.7561518636221575,0.7089292265922421
7.020454883650122,-3.599309321973492,-0.9134486202197155,0.6531495321633907,0.22796174419938667,0.6412028764197155,0.42349640216087137,0.7756114677998467,0.6781850701111631
7.0746667941360695,-3.6920750259238226,-0.8891231712000449,0.6957752129634297,0.3695077738533098,0.7772416760000449,0.4065682547494853,0.7958340563329962,0.8888237015431812
7.128878741920546,-3.7477344490849895,-0.8625727797346193,0.6278009592747229,0.3459372762671589,0.7506912845346193,0.38964550037283696,0.749124646834759,0.8495749848583548
7.1966436705145735,-3.821947012245254,-0.8311337292985996,0.5378681586766352,0.32599656826053053,0.7192522340985996,0.4292932991392293,0.7514516524597397,0.8080569620750047
7.264408597634351,-3.8961595754055187,-0.7988872466282925,0.579075220034825,0.46287035941463567,0.8551997631582925,0.42693004704142135,0.7860190952705479,1.015044256821032
7.332173543219113,-3.9518189977757174,-0.7569116980629048,0.5105060697060445,0.43209215288615466,0.8132242145929048,0.3977374409575838,0.7241069708478183,0.9585790667619898
7.399938487698187,-4.007478420145917,-0.7163877327041707,0.5984817315003588,0.5310122101184434,0.6577517862541706,0.4503572007423541,0.7869681975618792,0.9099228766209694
7.467703432227167,-4.063137843307083,-0.6698212910490117,0.5348723024422324,0.5041391380457234,0.6111853445990116,0.39670099266842995,0.7011616533945004,0.8530616703248378
7.549021375133085,-4.118797265677282,-0.6162252873973926,0.625794698667455,0.5887770422090979,0.6162252873973926,0.46976083863712126,0.8108041730373605,0.9197316545848072
7.616786316184525,-4.17445668804748,-0.5662783814268191,0.5673615702033041,0.567414891571189,0.5662783814268191,0.3763609029443835,0.6857390262426406,0.8647561878362486
7.698104256547357,-4.230116110417678,-0.5174093703227123,0.6700183510114512,0.6460996561209819,0.5174093703227123,0.482999370806524,0.8257204853906712,0.8847319154647652
7.684551172540275,-4.304328673577944,-0.4671588522987445,0.6803049324345976,0.6839939299176947,0.4671588522987445,0.3636213212152647,0.6997548091046357,0.874351271274537
7.779422153272377,-4.32288181436801,-0.4220505482750017,0.6163101700134241,0.6306841070835254,0.4220505482750017,0.47128069346849055,0.7790102178865449,0.7977131500931042
7.860740111915913,-4.3599880967391105,-0.37846540906000925,0.7397772811965454,0.6815644807228644,0.37846540906000925,0.4032178043937762,0.7485572052451535,0.8039193027816638
7.942058092428265,-4.378541237529176,-0.3339433453278621,0.6864719085065906,0.6388380891190406,0.3339433453278621,0.42963717503744725,0.7487611296108019,0.7365207130768138
8.03692904957236,-4.415647519109309,-0.29424426831770734,0.801134978478304,0.6770902908459772,0.29424426831770734,0.42920062542500026,0.7848050934044941,0.7356925347858231
8.131800027798231,-4.434200659899375,-0.25836150654126006,0.7284474609568846,0.6416117996216033,0.25836150654126006,0.3987408037892207,0.7209906862363408,0.6805125301595037
8.21311800553331,-4.452753800689441,-0.2254618751304229,0.8606888670613124,0.6619189898756483,0.2254618751304229,0.45298103607761,0.8204662091479159,0.6717812351047698
8.307989005356955,-4.452753800689441,-0.19009952806402045,0.790390970394988,0.613149029617496,0.19009952806402045,0.36836239390586245,0.7021156902890231,0.6079726233626924
8.402859983485312,-4.471306941479508,-0.1528423108952124,0.9137601906581404,0.6176250963084967,0.1528423108952124,0.469237877169405,0.8452856677914169,0.5836352086002556
8.49773098305096,-4.471306941479508,-0.12495048203039957,0.8364978718875107,0.5800783760498412,0.12495048203039957,0.3472225368438976,0.6872934436103701,0.5340827946159615
8.592601959249741,-4.489860082269574,-0.0982276707189162,0.954501445616758,0.5862940414366601,0.0982276707189162,0.4819769682856694,0.8647930568135012,0.5187958102334207
8.701025958458489,-4.489860082269574,-0.08062235765624837,0.8566030699717592,0.5606678232978851,0.08062235765624837,0.3306075933143511,0.6707701181478131,0.48583196850887506
8.795896958921743,-4.489860082269574,-0.051358981062658585,0.9776313925218844,0.540761202065644,0.051358981062658585,0.496108553981357,0.8803339366476547,0.4493110880793655
8.890767958229398,-4.489860082269574,-0.021813017954119003,0.8983312610907563,0.5095750693770086,0.021813017954119003,0.31733119957939093,0.6632654972662249,0.4036377457594028
8.985638957537054,-4.489860082269574,0.004169770698062625,1.0163948224323327,0.4856261829848293,-0.004169770698062625,0.5025841878705044,0.8924361692691337,0.3664788907296294
9.08050995684471,-4.489860082269574,0.03721655271481678,0.937080032135712,0.4553085251073215,-0.03721655271481678,0.30703769366665,0.657661013707185,0.3188680776651693
9.175380956152365,-4.489860082269574,0.06468890480231448,1.055233311482946,0.4394411408772614,0.01949274029768551,0.5074240058345623,0.9151933283808519,0.3522630538562236
9.256698981887354,-4.471306941479508,0.09047916180919809,0.9835526552576095,0.40095358512628726,-0.006297516709198092,0.2877550526124447,0.6596351553550126,0.30482507234867257
9.365122981390952,-4.471306941479508,0.11422390765976115,0.8850775860310534,0.38984624562067816,-0.030042262559761154,0.5059482970937392,0.842784418478769,0.2736925261337296
9.44644100670747,-4.452753800689441,0.1266605713916938,1.0116045152045139,0.39535282681172645,0.11993546510830622,0.3489694766926452,0.7521816733829263,0.3996989572548097
9.541312006531111,-4.452753800689441,0.15292150616180106,0.9278729756570814,0.3831052209694088,0.09367453033819895,0.4271162750463271,0.797049667089851,0.3675612309314627
9.63618305876436,-4.415647519109309,0.16644339702557728,0.8332607229826636,0.3496483530006995,0.08015263947442272,0.3884125917275265,0.7201531633423133,0.33099297183717485
9.703948059006953,-4.415647519109309,0.1800878924084823,0.9829100716536016,0.39618149994127755,0.21311947599151768,0.4537921885733318,0.8632769838713167,0.47163708945148286
9.812372087234634,-4.3970943783192435,0.19561604000162292,0.8789809226559564,0.38374675176986417,0.19759132839837706,0.33217081876684806,0.6978584958827737,0.44944384353496064
9.893690114651955,-4.378541237529176,0.20643457106780214,0.7996866366867843,0.37272385522624907,0.18677279733219784,0.47319795342809146,0.8111255885847446,0.4297385425655408
9.988561142670639,-4.3599880967391105,0.21945185739081305,0.927895660748853,0.4327300046938346,0.2992948009091869,0.3760548729012797,0.7768692672014063,0.5653887362608004
10.083432198626369,-4.32288181436801,0.23461950797121922,0.8334541066393016,0.4045720479272933,0.2841271503287808,0.40597958395746425,0.7700520317347808,0.5306615922600842
10.178303229090618,-4.304328673577944,0.25327834371011654,0.7443641248592695,0.39476271160838816,0.26546831458988346,0.4114422319083407,0.7397304356919201,0.5069056908660164
10.259621258608746,-4.285775532787878,0.2749983834801236,0.9009055128101244,0.46649963159722324,0.3472797336198764,0.43701527449638766,0.8368723580769001,0.626324888524887
10.354492317070699,-4.248669251207745,0.2997374619124452,0.8105719433804808,0.43663224262833705,0.3225406551875548,0.35465565231133256,0.7151581072023221,0.58412296328002
10.43581034773137,-4.230116110417678,0.3194805034575979,0.7360035805288646,0.4284705345149343,0.30279761364240215,0.45835155571021835,0.7905977184355684,0.55999550130991
10.53068140792557,-4.193009828837546,0.3449901140807191,0.8906858046626036,0.49938863958156093,0.3604915702192809,0.3935533953022039,0.7908162348781533,0.6608209484766469
10.611999468587237,-4.155903547257414,0.3617341244546691,0.8097350148753818,0.4784789402682133,0.3437475598453309,0.39401668784610167,0.7586302537033186,0.6307293649879672
10.69331753128905,-4.118797265677282,0.38549542206805154,0.7315716957135135,0.45529926798608195,0.3199862622319485,0.4212154934532941,0.7537433398003901,0.5932649339190625
10.801741565769243,-4.100244124887215,0.4061661327211182,0.8944015864963885,0.5653813776505293,0.3648685449788818,0.42507390183443006,0.8254661653871891,0.7119604139855648
10.883059658606424,-4.044584702517016,0.4297546406416219,0.8103739834697227,0.5274112500783615,0.3412800370583781,0.36441552596491256,0.7284350491346906,0.6646808033146291
10.95082472209436,-4.007478420145916,0.4514480252889913,0.7444593178600737,0.5058837331755275,0.3195866524110087,0.4470323486655008,0.7851327825720752,0.6297212557099221
11.045695788185554,-3.9703721385657835,0.4785551856784146,0.9331591158053195,0.5950632077081464,0.3430900724215854,0.39828552522760596,0.8091726857796061,0.7175805911574181
11.127013855457545,-3.9332658569856505,0.5001673464803021,0.8566488514662626,0.5811952774199993,0.32147791161969785,0.3784545813656095,0.7571406228356524,0.6890998444834172
11.19477895182126,-3.8776064346154526,0.5298044582037251,0.7868918799310384,0.541772403671557,0.29184079989627487,0.4226301434575851,0.7717498373596241,0.6352279932340655
11.276097050518583,-3.8219470122452535,0.5616666470794004,0.7052824625103535,0.5126309973649518,0.2599786110205996,0.40984074905709555,0.7233738973610889,0.5874254363342315
11.357415119657187,-3.7848407306651213,0.5983219285635274,0.9315123099677142,0.5807422006947652,0.26130752043647265,0.4508557578931379,0.8496411423808976,0.6424583120320804
11.438733220787022,-3.7291813082949226,0.6309576125768942,0.8514699725172503,0.5530659231456694,0.22867183642310585,0.3437251315849401,0.7051709104794328,0.5961420572860492
11.52005132324368,-3.6735218851337557,0.6545477250544353,0.7658817073098588,0.5381782135965182,0.2050817239455648,0.46690199218791373,0.7958417055989224,0.5636650359738163
11.58781645806152,-3.5993093219734917,0.6800680712191386,0.9897731171416657,0.5683342053996644,0.2067219036808614,0.38903569787519565,0.7994193059401868,0.5925604670101903
11.655581561501636,-3.543649899603292,0.7017378291813655,0.9141710623479146,0.5479914926821284,0.1850521457186345,0.3867905899893631,0.7656814629184032,0.5591636543844679
11.736899667938768,-3.4879904772330943,0.7252112591592593,0.8290075792772787,0.538668296493662,0.16157871574074067,0.4153281058686774,0.7596885895839055,0.5318283251136315
11.791111803763863,-3.4137779140728286,0.7532928188471122,1.073360309581375,0.5468419615302129,0.15113134975288778,0.42010787880971334,0.8534490007118699,0.5348455471742297
11.858876910705321,-3.3581184909116626,0.775899231615476,0.9980954385064278,0.5301701007574976,0.12852493698452394,0.3408142265867299,0.7408473334114789,0.5042011026066598
11.940195053482714,-3.283905927751398,0.7965964404074471,0.8989402668907833,0.5156558479309786,0.10782772819255282,0.4367775578978872,0.7990920126505293,0.4742551605966706
11.994407193140859,-3.2096933645911334,0.8167072493163864,0.8179198568303954,0.4861815858897479,0.08771691928361358,0.3865897981242039,0.714472375279098,0.4358317137761364
12.0621723377256,-3.1354808014308677,0.8354287402657787,1.0526771642050539,0.4967354004016451,0.0779412694342213,0.4586117916190793,0.8736223272165367,0.44018803156898695
12.129937482628991,-3.061268237479635,0.8548537826118985,0.9616593257152677,0.47861393289896,0.05851622708810156,0.3233787876405475,0.6984187708603227,0.4112310345212713
12.184149592986406,-3.0056088151094364,0.8720558821735898,0.8922618533278641,0.46770590674286305,0.04131412752641028,0.4728123319874241,0.8229659476144111,0.38673077844589515
12.251914773824643,-2.9128431111591055,0.8896634530602017,1.1131020254272448,0.45414320646304757,0.02438632093979831,0.3660513138587713,0.7927438647371556,0.3695336273037583
12.319679889501021,-2.8571836887889073,0.9105799077032127,1.0368342734868652,0.45015309312561774,0.0034698662967872496,0.3926624850523387,0.7884947020106907,0.3482928438178192
12.37389203667783,-2.782971124837674,0.9325009071407832,0.9545500622624158,0.4266388999692475,-0.01845113314078317,0.3959877455100641,0.7579300857141504,0.3121900849494881
12.428104218831221,-2.690205420887343,0.9499456768063819,1.1789574026701237,0.38596276040356786,-0.04345022670638188,0.42178756153806574,0.8633230190427006,0.2676412842349763
12.48231636966985,-2.615992857727078,0.9688795161573208,1.094187378178149,0.36623629299785654,-0.06238406605732083,0.3324519563288323,0.7374777132968959,0.23755549435370724
12.536528520532281,-2.5417802945668138,0.9845318564353502,1.0079724801219199,0.3531666391102049,-0.07803640633535025,0.43970916752891964,0.8128598821312547,0.21277773403175615
12.590740706813564,-2.449014589825514,0.9918203762872139,0.9032095563763602,0.34042922660180036,-0.08532492618721388,0.3749239440858082,0.706580540818359,0.1962082193946313
12.631399856079508,-2.3748020266652494,1.0036061182571572,1.138580279099838,0.28825521485474526,-0.11325537005715713,0.46539859119062355,0.8817167152644874,0.14056243105315988
12.685612010480135,-2.3005894635049846,1.0186508738202968,1.0511682367547264,0.2783242601073408,-0.1283001256202968,0.31646958128309044,0.6945488336973485,0.12121504065331612
12.739824200705026,-2.2078237595546533,1.0216085085598747,0.9445639541431283,0.2730310945980753,-0.1312577603598747,0.47615227657422166,0.818047903801731,0.11104631171642981
12.780483353030036,-2.1336111956034203,1.0300997214531522,1.166376687855731,0.21094799817644566,-0.1652503388531522,0.37017462170208915,0.7861004971373813,0.04522062959448101
12.834695545871718,-2.0408454916530894,1.0310586439026515,1.0591397351845144,0.20866170078306193,-0.16620926130265146,0.39823619473946714,0.7749704648870379,0.040177170897154516
12.888907740187648,-1.9480797877027582,1.0327860351745035,0.9520580384832485,0.20584969744751785,-0.16793665257450352,0.4073626294433722,0.7443954244902201,0.03435198745816713
12.943119901935713,-1.8738672245424937,1.0346567513141778,1.1506531097994426,0.15226206785715396,-0.20588299121417775,0.4331132441289933,0.8381147001131999,-0.030293167590692137
12.983779058462325,-1.799654660591261,1.0323426260706037,1.0657356062141792,0.1517735290109528,-0.20356886597060364,0.3536446510221457,0.7257001074103193,-0.029845022036986812
13.037991256721867,-1.7068889566409298,1.0316896400321276,0.958196855635587,0.15136946956887268,-0.20291587993212756,0.44945161718019155,0.7840575158812766,-0.032977022976703046
13.078650415275566,-1.6326763934806647,1.0345158355496824,1.1464560320647847,0.07494420466545472,-0.2541083910496824,0.3991701428462504,0.7939633420277205,-0.12402909788256139
13.132862616151897,-1.539910689530334,1.0306247697351498,1.0387175545611795,0.07819021827973022,-0.25021732523514983,0.391300600344181,0.7466494044036884,-0.12088160082099587
13.187074818502477,-1.4471449847890347,1.024377887933515,0.9307803396902343,0.08279192783569053,-0.24397044343351504,0.43136881129462756,0.7486995992928742,-0.11541107888427174
13.241286986318752,-1.37293242162877,1.0188071864424275,1.0921774805855518,0.016447984224757472,-0.30129080654242757,0.42923531419511485,0.7970469756745513,-0.20503360663499942
13.281946149074056,-1.2987198584685051,1.0068399935169148,1.007448215092504,0.024210617561514602,-0.28932361361691483,0.38839367610747644,0.7257741053497345,-0.19142306646178683
13.336158355368248,-1.205954153727206,1.003931636991911,0.900006035843365,0.02305910149338477,-0.28641525709191096,0.4490415842221426,0.7485258119231111,-0.1929573239968056
13.39037056429228,-1.113188449776875,0.9932299880264329,1.0256765469662452,-0.05923143638665547,-0.3557908222264329,0.4292054707259595,0.7635835613305295,-0.3042122898204468
13.444582736973569,-1.0389758866166101,0.9790440275846052,0.9345793491511377,-0.041078551065962504,-0.34160486178460514,0.4166770935266323,0.7193295377246174,-0.2817480693327898
13.498794947543074,-0.946210182666279,0.9673582882387568,1.0394859624231987,-0.1351985016200512,-0.42991422893875675,0.4542056680184473,0.7824266083681497,-0.41750201820610444
13.566560129818651,-0.8719976187150463,0.9467667954368519,0.9422277006368113,-0.10213641072658228,-0.4093227361368519,0.40050103762759093,0.6948135741366477,-0.3788806492545251
13.620772306332984,-0.7977850555547813,0.92643502376508,0.8522131024647586,-0.0841963080219683,-0.38899096446507997,0.47508820464795287,0.7410766010642929,-0.3526464160088927
13.674984521214665,-0.7050193516044503,0.9103918081102896,0.9393261721375975,-0.18841373254202173,-0.49480244501028964,0.43524104218523285,0.7156305437803354,-0.509033905703114
13.742749670430184,-0.6493599292342517,0.8942216962901879,0.8564215202074821,-0.15521257953855955,-0.4786323331901879,0.4571464006579511,0.7100365776182967,-0.47426237818921224
13.796961888149792,-0.5565942244929527,0.8762991704372695,0.9239934000510017,-0.2754943263342943,-0.6040534266372695,0.46165534072412484,0.7196415294332883,-0.6585927039125008
13.864727040990278,-0.5009348021227539,0.8563562223641208,0.842855628583341,-0.24228748598610605,-0.5841104785641208,0.4534921916350326,0.684509155670154,-0.6205035397654034
13.932492193780849,-0.44527537975255527,0.8329498462704948,0.7615264997655051,-0.2097958782189708,-0.5607041024704948,0.48326753869045336,0.6886699217846333,-0.5806223720043223
14.000257423822093,-0.35250967580222425,0.8037195593444637,0.808499322262158,-0.33143872074022335,-0.6918380641444637,0.47945312544715357,0.6812400915903489,-0.7707819875267383
14.0680225791926,-0.2968502534320256,0.7851719957916072,0.7272309980905661,-0.30784657306864477,-0.6732905005916072,0.4857709267974356,0.6606165128012902,-0.7409295975668754
14.13578777410985,-0.2226376894807928,0.7613979930011563,0.6340884290129202,-0.2974389097489778,-0.6495164978011563,0.5031386996958689,0.6476499557445762,-0.716935620109382
14.203552970501345,-0.14842512632052796,0.7344989009527498,0.6827044906330757,-0.43234835020404294,-0.7908114174827499,0.5139242944512659,0.6541321944891065,-0.9248216125737304
14.271318129557473,-0.0927657039503293,0.7073739587096506,0.6909523546540323,-0.4670518978913747,-0.5781890018096506,0.5083376810818765,0.6841975224353888,-0.7830875016067675
14.339083290874884,-0.03710628158013067,0.6803563367156321,0.6156264554743718,-0.44885356729137227,-0.5511713798156321,0.4829824747269812,0.6346383667734188,-0.7500505818685422
14.420401460999544,0.01855314079006798,0.647777342083865,0.6970183280411875,-0.5365744538975261,-0.585231668143865,0.5251231899456996,0.7021808546420896,-0.8391783220820027
14.488166623483302,0.07421256395123459,0.6114383907942111,0.715538639255946,-0.5677835136247571,-0.5238194346742111,0.4676151926070684,0.659520350352937,-0.8126968570404657
14.569484796151034,0.12987198632143324,0.5789062457112606,0.7250088651178587,-0.591542672865801,-0.4661586195112606,0.5042467283366767,0.7093228783165779,-0.7849316244721062
14.677908988523336,0.18553140869163187,0.5450505353836352,0.7157536657314006,-0.5980181518810067,-0.40710248338363525,0.46178755270989635,0.6715455443672582,-0.7430861824281565
14.759227125085019,0.22263769027176428,0.5027118461159998,0.8436776222766017,-0.6257231991278353,-0.3140800016159998,0.49414136782693974,0.7662663118171054,-0.6878380426462745
14.840545301733231,0.278297112641963,0.4697242690948778,0.8651649905876794,-0.6362512012826622,-0.25557379059487784,0.4137602865768416,0.70094762970549,-0.6483001166571213
14.921863439129547,0.3154033942220954,0.4370334785012537,0.8970684696054141,-0.6270057166344101,-0.1972218328012537,0.4697711375042213,0.7791633499456561,-0.5957234231633425
15.016734586930994,0.35250967659319576,0.41077559474390085,0.9139701654758202,-0.6143615059986707,-0.14514061594390087,0.4031034734638308,0.7253067313620274,-0.5446277176850302
15.098052726170124,0.3896159581733282,0.37826794657390644,0.9481993721652618,-0.5978157885732587,-0.08662676837390643,0.44928950852480787,0.794389269072965,-0.48646467341768795
15.192923875961805,0.4267222397534607,0.355412680688315,0.9649586599938192,-0.5817176241791456,-0.03756048958831498,0.39043941517022684,0.7480324461155139,-0.43530833976866096
15.287794986367224,0.44527538054352683,0.33123727995436725,0.989216193498597,-0.543526149314973,0.013054135945632761,0.43020848285552005,0.8057433397046264,-0.36775792690932707
15.382666137964861,0.48238166212365935,0.3084529583482079,1.0067734443517338,-0.5206968085226893,0.06253098075179209,0.3810338188160485,0.7696827400841331,-0.3114725082876841
15.47753729059447,0.5194879437037918,0.2833396983472638,1.025834274448117,-0.49195001892046025,0.11461711195273622,0.41200381311020495,0.8166437853819986,-0.24965242979049304
15.57240840190824,0.5380410844938579,0.25962919134181073,1.0490294341093829,-0.4429696358770754,0.16561017445818926,0.3720028605610681,0.7924269187903206,-0.17314740543979718
15.6672795574994,0.5751473660739903,0.23852340075653128,1.0658575425686054,-0.4107179987679441,0.21434021154346872,0.3928708507953388,0.8277201147343906,-0.11135392281707018
15.775703680102845,0.5937005068640565,0.2230328576592737,1.0713120773160625,-0.3595101331162772,0.2578318277407263,0.36283252918440956,0.8059843017464265,-0.03960311002276719
15.85702178322287,0.6122536476541228,0.2080759769259029,1.1025510898523463,-0.31082217495327485,0.30120542677409706,0.3815039183786485,0.8436175357385257,0.030271996914235936
15.965445906931997,0.6308067884441891,0.20839240436907938,1.1027220725031013,-0.26917868796406774,0.3297645399309207,0.34950977372586756,0.8155646882449754,0.08326923748689365
16.060317021120554,0.6493599292342553,0.20823630420025518,1.1171259801461164,-0.2258461118447887,0.35930337129974477,0.3735398487336725,0.8502831818725419,0.13798176508527074
16.1551881369807,0.6679130708152895,0.2098012269334876,1.132095042977014,-0.18025561896690198,0.3876829660665124,0.3439556419453498,0.830166527660712,0.19400338873147277
16.25005925220123,0.6864662116053557,0.21178093136753973,1.0350845608942458,-0.18069306763004342,0.38570326163246027,0.36125398467838554,0.8116564683124965,0.18983916435528186
16.344930412386365,0.7235724931854881,0.2123474914534026,1.0474790222889476,-0.1476505887887888,0.4157051369465974,0.37672561556246364,0.8368907610556997,0.23748309375437768
16.426248518602307,0.7421256339755543,0.2110977214993918,1.0782814614605722,-0.09261654073137221,0.44821859940060826,0.3552429947903317,0.8316145693721362,0.3038682593850958
16.534672690887948,0.7792319155556867,0.21088274368550713,1.0796206344563064,-0.04597690755507951,0.48047524111449286,0.359917233167921,0.842123262075654,0.36303465048419
16.629543809844012,0.797785056345753,0.21299470534548243,0.9828719707813427,-0.046336198092310744,0.47836327945451756,0.3509885935859336,0.7968456677410259,0.3591055376271086
16.724414928160467,0.8163381971358192,0.21526673425920387,1.002708590541344,0.018634391393401294,0.5090078352407962,0.38934628782356595,0.8485207578556052,0.4303773001119754
16.81928609273149,0.8534444787159516,0.22027226890437387,1.0203780740885031,0.06869615160452,0.5379088304956261,0.34528716996900966,0.8146913417920788,0.490268426311786
16.91415721233791,0.871997619506018,0.22670584808103822,0.924185180017534,0.06537576312232903,0.5314752513189618,0.3743202230482815,0.8077909213839634,0.4804110071711667
17.009028332460318,0.8905507602960842,0.2469925297331073,0.9505925505472129,0.12586419277242236,0.5462234156668926,0.37986209509667435,0.8258268202266497,0.5364499845198564
17.009028332460318,0.8905507602960842,0.2633008686732509,0.9525186875696378,0.11034555726772151,0.5299150767267491,0.3645628202736648,0.8082776579306241,0.5125880358424154
17.11745246488058,0.9091039010861502,0.2922908027004459,0.9733823964562648,0.1719614614420669,0.5372574338995542,0.37954828170525967,0.832787099668515,0.5634193673477046
17.266535722633957,0.964763323456349,0.31315856198780323,0.9492386667350563,0.2259536183631596,0.5542300250121968,0.3586831632571622,0.8053949566944397,0.615659259812586
17.361406845004588,0.9833164650373831,0.3409556984435776,0.8595381535311453,0.2137222285509663,0.5264328885564225,0.382043523678798,0.7917398323020292,0.5827760586167638
17.44272500451464,1.0204227466175155,0.3621669619809845,0.9134965878142873,0.273677173833317,0.5448381945190155,0.3933511664031172,0.8264381433240596,0.641833884773579
17.53759617698595,1.0575290281976482,0.38484957690350796,0.8176065397186782,0.25411242826958574,0.5221555795964921,0.3639112421800407,0.7572032009331682,0.6080531341489374
17.63246734933363,1.0946353097777806,0.4083300174307087,0.8687003864694658,0.3267569143560409,0.5404186915692912,0.42272268613841946,0.839505624835188,0.6756584645703062
17.72733857092123,1.150294732147979,0.431663843942807,0.7666320027088622,0.29553833515997824,0.517084865057193,0.3525729536284282,0.7261558504192649,0.6331923509360264
17.80865673441175,1.1874010137281115,0.46387878294102936,0.8444931923294541,0.3663380090072778,0.5292149639589706,0.449077142325948,0.8559873162884122,0.6948337352687819
17.903527910039635,1.224507295308244,0.4989782616030434,0.7557685459366577,0.3492937763903939,0.49411548529695654,0.33837916167325155,0.7043247343986418,0.6541608119106882
17.984846125436775,1.2801667176784426,0.5343066080939033,0.8422650664962059,0.4118217443653657,0.5064039469060967,0.4676706358945195,0.870894105142392,0.7097576451568641
18.05261128043869,1.3172730000495432,0.5711238115560273,0.7797837304640753,0.3859548720810429,0.46958674344397267,0.3255940795465766,0.6965172760194239,0.6622280891053596
18.147482557900325,1.391485563209808,0.6034290965925911,0.8634357288084049,0.4554093621086451,0.48917356940740875,0.47439731348329817,0.8831695219763835,0.7283137205314626
18.215247714892474,1.4285918447899402,0.6330421611201028,0.7999547775589293,0.43981807966536074,0.4595605048798971,0.3151516887223651,0.6920165327875918,0.6940595515428989
18.29656598386551,1.502804407950205,0.6677605360280733,0.704932882080921,0.4038676479847433,0.4248421299719266,0.47830574421032357,0.8182847848863056,0.6369235512697092
18.377884254607636,1.57701697111047,0.6984571432601673,0.8274235829408954,0.4845046683405268,0.45194541073983274,0.36995287625729534,0.7573229958558081,0.720584167537298
18.459202528274457,1.6512295350617028,0.7404902782570583,0.7369604088057196,0.44939001617106694,0.40991227574294176,0.4225610196975844,0.7710025723480767,0.6595839940806757
18.52696779030684,1.7254420982219678,0.7775709309708339,0.6527589483419937,0.41641580470011114,0.37283162302916617,0.4104730251358969,0.721558060539865,0.6048404586848471
18.594733053813478,1.7996546613822324,0.8128203874360781,0.8320061730800764,0.504934611152348,0.404315358563922,0.4523841717955924,0.8361230372539157,0.6973160790067704
18.67605133133714,1.8738672245424974,0.8507630642782908,0.7411474599433818,0.48520750465232027,0.3663726817217092,0.35513528574161124,0.6969826158548116,0.6522759583514935
18.743816648911842,1.9666329292837963,0.8930670108925562,0.6462494953734401,0.44805188068660556,0.32406873510744383,0.4737085984010052,0.7764864595598113,0.5887886980348551
18.8251349812407,2.0593986332341276,0.9313519534003,0.8886543659135604,0.56757678444489,0.36862651559970006,0.40532659390431813,0.8037194911205066,0.7165854111057589
18.87934734208599,2.1707174779745246,0.9742483120691042,0.789628596115828,0.51125729077057,0.3257301569308958,0.38299318492356793,0.737282921128473,0.6401014079124995
18.947112716898392,2.28203632350589,1.0103629609476785,0.6772628361172552,0.4806400113419442,0.2896155080523215,0.43936839265922945,0.7476501059059157,0.5864937589456364
19.00132502867498,2.3748020274562207,1.0478774380218248,0.5873698513406937,0.4555400744367205,0.25210103097817527,0.4300423452111759,0.6988987170170604,0.536979517187879
19.05553739374566,2.486120872196618,1.0864186375867586,0.48072869586725736,0.42870900694944725,0.21355983141324142,0.47134004819789255,0.6955960026719518,0.48450423650667324
19.109749760585437,2.5974397177279838,1.1264337625633933,1.2191709653880742,0.7020274300269397,0.4443625644366067,0.4737185096576574,1.0084604026076185,0.8801528245304892
19.16396207707961,2.6902054216783142,1.1621596160065388,1.1367987824352856,0.6709202101403672,0.4086367109934612,0.21641391121857922,0.708923063707056,0.8304516714800676
19.191068418538954,2.8015242664187117,1.1952534254919744,1.044872698411939,0.6173267114417917,0.3755429015080256,0.4650038022915043,0.9239461480143422,0.7609350702449892
19.24528084243213,2.9313962527401434,1.2335829445254065,0.9272670085421539,0.5850235509715043,0.33721338247459354,0.28078141303498605,0.6857612020215306,0.7067863312115028
19.285940201041278,3.0427150974805404,1.2788467642199255,0.8344777211463247,0.5493661038630383,0.29194956278007456,0.48393642284254756,0.8521678202744454,0.6412218140973834
19.313046545891368,3.154033942220938,1.326011131359265,0.7448811239130668,0.5087325643663577,0.24478519564073498,0.3412587887715638,0.6654631770432335,0.5742638512369856
19.34015305056306,3.3210122101225017,1.379863840891049,0.6020966388628851,0.4628262677075514,0.19093248610895097,0.5004874434613573,0.7670231789118636,0.4938911826563428
19.353706434395345,3.4508841956529652,1.4228464570175865,0.49097679918974024,0.43078787236151067,0.14794986998241355,0.4130571253441385,0.6295906542763939,0.4354078316639224
19.353706434395345,3.4508841956529652,1.4626509913336496,0.507730681458812,0.4109087044852301,0.10814533566635043,0.5300887460853076,0.7493172390907981,0.3888823774157132
19.36725987141113,3.5993093227644626,1.496185208512471,1.25109210454298,0.5620824503506695,0.1866487604875291,0.4277260886213532,0.9326055113208702,0.5775589126492984
19.367260450753925,3.8033938722461587,1.5250858900975444,1.0629405571307748,0.516370379011743,0.15774807890245568,0.2738353374027982,0.7007459635007083,0.5192033832181028
19.353707802792776,3.933265857776622,1.555097382469103,0.9483133943117381,0.46865246057835214,0.12773658653089703,0.4713408343151251,0.8555864812150142,0.4564175726616378
19.340155101721816,4.04458470251702,1.583142303330824,0.8496044063575554,0.4296989197327175,0.09969166566917598,0.33849530865501176,0.6785401305243908,0.40536997937212343
19.340155522472305,4.193009829628518,1.6176118899416185,0.715645852138763,0.40711044563853266,0.06522207905838151,0.4894624992441492,0.7780290744019811,0.35742033926389716
19.326602925778122,4.3414349559490475,1.6545790241193032,0.9484497779738241,0.44880646522840334,0.18703515988069674,0.40386524415261504,0.7956497105182405,0.48920439597700116
19.31305027481853,4.471306942270479,1.6872269136738038,0.8320272517939726,0.4192339521674548,0.15438727032619615,0.38982833868652245,0.7329875480102583,0.4397277841121466
19.29949762449854,4.601178927800942,1.7132941367756582,0.9945162605605113,0.4629526791694784,0.2111627712243418,0.44293047009505093,0.856491233675654,0.5189943588993472
19.25883893722527,4.731050913331406,1.743216030849145,0.8729994569648304,0.41521796304695824,0.18124087715085513,0.3380147198114819,0.6992551301111651,0.45930277436746336
19.218180405190328,4.916582322023036,1.7760764333140115,0.9356247341157998,0.43662884755962933,0.21511366568598844,0.4719590857963072,0.8648833209260911,0.5013741590672762
19.177521714489423,5.046454308344468,1.808102547181771,0.8133355378683849,0.39745740543415137,0.1830875518182289,0.330631481339682,0.6698100985215101,0.4466226366694273
19.136863074281496,5.194879434664998,1.8397636615764357,0.8841856560371544,0.41689208806317973,0.20922632642356453,0.49691971913295196,0.8703808649931145,0.48103196297029693
19.08265136097604,5.324751420195461,1.874456293536351,0.9507071070835559,0.41747610045775857,0.22642580446364913,0.3257353768524972,0.7224535919275568,0.4981939716233057
19.02843964560663,5.454623406516893,1.9105134829413157,0.8246247930059655,0.3750948860414533,0.1903686150586843,0.45247464939978776,0.7997134780207733,0.4350422933130142
18.974227928173253,5.584495392047356,1.946119885696099,0.8761302006920432,0.3794775269362957,0.20237902130390095,0.38590756762776157,0.7525243846042098,0.4494670778790093
18.906463188503906,5.714367378368786,1.9789752882253386,0.9097270778614474,0.37626981324798126,0.21386865677466127,0.42645723623927245,0.8082259213015828,0.4564490385060974
18.852251465529037,5.84423936389925,2.0132523993682128,0.9398604876543236,0.3871189789652617,0.22133509763178738,0.3789730650989247,0.7719879693882462,0.47134404046412237
18.77093370026979,5.974111349429713,2.0513651389908056,0.9519547555474408,0.3731235071399531,0.22283892800919425,0.41007605178027784,0.8084614055125983,0.46228788722345654
18.70316895286062,6.1039833357511455,2.0884406800102453,0.9631569305436367,0.3758003243879175,0.22360373698975478,0.3789378468059845,0.7808684623132889,0.46540479818583624
18.60829816046352,6.2338553212816095,2.1194164518546326,0.9528651868856218,0.36492345828545253,0.2289602561453674,0.4025706534902417,0.8020220959845543,0.4612272716576245
18.526980335534077,6.345174166812974,2.156858827872203,0.9623446211482366,0.35375495932299345,0.22655272612779687,0.38445537464069,0.7865598096576605,0.4516203036558382
18.432109486304707,6.456493011553371,2.1947550965379934,0.9595063898948861,0.33455498482589713,0.22256298746200676,0.39770517844786213,0.7983561414557817,0.4343374593604169
18.33723868269024,6.586364997083835,2.2223855925630787,0.934035492945921,0.34056714128172144,0.2278490764369212,0.387602476760022,0.7794365377904581,0.4424034072039559
18.24236782701103,6.6976838426151994,2.2544693143200134,0.921501834419915,0.33576695357621295,0.22780701867998676,0.40369426300140976,0.7912371259856505,0.4384396263462147
18.14749696823589,6.809002687355598,2.2806389055680487,0.9039583969248213,0.3406544255497832,0.23290111943195146,0.39355954400262394,0.7751835666507072,0.44571060741324187
18.03907303474156,6.901768391305928,2.3211193479131906,0.8931774291391888,0.31448731102270905,0.22298911308680935,0.40722928335147934,0.7835179361176092,0.4185436184675573
17.930649145903875,7.0130872368372925,2.3602267367672174,0.8653094451450223,0.3071648034686503,0.2138262412327827,0.40004841643991584,0.7643978741932682,0.405506614023573
17.83577822915393,7.105852940787623,2.3848847685288637,0.9646904145846866,0.3413561559515796,0.24742648147113622,0.4162804107026772,0.8231699325272306,0.4586924924846252
17.727354238495636,7.180065503947889,2.416512577338144,0.9540797617037354,0.32158962626501386,0.24421539066185627,0.3664442259914268,0.7676360063253789,0.4421038957180925
17.618930293391593,7.272831208689187,2.4527413030993186,0.930562498237464,0.31551559088135606,0.23598773790068162,0.4138795986974455,0.8061792875358732,0.4302267888390847
17.510506297720855,7.347043771849453,2.493849749220534,0.918572091579466,0.29498938850476997,0.22250353877946605,0.3808286466196904,0.7657212503879103,0.40482417034039464
17.388529274972928,7.421256335009717,2.5332939433585837,0.8930689178098574,0.2723803130988998,0.21034189964141614,0.41535409712198,0.7896229498282129,0.3779387738598819
17.29365825111888,7.476915757379916,2.5722473063599307,0.8982838727594755,0.2542754473083349,0.19836140864006913,0.39480723968872067,0.7685766690679148,0.35571765574396297
17.1852342486666,7.5511283205401805,2.6075669076573087,0.9827517022474925,0.27370394917146174,0.21617355534269134,0.4128009248749154,0.8211136882157917,0.3854524392160663
17.06325717348536,7.606787743701347,2.6221509685739863,0.9548332971310746,0.27069092371012216,0.2278005064260138,0.3682169487826902,0.7669307812581281,0.3922413660977553
16.954833073093127,7.64389402528148,2.636718110870569,0.9465134456617906,0.26134347422727366,0.23923956412943115,0.41445792434933826,0.8129037751644205,0.3937493202307817
16.859962042604966,7.699553447651679,2.6613984207622696,0.942807035279351,0.26795362957245134,0.24038258723773032,0.375139358334291,0.771498192665907,0.3997828918139413
16.751537940788392,7.736659729231811,2.681203161757439,0.9335581664701978,0.2592461409476409,0.24623901324256092,0.41052834580913933,0.8051591249493253,0.39747272881028
16.643113883051818,7.792319151602009,2.7105845269374544,0.9178393492936217,0.26141435579614347,0.24237628206254547,0.3817243957249792,0.7692722139314108,0.395980973851256
16.548242756798224,7.810872292392075,2.740051874797791,0.929049812787287,0.23818025881579646,0.23830375820220917,0.412343882097018,0.8040137602732952,0.37582433704085566
16.439818606810615,7.829425433182141,2.7628749656490985,0.9246894870871094,0.2181408563182702,0.24076963635090154,0.38267429715032086,0.7723118414121704,0.36341230372247235
16.34494748064379,7.847978573972208,2.7841554158739745,0.931396896005876,0.20698298012140195,0.2446896111260255,0.40976530436225667,0.8030733154093492,0.3582377923380325
16.23652337366735,7.885084856343308,2.8046715006046,0.9181338555032089,0.2117768301069264,0.24930219639540008,0.3834949424632753,0.7720136059649296,0.36532635901877586
16.141652290069416,7.922191137923441,2.8213719799928367,0.9167018164435491,0.22730483912774443,0.2576750000071635,0.4100091650936939,0.7999965013875925,0.3828655240785141
16.046781160646187,7.940744278713508,2.8443542782776055,0.922252528138946,0.2218321022206605,0.2597266447223947,0.3860930124644305,0.7778616411041472,0.38086981896453304
15.96546309991078,7.977850560293641,2.8649915256910026,0.9348137948160998,0.2423484350891521,0.26409982530899745,0.4050404528490943,0.8026853407385974,0.39928239510033253
15.857038945684709,7.996403701083706,2.8890586414746937,1.0272155401184442,0.24975838735182768,0.19646542352530627,0.3838701053287785,0.804787887439194,0.3538702710598556
15.762167815611123,8.014956841873772,2.9082317071221766,0.9352250743640533,0.2261302472418829,0.17729235787782338,0.3823047463114332,0.7660496060447188,0.3196795708708312
15.667296642415804,8.014956841873772,2.9326629435084755,1.0502715057827074,0.19220058426692935,0.042725032491524484,0.415061811482321,0.8211620628565941,0.19166799939072832
15.572425510412645,8.033509982663839,2.9476383318565778,0.9563636931343715,0.1763711460097844,0.02774964414342218,0.3681534538997985,0.7359929283935258,0.16687216828877202
15.477554336959331,8.033509982663839,2.9650730410031967,1.072534204834662,0.12349597310387353,-0.09416364600319671,0.44060708570667206,0.8340148062867795,0.034620567562354515
15.369130180521886,8.052063123453905,2.9848779029957946,0.964778410123466,0.10363533079487564,-0.11396850799579461,0.3570349234101503,0.7054252872666885,0.003193213606135382
15.274259048347503,8.070616264243972,2.995723978560418,1.0783278771026699,0.050793933620334165,-0.22087401256041783,0.4665538962163587,0.8427377499615554,-0.11771390300990414
15.192940856759579,8.052063123453905,2.99879272534512,1.000628578595132,0.01754748217718434,-0.22394275934511976,0.3494028647106767,0.6934261660521539,-0.14473835488228276
15.08451665823237,8.052063123453905,3.011276416173205,0.8932648076399724,-0.009034574262778967,-0.23642645017320474,0.47677181710542516,0.7819874373264831,-0.17752370057893346
14.989645484521066,8.052063123453905,3.0118193999212233,1.0100944461910835,-0.09238394637361583,-0.32296380792122337,0.4006465614168092,0.7334972442929845,-0.3026040093312343
14.908327376167465,8.070616264243972,3.007680855300277,0.9274009802497287,-0.08067274554736567,-0.31882526330027705,0.44239149498863317,0.7463169911789644,-0.2930880994297843
14.799903177345408,8.070616264243972,3.004089578613638,1.0343864867104373,-0.18034618016122142,-0.3905386976136378,0.43113885642806915,0.7627943152762233,-0.4193059737833751
14.705032042209469,8.089169405034037,2.9959623803943383,0.9392587699302994,-0.16734422890323591,-0.38241149939433816,0.417324826688908,0.7147687271673584,-0.4054099029265936
14.610160867982179,8.089169405034037,2.987385222576558,0.8469141481065114,-0.17385392764909222,-0.3738343415765577,0.458053966123976,0.7235710729969327,-0.40585472060017325
14.501736668865274,8.089169405034037,2.9812593331187958,0.9598720759235483,-0.28703409689293363,-0.4324512501187958,0.45020697381085983,0.7477032089558073,-0.531525280004933
14.406865533816104,8.107722545824105,2.965048619434237,0.8677438143110698,-0.2698341564881637,-0.4162405364342372,0.429889076953921,0.6954031950009365,-0.508106374351534
14.298441373287627,8.12627568661417,2.9568250551074735,0.759946228886939,-0.2643712985386486,-0.40801697210747356,0.47429597949856384,0.7022561865346038,-0.5005028006994359
14.203570236014025,8.144828827404236,2.940055197328328,0.8938400510538459,-0.36057521213193966,-0.44600969032832793,0.46805979455351576,0.7390641693017821,-0.5972261979060144
14.108699099380045,8.163381968194301,2.921598637104033,0.8037090540498211,-0.3466146751461489,-0.42755313010403295,0.4370122240607456,0.6768523123153009,-0.5742439816286564
14.013827962230074,8.181935109775337,2.906193358674644,0.7123712844149032,-0.3382781217103892,-0.41214785167464374,0.48990386602994185,0.699608189568671,-0.5586519660186341
13.918956786712814,8.181935109775337,2.8849650280177577,0.863241715000569,-0.4570758240765412,-0.4364930170177579,0.47014179015627733,0.7308531084472585,-0.6605818698898489
13.810532622522517,8.200488250565403,2.86797070801258,0.7614803230473756,-0.4537758081675754,-0.41949869701258,0.44393135376883985,0.6690070648218318,-0.6467976157610076
13.71566152134418,8.237594532145534,2.855410751029848,0.6656321602800264,-0.43536029134250004,-0.4069387400298483,0.4964654406803888,0.6893382717131373,-0.6262063598291256
13.620790382093402,8.256147672935601,2.8330539284646505,0.8241171521175875,-0.541417893682113,-0.42179960646465053,0.4787562602397061,0.7270352824974793,-0.711296986223468
13.512366253814085,8.293253954515734,2.8099424575269216,0.7218112721291169,-0.5224475176344737,-0.3986881355269216,0.44707201744115876,0.6604112392013192,-0.6812824269607102
13.41749514972411,8.330360236095865,2.785179877579211,0.8864229709443657,-0.6110952403536971,-0.40356295157921096,0.503699185061888,0.7780959904676573,-0.746540632125642
13.322624007216929,8.348913376885932,2.7497528076171864,0.8127456315325888,-0.5983983227045045,-0.36813588161718647,0.40366632015331516,0.6539850320026107,-0.7100852963903143
13.214199875841691,8.386019658466063,2.720169979929923,0.7159732173624797,-0.5845887910695569,-0.33855305392992285,0.5095646418600014,0.7312057752151166,-0.680076162127404
13.119328768840075,8.423125940046196,2.684460495114325,0.9021442511196308,-0.6574547319433199,-0.32556612011432495,0.44323905297338384,0.7338677272628928,-0.7180953603190977
13.024457660806485,8.46023222162633,2.6492804417014106,0.8235673006640594,-0.6374595971539873,-0.29038606670141043,0.44165243962523215,0.7087057288223775,-0.6776737357899698
12.929586586901722,8.515891644787494,2.61130428612232,0.7371828078119179,-0.6057004466980048,-0.2524099111223199,0.4629351074204854,0.7045539130035794,-0.6269213792727548
12.834715510293398,8.571551067157694,2.5740416368842105,0.9284493797927,-0.6476783701414502,-0.23148726188421032,0.4662313757678477,0.7817474951040064,-0.6368936597690932
12.753397459251156,8.627210489527894,2.5412104098498807,0.8506669387853493,-0.6168682711208102,-0.19865603484988048,0.400954763857844,0.6913816288180363,-0.5897659047610583
12.658526380813075,8.682869911898091,2.5076666539907437,0.7614704151321813,-0.5993401145098677,-0.16511227899074354,0.4779843312807499,0.7424900196742599,-0.5534795451024289
12.577208327006616,8.738529334268291,2.4703433436155304,0.9721284661518547,-0.617418042366747,-0.13813824261553043,0.4340174662179189,0.779543108478876,-0.5404181336407428
12.482337245583187,8.79418875663849,2.4325746545195566,0.886502189969915,-0.599794342049486,-0.10036955351955656,0.4031400400667702,0.7221801866449773,-0.4995350258242018
12.40101922158032,8.868401320589722,2.3962151426076876,1.088235849691557,-0.5877650363508325,-0.06861979160768783,0.45193168361488545,0.8517639107816196,-0.4620207918172891
12.333254223548947,8.942613883749987,2.3628598523139943,1.0068712935908941,-0.5459182394758749,-0.0352645013139945,0.34192021855020127,0.71442133573362,-0.40606813002682746
12.238383170578485,9.016826446910251,2.334380962848663,0.9027949487882364,-0.5342382765759778,-0.006785611848663109,0.4591016257964209,0.8003056767370672,-0.3787500716096133
12.170618169303767,9.091039010070515,2.3093625514209264,1.106304339447475,-0.5060317246735552,0.019250065579073716,0.3853407743193895,0.8043069548001446,-0.3326299607773901
12.102853166554802,9.165251574021747,2.285375085175037,1.0176590729894779,-0.4819074196103706,0.04323753182496315,0.3826965216055205,0.772624495232787,-0.29819161621271995
12.02153513515689,9.239464137182013,2.257660168856382,0.9216735522099078,-0.4693405358203979,0.0709524481436179,0.4095008285923907,0.7688852014642471,-0.2696997389686488
11.95377016066355,9.332229841132344,2.2468909647315747,1.0997311842209891,-0.42869063014624953,0.08839079326842514,0.4123932188688093,0.840656095563236,-0.22263944714717251
11.886005153160129,9.40644240429261,2.236049971953035,1.0040978661457212,-0.4242499576236308,0.09923178604696492,0.35170387590197216,0.7448411829804038,-0.2123543736220791
11.818240144182464,9.480654968243844,2.2228872872889047,0.9094864380895136,-0.4198218515602919,0.1123944707110951,0.43329307870409706,0.7953915732858832,-0.20173474081850368
11.750475133730548,9.554867531404108,2.2112957101315263,1.0968971993956722,-0.3804279567652153,0.13646960186847368,0.3897522367046633,0.8241188864684293,-0.14969056612405346
11.682710153574407,9.647633235354439,2.1956685891747476,0.9878294367010858,-0.3639334722138032,0.15209672282525233,0.3659074563640903,0.7618451611293588,-0.12757351998556854
11.628498168122668,9.721845798514703,2.1788257379829887,1.1770378601168834,-0.29714109438478087,0.18753950401701136,0.4187793612697428,0.8918184449529293,-0.047681457399824725
11.560733153211155,9.796058362465937,2.173544008210302,1.0790394149753737,-0.3046720139676232,0.19282123378969818,0.30839783959296185,0.743345077361119,-0.04998339587016508
11.506521164097592,9.8702709256262,2.1678014697507026,0.9889194573908249,-0.30158521571096736,0.19856377224929744,0.43499064043601177,0.8404657257006498,-0.04653297280398132
11.452309206103697,9.96303662957653,2.1641707808803767,1.1491095049490492,-0.22945178039995684,0.22735374511962325,0.3516388013906524,0.8192652686832056,0.032827651919784435
11.384544186880001,10.037249192736796,2.164179834867827,1.0496891239010298,-0.24414562001174925,0.22734469113217282,0.3703908454337794,0.801583830833791,0.019780319623171602
11.330332195088994,10.111461756688028,2.170405661887489,0.9562892330053617,-0.25355143749856196,0.22111886411251103,0.38514759234665064,0.7811061171000211,0.00587455994897226
11.26256717306423,10.185674319848294,2.173055521151982,1.1132716504623419,-0.20399960245891413,0.2507696238480177,0.40230769133701116,0.8616151111536718,0.06837069224965107
11.194802180008411,10.278440023798625,2.1817524724593382,0.9965975682249429,-0.21596500411593633,0.24207267254066167,0.33409027067283026,0.7471999768173547,0.05103474627858536
11.14059015394116,10.334099446168825,2.1922624460374935,1.16475472448393,-0.16919809446592293,0.2717138409625064,0.4314755734003556,0.9139432488142407,0.11089752531043125
11.072825126485473,10.408312010120058,2.2004433308308946,1.0634462706963996,-0.1897903735315385,0.2635329561691053,0.289571098253544,0.7298299314982595,0.08880765926212016
11.005060128638345,10.501077714070387,2.2198901530122384,0.9446929331712564,-0.20834399206612228,0.24408613398776158,0.44660184498911026,0.8434986244580329,0.05583661623896501
10.937295099205478,10.575290277230652,2.219967372254468,1.0813700467537557,-0.1461507363574311,0.2928151217455319,0.3489592977096764,0.8020035485277557,0.14324619434289554
10.869530068298365,10.649502840390918,2.2280789093161,0.9799959450767243,-0.16322246807405733,0.2847035846838999,0.38500716442095484,0.800035895072826,0.12189293433653572
10.801765035917004,10.72371540434215,2.229315647198819,1.1035229308636298,-0.09297254319289107,0.3417608068011808,0.386309737115363,0.856277583661148,0.22035892216113395
10.74755300310507,10.779374826712349,2.237117377459072,1.0255017265686337,-0.10979215812092313,0.33395907654092793,0.338761503119545,0.7774389173255871,0.2008208903414999
10.679787968106915,10.853587389872615,2.2460191698884597,1.1349023395572342,-0.03792994082749109,0.3935776251115404,0.40587105207391305,0.8962126046037635,0.3014660690914073
10.598469899950302,10.927799953032878,2.265604442409241,1.024870587765248,-0.07510154478862306,0.37399235259075914,0.3048129998029452,0.7488293556760258,0.2577652275316147
10.530704861856233,11.002012516984113,2.2701964350184443,0.924101011932386,-0.08388768645621471,0.36940035998155585,0.43039120283082233,0.8393100809616957,0.24426289239329682
10.476492824621552,11.05767193935431,2.283487724899316,1.0442035889416197,-0.008304396754380345,0.43530507810068375,0.35266154121531834,0.8147879415407933,0.35430013781749703
10.395174752976661,11.131884502514575,2.2902991844853404,0.9347155598667412,-0.027671857667079646,0.4284936185146595,0.3741648336866725,0.7951196455720735,0.33227449482934784
10.327409710644126,11.20609706567484,2.3060821457346923,1.0191364847938895,0.05902307174051588,0.5024729242653079,0.39057335116796643,0.8550506991700502,0.4549495568142043
10.259644666837339,11.280309628835104,2.3099053686065623,0.9188579412286804,0.0550350055122769,0.4986497013934379,0.3397558239280375,0.7653083639895599,0.4474060060739196
10.178326562501029,11.33596905199627,2.3358065309328984,0.9963575061168637,0.1224117219234788,0.5721078700671018,0.4161137949732019,0.8838596286613635,0.5548511134270843
10.09700845568229,11.391628474366469,2.361069833855147,0.9021867198737809,0.07953305501129303,0.5468445671448534,0.31515124901260316,0.7415371304203846,0.5028949595815746
10.029243434800037,11.4843941783168,2.38253124005627,0.9533191947140135,0.19996958207140983,0.6322860649437296,0.43645117451551396,0.8984525984650977,0.6572486432933444
9.947925326151552,11.540053600687,2.408324053506368,0.8604877649512183,0.16224509195679526,0.6064932514936316,0.3026139663980568,0.7229214941198195,0.6089984908416936
9.866607216176243,11.595713023057199,2.421712084221655,0.7647449303451854,0.1389475014296214,0.5931052207783449,0.4523103947921199,0.8385138492618325,0.5779087113887312
9.785289104874112,11.651372446218366,2.442082898425871,0.8243818366703102,0.23997604642440976,0.6840505635741287,0.3531153205494727,0.7736449902532472,0.724981771364176
9.703970991089557,11.707031868588565,2.462862816262061,0.7309512819451275,0.21506664166627845,0.6632706457379389,0.40893412305498067,0.7928534941116054,0.6879641004001054
9.622652877133781,11.762691290958763,2.490133858132179,0.7854426101989171,0.3266591580203199,0.7478705820474074,0.39214099873339836,0.8094933078138691,0.8367587375188942
9.527781755463357,11.836903854119027,2.522284022676761,0.6752070581420491,0.30660233323058206,0.7157204175028253,0.37824503840888113,0.7493907145219655,0.7947208941925152
9.446463638522232,11.892563276489225,2.5534285319922523,0.5858918024908714,0.28661640119139237,0.6845759081873339,0.42918242461241307,0.7635469973543627,0.753295455217182
9.351592462267833,11.929669558069358,2.594242740082558,0.6459290755512552,0.3843567585495406,0.7522322200970284,0.4167082276868893,0.7839676170173018,0.8788132056485699
9.270274342783631,11.985328981230523,2.6341130698798256,0.5626172000170757,0.3674308506844809,0.7123618902997606,0.3995735588343503,0.7293365400738736,0.8336175750178109
9.188956195828528,12.022435262810658,2.673144640433606,0.6370844021334807,0.4883806090881787,0.7750199477459803,0.4459188324735318,0.8146464254791783,0.9717775586527968
9.080532008284436,12.078094685180854,2.7189310265658455,0.5370562976171733,0.4649961510806262,0.7292335616137406,0.3733518694777247,0.6961425455384842,0.9174697026048094
8.985660803024237,12.096647825970921,2.7657583669899073,0.46317488789377953,0.4217825043596186,0.6824062211896789,0.4742364560079866,0.7645894465714304,0.8466770169771484
8.890789597248055,12.11520096676099,2.8113663483737077,0.5480045934636596,0.5316591051143649,0.7293427828058787,0.4153766142421861,0.7435638923777317,0.9657966927673272
8.795918414875532,12.15230724834112,2.8684417916415303,0.4760765095350187,0.5096702405520198,0.6722673395380561,0.43373591127598576,0.7267874238839571,0.9033051328960835
8.701047206653783,12.170860389131189,2.91681537877303,0.5752340642694427,0.6293881971907419,0.7060409764065563,0.4477317098545949,0.7836485312445899,1.0188001622667682
8.592622966036819,12.189413529921252,2.973679972994145,0.5000748760459295,0.5958498869391481,0.6491763821854413,0.3995330137933718,0.6975253954041933,0.9487115176816808
8.49775173479303,12.189413529921252,3.0166792444465713,0.43109382199894564,0.5619830030056798,0.606177110733015,0.4728058664214101,0.7401642259271148,0.8881105169670445
8.40288050354924,12.189413529921252,3.071322639989669,0.5573513944204325,0.6680407481047977,0.6229668381899169,0.4360350007032613,0.7523964827981092,0.98148612598966
8.294456238115021,12.189413529921252,3.1249049929855413,0.48392038913127944,0.6354228079199893,0.5693844851940448,0.4260640639080049,0.7065533021992956,0.9142747929391293
8.199584984573256,12.170860389131189,3.173370381700808,0.6230990514860679,0.7301776937083023,0.581963065478778,0.4649102119439581,0.8002561011945688,0.9956189914410954
8.10471375358746,12.170860389131189,3.222512797820383,0.5636542843702805,0.7063565384405175,0.5328206493592029,0.3853245894711457,0.6890680527922586,0.939319731432366
8.00984247903768,12.133754107551052,3.273009405243212,0.4996736709099213,0.6526511192692592,0.4823240419363741,0.4800960565012522,0.7543014795854737,0.8583052781119679
8.00984247903768,12.133754107551052,3.322736989366823,0.531497382757224,0.6270070119274854,0.432596457812763,0.42401335910655835,0.7008514931748122,0.8019615918686063
7.928524259931276,12.11520096676099,3.3613370559690536,0.7012728142298809,0.7151346763574656,0.4453330222105327,0.469749860918384,0.8129226302855951,0.8792069446347042
7.792993866324775,12.05954154439079,3.405692665386015,0.5869322838627292,0.6649854668406467,0.40097741279357146,0.3745705027096713,0.666062220462237,0.8064969505642926
7.711675648692617,12.040988403600723,3.4510711310384803,0.7759814103838011,0.7467803053867835,0.39805005114110603,0.4996480176673257,0.8640195956442247,0.866441762842009
7.616804357373284,11.985328981230523,3.493423147010617,0.6986628012447772,0.6937004216067089,0.35569803516896936,0.33108460852992017,0.6560460025787178,0.7947520315403669
7.535486120612777,11.948222699650392,3.5349597863433884,0.6375355819867409,0.6609874131745239,0.31416139583619795,0.5085485364267832,0.8084677851623034,0.7352096860540643
7.454167884736816,11.911116417279292,3.5727626503584906,0.8309893677035796,0.719652300389031,0.3107450558210956,0.3779477299098668,0.746165460562458,0.7807515158450458
7.34574356379722,11.855456994909094,3.6154928569076583,0.7390962005252513,0.683452914031946,0.26801484927192787,0.43191136703675603,0.7605897646674273,0.7183710579022627
7.2644253103040155,11.799797572538894,3.65073270003777,0.9335509342460923,0.719529445004306,0.2598367451418162,0.4191803772944638,0.8184509095647594,0.7425436252368368
7.183107058137631,11.744138150168695,3.6988389323232695,0.8686198913157438,0.6695710155102261,0.21173051285631672,0.3704037221366614,0.7367942255374114,0.6676181482148121
7.101788787985441,11.66992558700843,3.7446169860241927,0.7892865427123771,0.6141149656030179,0.16595245915539358,0.43990733048128927,0.771203785880302,0.5889632476015002
7.020470538693834,11.614266163847264,3.782765921759419,0.994525681684874,0.6295171046798335,0.14815928442016713,0.4101294973055928,0.8140155593498322,0.5909864276568072
6.952705302447955,11.540053600686997,3.8144665340660135,0.9147320973555971,0.5818760328910176,0.11645867211357253,0.374242967887804,0.7426020635511206,0.5301492229880824
6.871387037234487,11.465841037526733,3.843775272476486,0.8213768871300824,0.5506862028819995,0.08714993370309987,0.43496018089889177,0.7655003568124399,0.4818300429795096
6.803621823741921,11.410181615156535,3.8726015987573184,1.0366352624507198,0.5514420400376374,0.07245511342226774,0.4149994799808032,0.8224740731058997,0.4757534350910959
6.73585657472001,11.317415911206204,3.899774256753734,0.9382454749192961,0.5023133204858414,0.045282455425851964,0.3670451723789693,0.7325188374814344,0.41710777654219167
6.66809134567414,11.243203347254969,3.9279772285697976,0.8516392979247043,0.4711958361438159,0.017079483609788504,0.4435544536725641,0.7742505041015282,0.3696887366396629
6.613879149110253,11.168990784094706,3.9543421867070716,1.0631909057831401,0.43662611353387204,-0.0010375225274854571,0.4075179542929829,0.8126892011853004,0.3353454526085749
6.532560892005136,11.094778220934442,3.9780717953620472,0.9636746705078246,0.42190966751619513,-0.0247671311824611,0.3753901149436276,0.7392234391837755,0.30421653293178885
6.478348679322044,11.002012516984111,3.9936613853601735,1.155790003478536,0.37554971442044277,-0.03779160518058733,0.4378043067084868,0.8719646807526548,0.2638376563380045
6.424136486738621,10.927799953032876,4.013593688043764,1.0713525595044076,0.3462042680654329,-0.05772390786417825,0.3249878974136502,0.7220056180819043,0.2262332282905236
6.369924295334596,10.853587389872613,4.02393521283753,0.9831229845603462,0.3298202789469099,-0.06806543265794351,0.4528607495624146,0.8185481439963058,0.20294997018928923
6.315712105109966,10.779374826712347,4.034344353014601,0.8947002521800327,0.31523820884612874,-0.07847457283501447,0.3699847363339185,0.6993079135076784,0.1831393384936613
6.261499899037181,10.686609122762016,4.04017198978923,1.0795105988110634,0.26932989878197683,-0.08735726960964385,0.47159477335486255,0.870107140220096,0.14576425250096045
6.193734681416716,10.612396558810785,4.043029795782637,0.9800297421794932,0.27333889551745716,-0.09021507560305064,0.32621997718932105,0.684066861042129,0.14580293289714422
6.139522478329278,10.519630854860452,4.0500283781159645,1.1616136500643728,0.2217339429055721,-0.1059635089363784,0.4849140861553639,0.9110082418189797,0.09823292297556356
6.085310276716088,10.426865150910121,4.053814658559856,1.0559023476116982,0.20343705191127606,-0.10974978938026947,0.2915173671086927,0.6732526675859922,0.08170360720269962
6.031098091822539,10.35265258695889,4.066421332769094,0.966488812256242,0.18872536676158075,-0.12235646358950802,0.49440121724057307,0.8457916538003037,0.05704351843353338
5.976885893010414,10.259886883008559,4.073380383588371,1.1415799952648562,0.1295054005036998,-0.14397297240878482,0.34654324646991075,0.7556146762066979,0.002426696948960473
5.922673711778684,10.185674319848292,4.072758076079188,1.0495980301281929,0.1294136656292521,-0.14335066489960147,0.4242389796551125,0.8011894604388492,2.7079037416854503e-05
5.868461515767625,10.092908615897962,4.07111908616498,0.9426174768368775,0.119082296032777,-0.14171167498539416,0.3849424309905398,0.7215718524900785,-0.008110713692434643
5.827802349916612,10.000142911156663,4.069845512472093,1.1179787119875428,0.05262231933534333,-0.1613561312925067,0.4526278208461828,0.8523806136538148,-0.0687077526486304
5.7735901566697665,9.907377207206332,4.06138859687373,1.010849001508897,0.04898519012945587,-0.15289921569414355,0.34139202283721304,0.7001642130975911,-0.06588010417031152
5.705824952096376,9.833164644046066,4.055949825961142,0.9104215351290631,0.06287188397906614,-0.14746044478155573,0.4711569601404777,0.7967242564502006,-0.05507708884117622
5.651612761834876,9.740398939304768,4.052016209391876,1.0703325236242658,0.006256679852785851,-0.1711993492122903,0.38824722040480175,0.7670904151886826,-0.1104798308573271
5.597400573047623,9.647633235354437,4.057310910141093,0.9637601983001104,-0.012935015396118566,-0.1764940499615073,0.4141226997926435,0.7532120664422051,-0.13117105230270973
5.543188399653191,9.573420672194171,4.06493932859972,0.8717414171736063,-0.02180718368460383,-0.1841224684201337,0.42559385949192374,0.7296682530866564,-0.14572407620053807
5.475423186013179,9.480654968243842,4.069947819355873,1.0125962887836495,-0.08583730245450864,-0.22418819117628663,0.4453782672028793,0.7955282261142786,-0.22081394114299552
5.407657974215972,9.387889263502542,4.073802388468756,0.8973804851910904,-0.09062247683471215,-0.22804276028917014,0.3895158864976769,0.6950845801809773,-0.22923336616791176
5.35344579154684,9.295123559552211,4.064298358876257,1.036249562429901,-0.16042628543605486,-0.26172956469667064,0.47496900313679324,0.8283820599840547,-0.3042525444310304
5.28568058325097,9.202357855601878,4.044330088365821,0.9244446856586644,-0.1439710962814534,-0.24176129418623482,0.36145207467760554,0.6739838448654623,-0.2778750337552293
5.245021444894655,9.128145292441614,4.028367007467893,0.8434143819133456,-0.1445800944844986,-0.22579821328830718,0.49308388259848135,0.7811895656638892,-0.26895180954820325
5.177256239731557,9.035379587700316,4.015160591024903,0.9659351882193803,-0.20483779475072017,-0.26474117184531654,0.4011577981043627,0.7261161719313445,-0.33964198893176295
5.109491035255666,8.942613883749985,4.004017301145938,0.8536214861028608,-0.20295238532969587,-0.2535978819663516,0.44862482995086284,0.7348634848827058,-0.3324794583022717
5.041725847488684,8.86840132058972,3.986871651951219,0.9802970110029782,-0.2556640383553627,-0.845278997951219,0.4407569722411089,0.681858323164613,-0.8318789050382295
4.973960647669729,8.77563561584842,3.978399615939702,0.8681568686180726,-0.25917155162573524,-0.8368069619397018,0.4856353619370871,0.6875795294567605,-0.830699017361503
4.919748489141387,8.701423052688154,3.9634866664372335,0.9920764353509662,-0.3335550518837775,-0.34735088525764723,0.48035104163514686,0.8034115188052464,-0.4982232623655345
4.838430279875558,8.627210489527892,3.9355700783990275,0.891070678606671,-0.29976551833248394,-0.3194342972194413,0.3825032371854651,0.6703664528499356,-0.4529461944203558
4.757112059442305,8.53444478557756,3.91226587241515,0.7748505001686272,-0.288826538522965,-0.2961300912355638,0.49593077353659554,0.7471090745319984,-0.43044886825412665
4.702899892400182,8.441679080836261,3.8881772102974304,0.8816576027177292,-0.3765845343715849,-0.35511736711784403,0.4299339985518742,0.7095175399211237,-0.5374561081432466
4.621581687433465,8.367466517675995,3.8691989107988722,0.7785618700319986,-0.361121536269096,-0.3361390676192859,0.4623661529434564,0.7075693943282642,-0.5139239378368713
4.540263485391444,8.293253954515732,3.8443185933493025,0.8696157881302228,-0.4280893649118482,-0.40466401216971626,0.4636883948086252,0.7316801043089829,-0.6143529858729876
4.45894528511852,8.219041391355468,3.822429127451026,0.7688767419880419,-0.41543432545997466,-0.3827745462714396,0.44329691474495225,0.6769734459736632,-0.5899709847234494
4.391180111614871,8.144828827404234,3.8051236235164043,0.6768559310966125,-0.4187965684544637,-0.3654690423368181,0.4897386375299586,0.6931095136844649,-0.5813377634529854
4.309861914732716,8.07061626424397,3.7886951390467525,0.7574908455107727,-0.5067532300707415,-0.45143028986716605,0.4756360924555545,0.694770911065168,-0.7107559454278458
4.214990693758722,7.996403701083705,3.7709163894317976,0.6460023805341044,-0.4973609313344916,-0.4336515402522112,0.47437291272520665,0.655011354124378,-0.6924037773277822
4.147225536398083,7.940744278713507,3.7504656319878933,0.7426245495698991,-0.5910650555727172,-0.5221136648083071,0.507990133347943,0.7110170991815474,-0.8281144441338508
4.05235432015474,7.866531715553241,3.7198682891391157,0.6403502310839159,-0.5783609018330009,-0.49151632195952955,0.4603181712255716,0.6291674407142887,-0.7966149738219613
3.9574831167373485,7.810872292392074,3.6938599420152545,0.5452068119484353,-0.5591264508331758,-0.4655079748356683,0.5299738337205913,0.669369619507884,-0.7650488328126035
3.876164928553248,7.7366597292318104,3.6643255344591976,0.6247431498128644,-0.670708586265678,-0.5479569024591977,0.4952985863809233,0.6499911780946948,-0.908689471518309
3.794846752457978,7.681000306861611,3.634782140906894,0.5463041146418912,-0.6624888094962871,-0.5184135089068942,0.5120239055656578,0.6426911473221986,-0.8814349058238855
3.6999755525657205,7.625340884491413,3.6031436238251566,0.45725601228527624,-0.6524615882125808,-0.4867749918251567,0.518026603736399,0.6208227123222078,-0.851342028245141
3.6051043553770232,7.569681462121214,3.5681727070175047,0.5411174445685258,-0.7552173616279623,-0.5628828240175046,0.5364496742279552,0.6584195491328745,-0.9840615687814581
3.5102331597362846,7.514022038960046,3.5334267694316734,0.4580899143285278,-0.7511748769669716,-0.5281368864316733,0.5044887754872049,0.6003728429627343,-0.9553504289804485
3.401808951257908,7.476915757379914,3.4937701038084854,0.5435894976329496,-0.8453088459250322,-0.5948370268084853,0.5538691850369317,0.6717618097065915,-1.0747182577870105
3.293384733847274,7.421256335009716,3.4462289560399886,0.4630203509825685,-0.839095833078943,-0.5472958790399884,0.4930377650652714,0.5870661642275768,-1.0340394223843383
3.1985135515116196,7.3841500534295825,3.4038612047396533,0.39689719302392346,-0.8299715298744478,-0.5049281277396531,0.5652304368539176,0.6430870949504434,-0.9963883004551154
3.103642361767872,7.328490631059385,3.357399357017123,0.5105788597665172,-0.9569030636143706,-0.5570557790171229,0.5171598853673119,0.6272512565883768,-1.1265246378967306
2.995218166594578,7.309937490269318,3.3242415986023772,0.4320305890826366,-0.9380014254686554,-0.5238980206023771,0.531024966308085,0.6175967766253887,-1.0886455209766415
2.886793964160615,7.272831208689185,3.2800508899055347,0.3605384277892176,-0.9397870454035395,-0.4797073119055346,0.5390462361427315,0.6061752422779821,-1.0569343662020287
2.7783697693059692,7.25427806789912,3.2398022506199706,0.4783802566972225,-1.0432718058072046,-0.5283258206199708,0.5486194500676175,0.6515419410465566,-1.16779655013677
2.6699455761966213,7.235724926318085,3.1915870619378914,0.41889048952736163,-1.0321147472525993,-0.4801106319378916,0.5101799994418788,0.597696989692062,-1.1227732705951121
2.547968360519601,7.21717178552802,3.15235415881499,0.3368808106831307,-1.0321298820029348,-0.4408777288149901,0.5560738912820185,0.6203883838059764,-1.0942907967504565
2.4530971917470237,7.198618644737953,3.1163308963738316,0.4822138477816883,-1.1466296957666322,-0.48311590537383164,0.536436293753072,0.6469637016374851,-1.2072489444818464
2.344673005627295,7.198618644737953,3.07940520441159,0.4160010075878623,-1.1347843105768154,-0.4461902134115898,0.5141713372250095,0.6054418145759574,-1.1708942123874049
2.236248820663165,7.198618644737953,3.0403091270290257,0.3521688991050569,-1.1286201135923148,-0.40709413602902567,0.54948808866966,0.6240454022264834,-1.137521196172471
2.141377658819552,7.198618644737953,2.990405903514469,0.5315212833584764,-1.222221677169189,-0.4247978825144689,0.5334112571665826,0.6707601356732874,-1.2153517042168869
2.032953473855423,7.198618644737953,2.945705454107368,0.4792554002514119,-1.218352813915311,-0.3800974331073679,0.49408895448292667,0.6181044417856277,-1.178214278742281
1.9245292929692726,7.21717178552802,2.8960224566422346,0.4294887689950544,-1.2014107997775008,-0.3304144356422345,0.5389865200769542,0.6534136563935449,-1.1285023535235992
1.8296581358432518,7.235724926318085,2.854537954088295,0.6161032661129999,-1.2758699859363363,-0.346366651088295,0.5086943638137692,0.6886345535912539,-1.1907403624501303
1.7212339549701599,7.25427806789912,2.814190183039749,0.5584352017797222,-1.2672798842036286,-0.306018880039749,0.47922875022510536,0.6434183383395518,-1.15380623328903
1.6263627967753094,7.272831208689185,2.7851011334918385,0.4996765634398338,-1.266223988251673,-0.2769298304918384,0.5177399368932241,0.6655947795392304,-1.131915208154658
1.5314916380644727,7.2913843494792525,2.7587055220268617,0.6841078859669888,-1.346573278734766,-0.29855411302686186,0.49861140217511646,0.710526310434511,-1.2030462817366598
1.4366204815888046,7.328490631059385,2.7289482966624146,0.6220805365529595,-1.3296777485297864,-0.2687968876624147,0.4608267708569863,0.6535847899558862,-1.1683875954751601
1.3417493252367638,7.365596912639517,2.6835623381100544,0.5802678503072816,-1.308753250217409,-0.22341092911005456,0.5093313200312868,0.6948850961453122,-1.119015622461596
1.246878171243519,7.421256335009716,2.645097269471729,0.7797955361188548,-1.340961079843584,-0.22438308747172897,0.47393945176163976,0.7321985313939995,-1.138467840236889
1.1384539889330352,7.458362616589848,2.59220779543742,0.7377501617989051,-1.3228313586957965,-0.17149361343741987,0.4427562320636481,0.6929961887142149,-1.084408969441925
1.0435828319912952,7.514022038960046,2.5422287154756433,0.6931822607976842,-1.2918836066855768,-0.12151453347564312,0.4762016982372268,0.718624805192314,-1.0240527160218964
0.948711672345995,7.569681462121214,2.4942834705673103,0.917528904317799,-1.2987645821250835,-0.10522212956731014,0.45420605856294693,0.781636593225107,-1.0111630618961336
0.8538405123083348,7.625340884491412,2.439119009431446,0.8793704606507812,-1.2650147522692345,-0.05005766843144599,0.40116875077159286,0.721935708986621,-0.9436539771544935
