-0.1335955209928695,-0.0013998288836903855,-2.7532068142563678e-06,0.9335955171353127,0.0014023992652352337,2.7532068142563678e-06,0.9999148372900211,0.7687421441078186,-0.0064451731741428375
-0.1335913030474777,-0.0013997725718804634,-5.2362288599227625e-06,0.9335912957051495,0.0014046610695856417,5.2362288599227625e-06,0.9999901133144048,0.7687439918518066,-0.006451379507780075
-0.133587077584739,-0.0014097441464480883,-2.4238101824051927e-05,0.9335870431409824,0.0014323725246798886,2.4238101824051927e-05,0.9996573059024333,0.7687318921089172,-0.006410099565982819
-0.12720310500724022,-0.00048584669153843135,-0.0024268008917137647,0.9271991956389235,0.0027359803742617135,0.0024268008917137647,0.9227402400221261,0.7653629779815674,0.005287405103445053
-0.11488868087395492,-0.00043717554319301806,-0.0007769644871315408,0.9148880650569615,0.0011480113544361493,0.0007769644871315408,0.7799381385763473,0.7586261630058289,0.024184700101614
-0.09273720801929286,-0.00036109293573092165,-7.178762910522178e-05,1.0927371792815965,0.00043953794813186934,7.178762910522178e-05,0.6711757510318253,0.7647903561592102,-0.09083806350827217
-0.04564177549230555,-0.0004333142215008029,-0.0005399085408742892,1.0456413891393384,0.00099786505620036,0.0005399085408742892,0.5342057664732353,0.7532583475112915,-0.05905115231871605
-0.006431297957359176,-0.0011465426537041554,-0.0044474481252687855,1.0064162452993095,0.0056225675479654675,0.0044474481252687855,0.49231895592403496,0.7477934956550598,-0.032865457236766815
0.038085217712113165,-0.0018714685622929043,-0.007121252400833459,0.961877064879002,0.00872140116543765,0.007121252400833459,0.4274530284594341,0.7406443357467651,-0.0031204037368297577
0.11349487835411502,-0.0028095203604341368,-0.0085609945625466,1.0864412545730386,0.012110868224730075,0.0085609945625466,0.32179214011238777,0.7548860311508179,-0.05577866733074188
0.16871297015347736,-0.0032473520725197244,-0.008268123937390253,1.0312249304871366,0.011773952902303183,0.008268123937390253,0.2697266608599185,0.7638534307479858,-0.04451664909720421
0.2578181805669476,-0.004851597773322579,-0.01182652597095143,0.942058554052757,0.015993736497761108,0.01182652597095143,0.2440937369563736,0.7649895548820496,-0.028160247951745987
0.3209710046799917,-0.006190040237917711,-0.014778672857063567,1.0788196853006256,0.02213540031968373,0.014778672857063567,0.21120846024255202,0.7796729207038879,-0.017845764756202698
0.38669093114055253,-0.00761100146972088,-0.016999081374390337,1.0130332912463267,0.02483439555953814,0.016999081374390337,0.1797797635344104,0.7833673357963562,-0.004274338483810425
0.4896703544426967,-0.009864560687028233,-0.019210499123421897,0.909972183726678,0.027349551764780447,0.019210499123421897,0.13490255096710824,0.788165807723999,0.01305105909705162
0.5609702203390889,-0.011319051204005804,-0.019889716558313335,1.0385991480405965,0.03198145762324988,0.019889716558313335,0.11576750633251687,0.7992736101150513,0.016771912574768066
0.6711218233709613,-0.013336204036105942,-0.019187274152912315,0.9284513282300096,0.03115529591757338,0.019187274152912315,0.07490944674683697,0.8027859926223755,0.026946518570184708
0.7464966459600095,-0.014571541078650137,-0.018201019728739467,1.0530636558156903,0.033742904187548224,0.018201019728739467,0.05720471153030837,0.8133600950241089,0.02663213387131691
0.8232777154445093,-0.01565064353036764,-0.016618043356522214,0.976327351054037,0.03187894875962504,0.016618043356522214,0.03667984453731288,0.8139976263046265,0.029685962945222855
0.940737847506161,-0.01694046055833765,-0.013942602276127161,1.0589230094637412,0.031707206405852166,0.013942602276127161,0.01894860282316979,0.82237309217453,0.026370398700237274
1.0203507044700288,-0.017601476075960302,-0.011845858196607547,0.97937206229197,0.02920475636595636,0.011845858196607547,0.006769629374937081,0.8215013146400452,0.024437595158815384
1.1414593749250868,-0.01830213502767238,-0.008804886895427716,1.0583384469654837,0.02762163563671651,0.008804886895427716,-0.00910003471810783,0.8287304639816284,0.02152656391263008
1.2231860933121386,-0.01864001851046238,-0.007092204274733064,0.9766571425222309,0.025567255409673674,0.007092204274733064,-0.018423700139664323,0.8287323117256165,0.013102248311042786
1.347136432643543,-0.019049786783277144,-0.0052516722332191035,1.0527490055925586,0.024578793032447258,0.0052516722332191035,-0.038868536120304054,0.8361300230026245,0.016334574669599533
1.43060735958718,-0.019241747309985367,-0.004239735150688138,0.9693023481698346,0.023351530110999066,0.004239735150688138,-0.05334714485896952,0.8387672305107117,0.004022851586341858
1.514694809159774,-0.019410964669614846,-0.003525752643494155,1.085230007051657,0.023237353739296304,0.003525752643494155,-0.06788691291262383,0.8452022075653076,0.014154274016618729
1.6418456658331193,-0.01966934047772737,-0.0026393768300508776,0.9580990820274904,0.022198199379400103,0.0026393768300508776,-0.0828154756035695,0.8471649289131165,-0.002604469656944275
1.7271322339346513,-0.01977629252799234,-0.0022546070791188513,1.0728204515059576,0.022195135475084088,0.0022546070791188513,-0.08708435423900052,0.8505655527114868,0.008796539157629013
1.8556493033594734,-0.020000934434169185,-0.0018612483277956394,0.9443118342254734,0.021758569930248238,0.0018612483277956394,-0.0965104610754206,0.8509145379066467,-0.006607554852962494
1.9416880133557257,-0.02009579651885139,-0.0016930603505588694,1.058276446463622,0.02188755292412351,0.0016930603505588694,-0.09604001135304796,0.852914571762085,0.005496177822351456
2.028061491437453,-0.020311269162294966,-0.0020089167411004843,0.9718957436932951,0.02226377040458566,0.0020089167411004843,-0.0931208429200765,0.8504630923271179,-0.0028793998062610626
2.158015828288231,-0.020473809256126428,-0.0016797877860194555,1.0419766584393855,0.00534790307220995,0.0016797877860194555,-0.09269681465910584,0.8506037592887878,-0.004615530371665955
2.244976987554625,-0.020677176794547718,-0.0019296554411579625,0.9550138998516038,0.005643821356694942,0.0019296554411579625,-0.09304450712855994,0.8490955829620361,-0.013464562594890594
2.3756983771687876,-0.021160552323581733,-0.0028682366280589006,1.0244295188205372,-0.04312136654137685,-0.2437277998719411,-0.08783746885163946,0.8522332310676575,-0.2634645625948906
2.4629483436283977,-0.021870372302493526,-0.0051611326086360015,0.937273230769935,-0.040512841043728556,-0.24143490389136402,-0.08621441775797756,0.8502343893051147,-0.4000902287662029
2.5499536367297932,-0.026112212787003014,-0.022258121809425033,1.0525475946854248,-0.10066880517667537,-0.37094924659057493,-0.07533105020664044,0.8488313555717468,-0.6103863418102264
2.679344178765419,-0.039678910477837795,-0.0673564449596127,0.9260056137032111,-0.04828717120290033,-0.3258509234403873,-0.07212893031996703,0.8476117253303528,-0.5294845402240753
2.7644134809177037,-0.05539013090820165,-0.1107321158258249,1.0523366269997365,-0.09325317068429312,-0.4080145424741751,-0.0734951421019785,0.8497153520584106,-0.6614103317260742
2.8907436512035107,-0.0859775689205293,-0.17618718200165467,0.9264469212858728,-0.016250750616415156,-0.3425594762983453,-0.09927339527320012,0.8580005764961243,-0.5397998839616776
2.9730384783917683,-0.11259468157136228,-0.22761489259680556,1.0670952326423042,-0.05588419661485177,-0.39466322450319447,-0.09635730597490788,0.8586643934249878,-0.6224339306354523
3.0548091622474707,-0.14226888990265635,-0.2732961430711817,0.9817888500955161,-0.0005941674365742874,-0.3489819740288183,-0.11168296750084283,0.8638094663619995,-0.5362584143877029
3.1740870068054186,-0.19464360106933543,-0.3463592537771527,1.0951878536609851,-0.012481039482515258,-0.3591224305228473,-0.09994216417820123,0.8620092868804932,-0.5443426072597504
3.251990377495333,-0.23362648301482694,-0.3915978691210228,1.0077472593983645,0.04335845398623516,-0.31388381517897723,-0.0961963930047518,0.8615707755088806,-0.45718346536159515
3.365360935159319,-0.2983752308876079,-0.4581597165574831,1.137643008315881,0.03238422381133776,-0.3128749611425169,-0.08548019469782275,0.8601447939872742,-0.4465551972389221
3.4393288760379432,-0.34464367782159666,-0.4964156802093528,1.048495782177504,0.08132594963474049,-0.2746189974906472,-0.07871573812938792,0.8585430979728699,-0.3732875771820545
3.511875729139456,-0.3935268456415318,-0.5330533894530054,0.9574908202475645,0.12491254833468432,-0.2379812882469946,-0.07967362977522585,0.858879566192627,-0.3060530088841915
3.618321269811207,-0.47095399343850813,-0.5828917803760699,1.1039390205327284,0.10905504425938334,-0.23875347772393007,-0.08610222447692206,0.8625302910804749,-0.30025775358080864
3.6881500585216567,-0.5244941456817893,-0.610373530737445,1.0126176444155943,0.14319682584898727,-0.21127172736255495,-0.08763808565869469,0.862682044506073,-0.2516172043979168
3.791266793909112,-0.6070403339931453,-0.64454866317632,1.1744591095207793,0.11634525944880965,-0.21508078582368007,-0.09299060601049369,0.8657006025314331,-0.2543144039809704
3.8588893804419855,-0.6637004074958718,-0.6651527010718181,1.0836364115245254,0.14336361607455161,-0.19447674792818193,-0.09335871372376459,0.8652562499046326,-0.21944377943873405
3.958507994207299,-0.7509017624410039,-0.6934160514082047,0.9468025115958906,0.17732013037436659,-0.16621339759179532,-0.09477509585330957,0.8644921779632568,-0.1746205948293209
4.024133460956224,-0.810064347286439,-0.7089395988029593,1.1671178707293288,0.13818522380779896,-0.17785037609704069,-0.11270904057491604,0.8717297911643982,-0.1900986172258854
4.089047905761314,-0.870161502493758,-0.7237684484598224,1.0765019715513522,0.15752094710886144,-0.16302152644017764,-0.11921144161213348,0.8727601766586304,-0.16829049959778786
4.184744047001528,-0.9621580211186955,-0.7458136238853242,0.9400497895340175,0.1838506843739362,-0.14097635101467576,-0.12748692102863357,0.873701810836792,-0.13719984516501427
4.247808909223308,-1.024357086088802,-0.7587213211647555,1.1691625207771406,0.15074368787158643,-0.14570284743524442,-0.12141595117865633,0.8742625117301941,-0.13634050264954567
4.341406163823801,-1.11883280475491,-0.775460109306423,1.0335006492379495,0.17223477418256256,-0.12896405929357702,-0.12101093284005837,0.8725124597549438,-0.11484160646796227
4.403069464661098,-1.1826193659263573,-0.7859177769251894,0.9429357790105777,0.1844884440138198,-0.11850639167481059,-0.117037160555858,0.8701474070549011,-0.10233631357550621
4.464320816970793,-1.2470079894660455,-0.7950795269992098,1.1773491681179244,0.15585282480646392,-0.11829048270079023,-0.11814726027347944,0.8730606436729431,-0.09183770045638084
4.55550060023869,-1.3444572707753275,-0.8073570576488645,1.0419009192212876,0.171799130145226,-0.10601295205113559,-0.10305883467720567,0.8667828440666199,-0.07860757037997246
4.615876917508865,-1.4100098055682382,-0.8146642604894225,0.9515036263040696,0.18046079643122317,-0.09870574921057751,-0.10730317546912493,0.8666885495185852,-0.07331481948494911
4.705874316623329,-1.5089435803893338,-0.8241152198268485,1.1422698098136943,0.16116757057426084,-0.08993455417315144,-0.09320982409924272,0.8646892309188843,-0.04867739602923393
4.7654558467937616,-1.575276605162974,-0.8297515982809759,1.0521841199597621,0.1684248589609885,-0.0842981757190241,-0.09820159188170563,0.8647760152816772,-0.04662502929568291
4.825035865158751,-1.6417608410769775,-0.8338578971247145,0.9622109168214993,0.173302243889012,-0.0801918768752855,-0.09805576739403876,0.8632510900497437,-0.04764537140727043
4.914017666805714,-1.7419804070588083,-0.8396246880988804,1.1508582177737043,0.15785444539128324,-0.06687076200111963,-0.09792395023846123,0.8654245734214783,-0.01563737913966179
4.972956353538914,-1.8090246887831702,-0.8435354219178116,1.0609661594877777,0.1628996164667605,-0.06296002818218838,-0.09632327077596892,0.8634902238845825,-0.01673125848174095
5.061547121754939,-1.9093840572010874,-0.8454987189433008,0.9267777649139136,0.1652638480247904,-0.060996731156699235,-0.1056490723047474,0.8638164401054382,-0.02777983620762825
5.1204872305762965,-1.9763718142813094,-0.8469701001815305,1.1549032091189873,0.15304175277101711,-0.043380648018469525,-0.11045872229482079,0.8682629466056824,0.016115840524435043
5.179264918883556,-2.043662169574364,-0.8492520187339149,1.0652049781725308,0.1559955511904486,-0.04109872946608517,-0.10985934646264917,0.8665383458137512,0.011452484875917435
5.267859428264369,-2.1441545806751376,-0.8487094173677179,0.9313204093907571,0.15535442332915236,-0.041641330832282164,-0.12510371183487545,0.8684834241867065,-0.005340810865163803
5.326962847654218,-2.2109680517118124,-0.8478819254955479,1.1504838163842408,0.14923464695952102,-0.016967457104452133,-0.13090334438493256,0.8732480406761169,0.05116540566086769
5.415502580600972,-2.3114210180088586,-0.8480907727382485,1.0165493696432006,0.14950966899872267,-0.016758609861751483,-0.13323254452372568,0.8714442849159241,0.03703222796320915
5.475249551162836,-2.377908631636257,-0.84455701296334,0.9276843661360884,0.14539699997270347,-0.020292369636660035,-0.1398765611147763,0.8715707063674927,0.01954241469502449
5.535217913039261,-2.444265431440376,-0.8411937573712477,1.1346612572133352,0.14548070197032295,0.012419997271247651,-0.13680026971509296,0.8736826777458191,0.0906406082212925
5.625233883314841,-2.5436878819496216,-0.8379648366513528,1.0010074457317462,0.14142018582336954,0.009191076551352761,-0.11329667014099942,0.8641332983970642,0.07132070884108543
5.68574926766283,-2.6092291679422326,-0.8328278540598272,0.9125169265813962,0.1355999516928432,0.004054093959827143,-0.09343442197075214,0.8564339280128479,0.05280330404639244
5.7776322516455805,-2.707089061960164,-0.8245057209775757,1.060550684420214,0.13938574268882414,0.04409827647757569,-0.11499673277233424,0.8647065758705139,0.12833255901932716
5.839772003873245,-2.7715410163902727,-0.816491613541864,0.9721122521641506,0.12973332794746786,0.036084169041863956,-0.12384314148054387,0.865259051322937,0.10116884484887123
5.93442712916471,-2.8669834592736367,-0.8024621745522378,1.1039190300512158,0.1368674826973879,0.08494579465223784,-0.12749556929184291,0.8679583668708801,0.19127479568123817
5.998868866363241,-2.9294630129031165,-0.7896343018528375,1.015843651805482,0.12092803732793328,0.0721179219528375,-0.134863500859135,0.8678191304206848,0.15385164692997932
6.06451016207114,-2.990836610174208,-0.7751229181068058,0.9276521087722225,0.10407980144408863,0.057606538206805835,-0.14131778852621868,0.8673973083496094,0.11351955309510231
6.163809575984179,-3.0820843778282407,-0.7585303715936547,1.0414604536186551,0.11666515421063955,0.12109120579365462,-0.1367271860226933,0.8673027157783508,0.22692178562283516
6.230815755466276,-3.141843395439152,-0.7465673078623456,0.9530136698440252,0.10255717964255737,0.10912814206234556,-0.1273281831780788,0.8623338341712952,0.19308920949697495
6.3338330407555254,-3.2280681296458744,-0.7203970447890582,1.0500057713665216,0.11678571353157342,0.18295298548905814,-0.11226923472103323,0.8586903214454651,0.32175811007618904
6.403777098647131,-3.2837817134074756,-0.7016169931357245,0.9626299576722892,0.09445547981317706,0.1641729338357244,-0.0997306391327748,0.8524879813194275,0.2738984115421772
6.475621962570253,-3.3366143722553137,-0.6756554261887691,0.8756551442444784,0.06572783566660555,0.138211366888769,-0.09931385563638995,0.8496353626251221,0.21108181402087212
6.584966129314238,-3.4137650363017378,-0.6438011378696125,0.9564800115555339,0.08333679741381834,0.22821177476961246,-0.09553366179138068,0.8487847447395325,0.36284834146499634
6.6587960285044465,-3.463929316646341,-0.6259603234080613,0.8685926604279874,0.0636580833296316,0.2103709603080613,-0.10244928162930322,0.8484146595001221,0.31609370931982994
6.772831301903531,-3.5335618747525794,-0.5850014679397517,0.934521814881503,0.08701063252714887,0.3127557241397517,-0.11506502409140484,0.8521257042884827,0.486272968351841
6.850302881881361,-3.577533532011886,-0.558563762908484,1.0290063985716376,0.14544639199204507,0.44668226770848396,-0.12323712348950733,0.8569232225418091,0.7228864133358002
6.929579177379567,-3.617305723837846,-0.522233850356802,0.9450619029169649,0.10290136637291869,0.410352355156802,-0.12064418874742255,0.8524025678634644,0.6400888115167618
7.051697535271576,-3.6667818644598213,-0.45006355448901725,0.9937200140379903,0.12306857155864567,0.5063760710190173,-0.09972047765146286,0.850645124912262,0.7802138477563858
7.1349347117634405,-3.693774308567775,-0.39796990090828566,0.9115871361446343,0.06378312419994138,0.4542824174382857,-0.08846312650257682,0.8438279628753662,0.6626743897795677
7.261659131654486,-3.7235213544288643,-0.310367553692011,0.9779472064633188,0.023308539955388455,0.25173160724201105,-0.07041404820336883,0.8413386940956116,0.4126743897795677
7.347391172366778,-3.7379803675340915,-0.2566011697373949,1.0846436217466293,0.01370567814127435,0.2566011697373949,-0.06666904695739206,0.8462820053100586,0.348486702889204
7.433373388911787,-3.751448207220933,-0.21821860872886883,0.9975119076853974,-0.03339151064884396,0.21821860872886883,-0.08057024619534192,0.844959020614624,0.26424046978354454
7.563188831238313,-3.7687212207957117,-0.1739964703243398,1.061195061065395,-0.0482940550131469,0.1739964703243398,-0.07968100990866667,0.8477782607078552,0.19072842970490456
7.6501526781807145,-3.778780649297728,-0.15164326368942538,0.9723650434895871,-0.07519413602068237,0.15164326368942538,-0.09492530576848557,0.8466231226921082,0.1448526717722416
7.781124813012393,-3.7922700428111527,-0.12594381753012965,1.0368984371576735,-0.07810257865581491,0.12594381753012965,-0.10892823053385459,0.8529601693153381,0.10868249833583832
7.868543095223445,-3.8006090699657533,-0.11387618553001097,0.9480807979557798,-0.09225783968517397,0.11387618553001097,-0.11237577291878353,0.8490849137306213,0.08479596301913261
7.95618233273673,-3.808330902083891,-0.10402787017219617,1.058077752005288,-0.08224254554879976,0.10402787017219617,-0.11828553766947891,0.8560075163841248,0.07719531655311584
8.08806625723912,-3.819156737973249,-0.09274090123079569,0.9247623745941147,-0.09561373929199153,0.09274090123079569,-0.1260689191808948,0.8507735729217529,0.05744152143597603
8.176198211167238,-3.82585098848766,-0.08601448409851921,1.0349777023389435,-0.08555195315765163,0.08601448409851921,-0.12187946992191989,0.8554388284683228,0.05208597704768181
8.308557315443524,-3.835349615992722,-0.07848400256608629,1.1009920676405276,-0.07857066639801055,0.07848400256608629,-0.12837375747427182,0.8602359890937805,0.046745870262384415
8.396887208110185,-3.8413941169415655,-0.07463000801412341,1.0121463742383414,-0.08337155695982994,0.07463000801412341,-0.11921993043679024,0.8534702062606812,0.03913015127182007
8.485358338047202,-3.8471822760638203,-0.071137190252029,0.923190222764425,-0.0874210450691486,0.071137190252029,-0.12024384481162564,0.8490164875984192,0.03456208109855652
8.618196758732111,-3.8555037421398075,-0.06663365624255681,0.9892456132846741,-0.07880285335417798,0.06663365624255681,-0.12122143809932795,0.852573037147522,0.03354385122656822
8.70683180315589,-3.860785704470819,-0.06385822821507976,1.0998239909176817,-0.0691701935301258,0.06385822821507976,-0.1218486794959146,0.8584072589874268,0.033974356949329376
8.79554413737899,-3.865834556294245,-0.06112411602798661,1.0107756826335876,-0.07255663742957322,0.06112411602798661,-0.12270649468416628,0.853911817073822,0.030935104936361313
8.928795038940104,-3.8729756433182647,-0.05711151643328039,1.0767090582417327,-0.0656723662581457,0.05711151643328039,-0.1242831686828787,0.857624351978302,0.02924421802163124
9.017719997191064,-3.877492977388988,-0.05460634405535103,0.987502196015322,-0.06871235239937422,0.05460634405535103,-0.12499274252817316,0.8530853390693665,0.02677435800433159
9.151268991568669,-3.883926198441184,-0.051092895795110616,1.052428545653006,-0.04550874548894508,0.1352745408951106,-0.12633962050456482,0.8574822545051575,0.15091954544186592
9.240338975195554,-3.8877928235594155,-0.048107024273279654,0.9631350942720612,-0.04907204194626347,0.13228866937327965,-0.12333196749392172,0.8520910143852234,0.14667190983891487
9.329339194485073,-3.889415512525784,-0.0365242075004038,1.0715302444577857,-0.004239178687064536,0.2831202440004038,-0.11432464039362622,0.8569793105125427,0.37827593088150024
9.46267639725374,-3.8895642874104137,-0.017804146370782536,0.937944424118167,-0.02652145438160488,0.26440018287078254,-0.09488342633197222,0.8455361723899841,0.33607635647058487
9.550940312652902,-3.88530053068003,0.00766229376881922,1.0493007659533677,0.027443244234839625,0.38554507463118076,-0.08568431411546418,0.8500877618789673,0.5357748419046402
9.682788523680138,-3.8738357815411653,0.0492963239667958,0.9172807344962253,-0.021208358749130525,0.3439110444332042,-0.0884107609815008,0.8438265919685364,0.44542820006608963
9.769399358961946,-3.8610684829082604,0.08682817946633907,1.0375953534934832,0.03558482401844474,0.4319184788336609,-0.06956404514759118,0.8462334275245667,0.6013822555541992
9.855392957365781,-3.845098686422825,0.12394114577029695,0.9508930098264063,-0.008155497345696382,0.39480551252970303,-0.08906141840890403,0.8461858630180359,0.5226624235510826
9.982668242334805,-3.8160466355026452,0.17525548728513235,1.0407837803746651,0.04306798746220728,0.4470226298148677,-0.0944967320186596,0.8521788120269775,0.6322673186659813
10.065949336750068,-3.7915647915224855,0.21708773981757518,0.9550749120203003,-0.006464915350744622,0.40519037728242485,-0.11429894857037848,0.8522658944129944,0.5424939543008804
10.187972193582981,-3.746645447636402,0.28767640374963305,1.0625983126298677,0.024332725082149842,0.417805280550367,-0.10449541369916115,0.8554909825325012,0.5790582820773125
10.267801808066105,-3.7123878367206973,0.3322994329852631,0.9759880501049953,-0.029433837120921298,0.3731822513147369,-0.0941804921803635,0.8486751914024353,0.476356603205204
10.384061445721347,-3.6539842708104815,0.4010907335157835,1.1018217741975378,-0.004001047435096243,0.3699439441842165,-0.09135825087474814,0.8543384671211243,0.4881044626235962
10.460148847098266,-3.611946603726293,0.44020165864607896,1.0140758910850018,-0.0526878001152472,0.33083301905392104,-0.10007381216202349,0.8518097996711731,0.4006042331457138
10.534750026345728,-3.5668373090669294,0.4792534229653749,0.9242484843499568,-0.09786641352122362,0.29178125473462513,-0.09509090316177748,0.8460055589675903,0.3135659322142601
10.644102761488636,-3.494810226879684,0.5319843680324854,1.068473721077673,-0.06916630584114668,0.2896608900675146,-0.08846624812674642,0.8517467379570007,0.32812030613422394
10.715973886993666,-3.44482572526849,0.5606471295661623,0.9786056831276243,-0.10387519603398719,0.26099812853383775,-0.08100650418166477,0.8453737497329712,0.2630945146083832
10.822405583345418,-3.367358613466932,0.5960627522586799,1.1385766512950453,-0.0629913696954138,0.26356669674132016,-0.08257593735331503,0.8537284731864929,0.29498935863375664
10.892024461686889,-3.3136943217945576,0.6191417416679292,1.0489804458767515,-0.09255004519870655,0.2404877073320708,-0.07887917063126082,0.8482332825660706,0.24235771968960762
10.960516604695838,-3.258609805764553,0.6413679009716056,0.9588266109844716,-0.11899978365459572,0.21826154802839448,-0.08779111488739955,0.8455595374107361,0.19586623087525368
11.06196667923339,-3.1743049225935414,0.6682990259043582,1.1323885192524732,-0.0794766140088843,0.2184909489956418,-0.10448280509051111,0.8580707907676697,0.22591536864638329
11.128660983012516,-3.1168091104108266,0.6851174490848044,1.042866100478273,-0.10082929295583822,0.20167252581519557,-0.12071747046069459,0.8571046590805054,0.1922057718038559
11.226920011159569,-3.0280954046970363,0.7108832555045442,0.9075770014765573,-0.13077478472638476,0.17590671939545577,-0.11758826909950981,0.8493013978004456,0.13746069371700287
11.291689401647753,-2.9680885588927253,0.7247452234787899,1.1357484009072025,-0.08750611673666865,0.17967894512121008,-0.11248065143659414,0.8597174286842346,0.16918160393834114
11.356040318163748,-2.907514237725858,0.7364702068653831,1.046283972409048,-0.1024695178999575,0.16795396173461685,-0.10374815253182046,0.8530420660972595,0.14277973026037216
11.451080356488996,-2.814531771526831,0.7564213271533123,0.9110931700537862,-0.12571995374340847,0.14800284144668763,-0.10268702479503533,0.8457053303718567,0.10170368477702141
11.51386829643062,-2.7517168875206117,0.7674755320286694,1.1446592839700007,-0.08981385956884515,0.14589447767133068,-0.09811284388927266,0.8565452098846436,0.11940902471542358
11.607403338522087,-2.6568496486468614,0.7806070216452099,1.0101667511138874,-0.10641703620080134,0.13276298805479014,-0.09188464330183255,0.8480679392814636,0.09189371392130852
11.668894489359166,-2.5929451429907786,0.790111779556146,0.9204344913026964,-0.11730200988033453,0.12325823014385406,-0.0914910203691568,0.8432595729827881,0.07342689856886864
11.730153867410557,-2.528581995455706,0.7976131536271199,1.1560389365934414,-0.08725685180065743,0.11643662037288005,-0.09549026392507876,0.8561769127845764,0.08156778290867805
11.821557327295647,-2.431588223533036,0.8068097679400412,1.021916536365739,-0.09898452673112405,0.10724000605995876,-0.0910185052333552,0.8481090068817139,0.06364618614315987
11.881947829496937,-2.366376349947117,0.8133982115374385,0.9323672831467951,-0.10663657770736182,0.10065156246256146,-0.09851856548399507,0.8451077342033386,0.053232792764902115
11.97210068609473,-2.268199800670779,0.8212078070251873,1.1214475234640815,-0.08718250987773102,0.08528764307481274,-0.11028166927630068,0.8573657274246216,0.04441012442111969
12.03193582984594,-2.2024220734109603,0.8255124143229932,1.032143073021339,-0.09264567813766497,0.08098303577700683,-0.11125052309995209,0.8528880476951599,0.03759210184216499
12.09165641797658,-2.13645861343873,0.8290984852174873,0.9428241589094379,-0.09687407446272953,0.07739696488251269,-0.1123109986946742,0.8484244346618652,0.03277142345905304
12.181134414502964,-2.0369961855816383,0.8338717099978726,1.1259524680959057,-0.08400661552292449,0.05647903820212741,-0.11542411566206656,0.8584068417549133,0.009674318134784698
12.240689543763022,-1.9704317060805614,0.8365628628888833,1.0364055093494988,-0.08742541203625516,0.05378788531111678,-0.124432999725272,0.8557459712028503,0.008237030357122421
12.330001085881838,-1.8707443340164678,0.838371772361028,0.9024022492588084,-0.08955034919893376,0.05197897583897204,-0.12620646186390228,0.8506171107292175,0.0028166845440864563
12.389614380348235,-1.8042295547549174,0.8390044562520116,1.121205986160152,-0.08224903876653951,0.025844926347988406,-0.1276247128745358,0.8605658411979675,-0.02697979286313057
12.449310604448097,-1.7376225926266713,0.8393406448367503,1.0317348680209202,-0.08269023434341509,0.02550873776324969,-0.12953478893826276,0.8562816381454468,-0.024173904210329056
12.539304146197003,-1.638031526364223,0.8373660011663754,0.897668038162684,-0.0804665841476288,0.02748338143362461,-0.13318695753416243,0.8537768721580505,-0.02989838644862175
12.599577398959674,-1.5718704812898123,0.835348369022517,1.1042774995792741,-0.08029531355535789,-0.0065746089225169335,-0.1319900102476037,0.8602710366249084,-0.066887978464365
12.690757963926806,-1.4732540808607921,0.829067816467257,0.9704517040623556,-0.07275232123163652,-0.0002940563672569896,-0.1406723548602573,0.8585307598114014,-0.05990997329354286
12.752125941891636,-1.4080580002173602,0.823993916685755,0.8812762450069763,-0.06707905008588166,0.0047798434142450885,-0.1417308776515136,0.8573980927467346,-0.059093866497278214
12.84464808756769,-1.3108660832953192,0.8166238848078882,1.0288179580852324,-0.06988506569699164,-0.036216440307888176,-0.13574901918370164,0.8592901229858398,-0.10505625233054161
12.906954319993435,-1.2468463002784385,0.8093910315579111,0.9399671700584096,-0.06151034689679782,-0.028983587057911153,-0.1205491239842198,0.8535099625587463,-0.09824242815375328
12.969913598623815,-1.1835549325941344,0.8009662997534608,1.115711510579478,-0.07456030371993039,-0.08344991985346084,-0.11753478582766119,0.8566202521324158,-0.16720746830105782
13.065664280149292,-1.09016481279759,0.7855984607108768,0.982983143556888,-0.05571014191647016,-0.06808208081087685,-0.0974214358240495,0.8489126563072205,-0.14671243354678154
13.13067322415224,-1.0293513248605592,0.7725213185881022,0.8946268840391542,-0.04103036493249583,-0.0550049386881023,-0.09074095202327737,0.8458779454231262,-0.1285928599536419
13.196360946155488,-0.9691569705074989,0.7607306514868876,1.0529516146207378,-0.05939803271458537,-0.12329148568688753,-0.08839948763821281,0.8487822413444519,-0.22231543436646461
13.296281110386776,-0.8804202564620287,0.7421792282978154,0.9202546314022106,-0.03771830759736015,-0.10474006249781531,-0.10385514222869974,0.851700484752655,-0.19902629777789116
13.364566085944201,-0.8234350676116726,0.7241895000136488,1.0606574789821785,-0.06182766167469479,-0.18674544071364874,-0.10944912546006558,0.8565970063209534,-0.3186887390911579
13.469040745638072,-0.7403046075905129,0.696098753536152,0.9285013385337441,-0.02881047690969993,-0.15865469423615197,-0.10689325779439662,0.8547022342681885,-0.27377861365675926
13.54093803958052,-0.6878671682361364,0.6704827884288773,1.0515638618866892,-0.05655101273985583,-0.2548934253288773,-0.11922645475035254,0.861395537853241,-0.41888347640633583
13.61372256592064,-0.6367290508251929,0.6476395956086581,0.9636829011030498,-0.02938911977799657,-0.23205023250865814,-0.12090400819252523,0.861340343952179,-0.3804069198668003
13.72657504345487,-0.5662571860732235,0.6000164533135395,1.0276500031622975,-0.044767706600180694,-0.3277707095135395,-0.12614729899087074,0.8656079173088074,-0.524063229560852
13.803536648791795,-0.5223338267907741,0.5687388592305416,0.9400452001643993,-0.008168411763179432,-0.2964931154305416,-0.12970063060533543,0.8664740324020386,-0.46827590465545654
13.922634420525117,-0.46403945733624674,0.5086402647115306,0.9920532431583284,-0.022380011615006946,-0.39675876951153055,-0.111031693729291,0.8637012839317322,-0.6173697710037231
14.003795596305201,-0.4290072083898609,0.4700590873513078,0.9039521993736863,0.021430084466636988,-0.3581775921513078,-0.10222441858380349,0.8611931204795837,-0.546011433005333
14.086442261337792,-0.399023692406191,0.4225161690233852,0.9920275092533429,-0.02138502659979059,-0.4788286855533852,-0.08960493952327142,0.859620213508606,-0.736894890666008
14.212993460614094,-0.36150329880923704,0.3523834718692404,1.0528521988453194,0.0033343272335120844,-0.3148717410192404,-0.08198312300031319,0.8557860255241394,-0.486894890666008
14.298637196255847,-0.3424851624970492,0.3010057916465119,1.0612207369854014,0.04096097583594292,-0.23846011770651193,-0.0892935204007026,0.8584316372871399,-0.34015853330492973
14.428998899531603,-0.3209432692343526,0.22965121361214125,1.0231313448754067,0.1110043669178337,-0.14203225749214127,-0.10790253016067175,0.8650143146514893,-0.16616902872920036
14.516665528659486,-0.30789102037895294,0.19794062226365347,1.0308499972316107,0.13926616215235116,-0.08519299606365346,-0.11747412659579526,0.8682386875152588,-0.06703948602080345
14.604458649982654,-0.2954157475589361,0.17612769552632482,1.0398318934632165,0.16096416248669718,-0.03817964352632483,-0.11255949122490883,0.8670890927314758,0.015423286706209183
14.736135423255856,-0.2757454109283966,0.16195314053118207,1.0056676565049043,0.17763620134543454,0.0012838799688179303,-0.11855201323333797,0.8682159185409546,0.07851869985461235
14.823856873744651,-0.26177628817761744,0.16033203168087648,1.0183169871267173,0.18236138454012235,0.028299812819123527,-0.11068440249761435,0.8657358288764954,0.12309430912137032
14.954781895969422,-0.23854097964745163,0.1689200662227078,0.9891107247900424,0.1773428622873872,0.04523041227729219,-0.08808054159999323,0.8578136563301086,0.14434881135821342
15.041782541832484,-0.22107930912524038,0.18016975135434707,1.005084674179712,0.1707521428003976,0.059641894345652924,-0.09370882881254561,0.858976423740387,0.16355543211102486
15.172169914879625,-0.1924111671840252,0.19935927880521553,0.9781010887760218,0.15601999547114792,0.06627569999478444,-0.09744944864340566,0.8584815859794617,0.16251566261053085
15.258839881815916,-0.171722429310429,0.21271464014653377,0.9950970769056362,0.14925046327062802,0.07892653805346625,-0.09691069481248427,0.8578907251358032,0.1796378158032894
15.345129646367525,-0.14978069926080861,0.2266075310294614,1.012896416355004,0.14301024444445332,0.09124466007053861,-0.09730840087657633,0.8576308488845825,0.19655049219727516
15.47394080589579,-0.11410853671747462,0.24971885924006423,0.9880590313325508,0.12686426255691854,0.09457255665993577,-0.09526693715819823,0.8554797172546387,0.1905777044594288
15.559332371479881,-0.08858319950202967,0.2654989614914652,1.0075437139858858,0.12032993197100524,0.10548497760853481,-0.09726956456111502,0.8557400703430176,0.2052983194589615
15.686749587197633,-0.047637906592078186,0.28967391518527935,0.9841953797351924,0.10481910835561213,0.10828289511472067,-0.10207364798134178,0.8556762933731079,0.19846144318580627
15.771197810177421,-0.018404966078766186,0.3062968400531635,1.00547049857501,0.09906284998583359,0.1189425257468365,-0.10616507998422153,0.8566369414329529,0.21323123946785927
15.855276537289319,0.012225805566907378,0.3227487384391106,1.027781491837475,0.09455601758347629,0.13011487386088938,-0.10804086622705933,0.8570320010185242,0.22970816865563393
15.980465223287373,0.06131693299954636,0.3496496211691855,1.0073434587964516,0.0783993201285609,0.13121506423081447,-0.11024418150157023,0.8562643527984619,0.22054373472929
16.063244870426477,0.0961601089749412,0.3685313266139874,1.0322728358404245,0.07275105828659224,0.14075007708601256,-0.10982911345916224,0.8560084700584412,0.2344672530889511
16.186255406958708,0.1511868318385081,0.3963583493644747,1.014472138131331,0.05718925078949828,0.14179859493552532,-0.12776319579675244,0.8599387407302856,0.22451291978359222
16.267276251814604,0.18994885414267534,0.4155372004752747,1.0428336463567363,0.052923737068083676,0.15200247502472525,-0.1323073167917035,0.8612687587738037,0.24010701104998589
16.347548706244954,0.2300728064791849,0.4339287501127571,0.9539280356234444,0.03108088260455608,0.13361092538724284,-0.13251205624428275,0.8587928414344788,0.19185495749115944
16.466479213408903,0.2933666612965024,0.4629970114145477,0.9396129260071385,0.01604851031846953,0.1344871815854523,-0.13914707349031485,0.8595139980316162,0.18323365598917007
16.545210752195544,0.3367152908316659,0.47896445113065533,0.9721116491935453,0.017213988889812976,0.14908817726934465,-0.14213929472303444,0.8606891632080078,0.20875788107514381
16.661871698721814,0.40383034826511083,0.5021076732214234,0.9626436742843133,0.011836081981881621,0.15720864767857667,-0.12489111867982228,0.8549119234085083,0.21842411532998085
16.73829514926346,0.4503693815450085,0.5192318377508918,1.0011487878765188,0.015100632681872212,0.17212614704910822,-0.12581235503155752,0.8557142615318298,0.24632912129163742
16.813901608752793,0.4983989342416641,0.5372057324368942,1.0429087901650118,0.01936211255133523,0.18706883706310584,-0.12463606155944174,0.8564372658729553,0.2735726051032543
16.92508762182371,0.5733265679497963,0.566996438742354,1.0442066732970794,0.010975105540676456,0.19118466065764605,-0.11122239093605857,0.8535898923873901,0.2694489657878876
16.99762277826753,0.6256540503461994,0.5893055625208093,0.9548084675779066,-0.01550840084497427,0.16887553687919066,-0.1052669373208257,0.8475630283355713,0.21995864436030388
17.104316173488545,0.7072818430561781,0.6228460168113323,0.959951590712624,-0.027411509305627364,0.17036992858866762,-0.10257621127573446,0.8473758101463318,0.21133825555443764
17.174448757245283,0.7628493178726644,0.6413979031718826,1.0153250861361458,-0.02007585729909016,0.18815033342811738,-0.10233135185086217,0.8503623604774475,0.23895224183797836
17.243610271946956,0.8195665644618702,0.6589735854138103,1.0766634528566845,-0.00842202752468409,0.20841500158618964,-0.1136490633729641,0.8562806248664856,0.27543844282627106
17.345229540436417,0.907174046574644,0.686963804720289,0.9418765138608861,-0.04184057645308779,0.18042478227971104,-0.12360151828110189,0.8515034317970276,0.21732989698648453
17.411518558562356,0.9669449637406446,0.7052036068327162,1.0107517645769968,-0.029026416061997167,0.2018015496672838,-0.12968754825539675,0.8566251397132874,0.25498468801379204
17.508519453621428,1.0592237764657972,0.7349391075976581,1.0433099684634255,-0.02606626604108878,0.21380960140234184,-0.13849211867009137,0.860456645488739,0.27386075630784035
17.5712945888184,1.1228336781791572,0.756917638222257,0.95317047272242,-0.05212346970083037,0.19183107077774297,-0.13986938113448666,0.8560627102851868,0.22658739984035492
17.63288540076803,1.187694719331793,0.7776804849710355,1.0413726402005818,-0.03576240888520716,0.21541326192896448,-0.13689812682066793,0.8601217865943909,0.2676875405013561
17.72285203606175,1.2868692538163216,0.8079406850514166,1.0984060923652936,-0.025124969726917842,0.2327698699485834,-0.12933870098765587,0.861483633518219,0.29603197053074837
17.780423131697056,1.3548052262317944,0.8309345451593234,1.0085495347914157,-0.05365435962865482,0.20977600984067657,-0.12606414151015954,0.8560600876808167,0.24445955455303192
17.863889488557675,1.4590307807091258,0.8648569469688252,1.0843816520302787,-0.04286321749970573,0.2277457190311747,-0.11298685682091425,0.8571600914001465,0.2720094434916973
17.917902686592488,1.5297458644580602,0.885871530590047,0.994305517024578,-0.06854389240989604,0.20673113540995292,-0.09734870212501834,0.8488936424255371,0.22308259457349777
17.970230302485962,1.6015946627198667,0.9074441533980596,0.9037622641651172,-0.09298715790328618,0.18515851260194027,-0.08886215683856413,0.8422136306762695,0.17582514509558678
18.047111923660676,1.710714125886228,0.9331320791844167,1.0068955929778618,-0.06653819547384139,0.21727047481558337,-0.08684015931860323,0.8472587466239929,0.23626330867409706
18.097229465169317,1.7842091878001543,0.948206721461904,0.916847340125921,-0.08385258188315248,0.20219583253809603,-0.0983888764550358,0.845168948173523,0.20735102519392967
18.169165357965177,1.8966119233572718,0.9763004964280939,1.0611267912097322,-0.044067534399187265,0.24083524957190616,-0.10312370012366379,0.8538478016853333,0.2873277962207794
18.21560360714809,1.9726113962260448,0.9940511003079681,0.9711487864384821,-0.06541115939653626,0.223084645692032,-0.11022232664861198,0.8507620096206665,0.25066544488072395
18.259538108350302,2.0501543992450237,1.017634872575481,0.8802750802275597,-0.09165127511485185,0.19950087342451917,-0.10421745319118036,0.8446285128593445,0.19973194226622581
18.32316075743438,2.167749190501311,1.0482182136222857,1.1054261594314208,-0.028970036051455855,0.2517602553777143,-0.12118106735348677,0.8602568507194519,0.31620052084326744
18.364364862264605,2.2468012902237917,1.0647349091529166,1.0156800518495863,-0.049503046501904686,0.23524355984708345,-0.1262577423395106,0.8567269444465637,0.281454648822546
18.420750636103406,2.367575081799482,1.1014151059393633,0.8799643485446688,-0.09105933406875129,0.1985633630606367,-0.12298947397922988,0.8488778471946716,0.20256990566849709
18.456165204533868,2.4490033941905978,1.124367112923322,0.7889047252433519,-0.11444324543562093,0.1756113560766781,-0.1277573070266591,0.8451667428016663,0.15690959617495537
18.490915833236645,2.5307512806467516,1.1416101412629536,0.6980196491137937,-0.13044757934257623,0.15836832773704645,-0.11595509556412642,0.8384895324707031,0.1183130331337452
18.541544567362216,2.6540267484259226,1.1620968821964548,1.417314449786962,0.11421527084008001,0.40869944480354525,-0.10308917839081366,0.8731071352958679,0.3683130331337452
18.574711410258384,2.7363437464092706,1.1720169664137865,1.3296411928494796,0.09875125356765439,0.39877936058621355,-0.09411159385629686,0.8661291003227234,0.6040472239255905
18.620129905257635,2.860931232213686,1.198919036910898,1.1992413381494433,0.05999299541895013,0.3718772900891021,-0.08448651170543342,0.8571906685829163,0.5390487089753151
18.64548316699483,2.9448383243948877,1.2288507048354405,1.1129489133040262,0.019825814616095772,0.3419456221645596,-0.08889774301936115,0.8537638187408447,0.4699320048093796
18.665756452568562,3.029766922238275,1.2702796725013223,1.0256914860397253,-0.03206165385879112,0.3005166544986777,-0.09889623068165854,0.8515640497207642,0.37692268937826157
18.689756151952547,3.15846022931227,1.3308448020272237,0.891160401795558,-0.10135861666394076,0.2399515249727764,-0.1062661107620817,0.8462507128715515,0.24527957290410995
18.703003802589954,3.2448568922613426,1.3644204163047102,0.7999776452960288,-0.13595448307373179,0.20637591069528982,-0.10941749726358152,0.8421716690063477,0.1759042628109455
18.721485743698253,3.374860885763564,1.3976602924565193,0.6637731867598319,-0.16665611195011387,0.1731360345434807,-0.10901340198657139,0.8348641395568848,0.11117387190461159
18.734083668020784,3.4615604594537506,1.40866575279101,1.4353237567623833,0.06664942422789856,0.27416821620899,-0.09228537885150279,0.8702206015586853,0.3611738719046116
18.749497441689396,3.591808146195129,1.43302687268108,1.3053909667720196,0.029047295458948085,0.24980709631892006,-0.07324087038514526,0.8591734170913696,0.345463540405035
18.755124671558686,3.6789310641831805,1.4612152260199078,1.2184753080723336,-0.011690645201381486,0.2216187429800922,-0.07355627316506341,0.8548058867454529,0.27742551267147064
18.758813140094915,3.7664819171760855,1.4869510880121264,1.1302187863144213,-0.04669843787199804,0.19588288098787365,-0.08873058642871756,0.8537200093269348,0.22028601542115211
18.762070277085215,3.898220336438051,1.5175943827682827,0.9965321853345669,-0.08505762749921346,0.1652395862317173,-0.10324503026508403,0.8500685095787048,0.1553795002400875
18.763108274953055,3.9862238885730887,1.533479662679649,0.9070743361312493,-0.10312238449732221,0.14935430632035107,-0.11442836760630581,0.8479258418083191,0.12467728927731514
18.76372241553401,4.118471491539159,1.5505676165843012,1.1310306085878892,-0.013402596466502726,0.2910465674156988,-0.1210269866870215,0.8618464469909668,0.37467728927731514
18.76285400718218,4.206608884255193,1.5617280177128607,1.042684702667056,-0.02769187385329142,0.27988616628713925,-0.11444199939834898,0.8557189106941223,0.35555068403482437
18.758209312309088,4.294249482962336,1.585711720907937,0.9540206163977456,-0.05602598548155467,0.255902463092063,-0.1068120562892032,0.84935063123703,0.30195487290620804
18.745791064358034,4.425313680480099,1.6272321552359064,1.0953950022637915,-0.016021156340345715,0.29722475276409366,-0.0845147328487188,0.8517362475395203,0.38062552362680435
18.73505646395738,4.512395440349262,1.6524897809284125,1.00697369624774,-0.04727288209922832,0.27196712707158754,-0.07702667437529875,0.845432460308075,0.32293201982975006
18.713317598610534,4.641924476186384,1.6967430599303193,1.10714353679512,-0.02596078643409251,0.2944470390696807,-0.08601114762044793,0.8527808785438538,0.3685322478413582
18.6962045281726,4.72801766061612,1.723650181705699,1.0183493207972634,-0.059542892147658115,0.26753991729430093,-0.08505635740192385,0.8479561805725098,0.30797188729047775
18.676067530091128,4.813449367764334,1.753934395932368,0.9284091341924249,-0.09459254731029912,0.23725570306763188,-0.09320055760325352,0.8451251983642578,0.2434890978038311
18.642786097208777,4.941450694412146,1.7912920162547676,1.0021794199908325,-0.07829960901579652,0.25769797174523257,-0.10607700785892282,0.8520034551620483,0.2839147299528122
18.6190607552002,5.0265071442288125,1.8113672821258688,1.1016967124746728,-0.044714066048050935,0.2895148158741312,-0.11464890539209693,0.8591888546943665,0.3520485386252403
18.579044103941627,5.152698897596253,1.8465617270145867,0.9671213798632328,-0.08759674970800799,0.2543203709854134,-0.11147113546313303,0.8514531850814819,0.274006187915802
18.548731130415597,5.235515265423268,1.875495797008756,1.0524214667777898,-0.07023749127204669,0.273003109991244,-0.11788630191373595,0.8574327230453491,0.3113353028893471
18.51720118312345,5.318011779044944,1.8986822651404884,0.9622546568481889,-0.09790119215572594,0.24981664185951158,-0.12187530005726566,0.8536379933357239,0.26162290945649147
18.4659238735082,5.440089318144457,1.9353995289631483,0.9916340291874219,-0.09384016090938173,0.25744441603685164,-0.1024594628059623,0.8507989048957825,0.2703450247645378
18.42976878082087,5.520716491325105,1.9572149405028152,1.0571486737368636,-0.07410685822996538,0.27737255649718495,-0.09981775238943214,0.853654682636261,0.31029415130615234
18.37212719108741,5.64030422187283,1.9899934781013948,1.0698573814382337,-0.06933742685614624,0.28421058889860507,-0.0962340155825061,0.8535312414169312,0.3221820443868637
18.330982242201525,5.7184897480361965,2.014992334064899,0.9795104941976188,-0.09961145797327174,0.2592117329351007,-0.0833393674071583,0.8458836674690247,0.26468463987112045
18.2876341446017,5.795713856381043,2.0408259872448618,1.0308166121633802,-0.08887374722916153,0.2712184297551383,-0.08658118832905881,0.8493449687957764,0.28828664869070053
18.219446094406152,5.909845516653828,2.076338951765013,1.0314319426834007,-0.09150419122865147,0.27203775623498716,-0.09486310655610253,0.851307213306427,0.2887403108179569
18.171990928409286,5.984687021684618,2.099350055318334,1.072699176160861,-0.07985194371371221,0.28406149868166564,-0.11042825773121367,0.8570403456687927,0.31583938002586365
18.097143088721698,6.094317638437753,2.1365769409744946,1.0646008452134648,-0.08714207192611421,0.28074114302550557,-0.1218889235601881,0.8592745065689087,0.30785156786441803
18.044804493046435,6.165736850205446,2.161866512819276,0.9735886219374323,-0.11769536395774473,0.2554515711807239,-0.12290603120521149,0.8547661304473877,0.2524115890264511
17.990962310481518,6.236180973459912,2.1852437824780115,1.007246745039481,-0.10980722798614545,0.2649908865219883,-0.12856278963048196,0.8578517436981201,0.27147410809993744
17.907746419424807,6.340069136903445,2.21735376287214,0.9922524399793118,-0.11279455261581943,0.26492257012786036,-0.1319572331344987,0.857869029045105,0.2700909301638603
17.850253336649338,6.407660304512258,2.2394781490397313,1.019807379148018,-0.10447921382222305,0.2740618759602689,-0.13201103775842515,0.859344482421875,0.2881326898932457
17.761087968203366,6.506567248074357,2.2736493917830516,0.9990983131076813,-0.11104360491448308,0.2704590692169484,-0.1286277476784521,0.8575143218040466,0.2780040055513382
17.69957801173688,6.570876957929975,2.2968322289346954,1.0213913702855517,-0.10501889981313343,0.2772207490653047,-0.1306382327954636,0.8591576218605042,0.29155251011252403
17.636600819060114,6.63389260473972,2.3196643530802903,1.0414991380096383,-0.09893002107824078,0.2837713559197099,-0.11874168732449952,0.8575090765953064,0.3023037314414978
17.5394065666678,6.725150864333963,2.3556035469808765,1.014196508379371,-0.1092750040968444,0.2767077030191234,-0.10622035556115095,0.8532496094703674,0.28294023126363754
17.47271356950123,6.784009259268808,2.380077922849136,1.0307115342726056,-0.1062389233643208,0.280650045150864,-0.09757081523900535,0.8521577715873718,0.2884433716535568
17.37035477681889,6.869292990743981,2.414879132170188,1.0002940912581058,-0.11623278490897473,0.2738499088298121,-0.10095984908692124,0.8513633608818054,0.27286672592163086
17.300448997572758,6.924188939034726,2.4382910414474663,1.014037793671656,-0.11282573848581127,0.27806224655253375,-0.09303352387309638,0.8502890467643738,0.27927515655755997
17.229394590379634,6.977679368407168,2.4604803457035485,1.026561215490367,-0.10817455332499404,0.2831554972964514,-0.09703314823457454,0.8518674373626709,0.2902033366262913
17.120630458496112,7.05483902297743,2.494798782377297,0.9921944302269078,-0.11808313123657968,0.2758099326227028,-0.09249138777615928,0.8490476608276367,0.2726069465279579
17.046643895553665,7.103923122048394,2.5185628433448533,1.0025164593305496,-0.11570564033767736,0.27873839465514694,-0.10116289374633891,0.8515773415565491,0.2797441780567169
16.933626849507455,7.174680338643763,2.5524436832229798,1.0659861825544221,-0.09475116990256084,0.29750779177702036,-0.09990195965934712,0.8546126484870911,0.31951019167900085
16.857104514155214,7.219618120607951,2.5753304725263426,1.0738392007476423,-0.091562202215288,0.3006272024736574,-0.09958639808109182,0.8549540042877197,0.32595275714993477
16.77932078353315,7.262157399517069,2.601002448178108,1.0808747551032556,-0.0921547742613778,0.3007785598218917,-0.10818314934065598,0.857295572757721,0.32704301178455353
16.66065888652835,7.321877766733942,2.640736850980916,1.0417579903401348,-0.11067182406114313,0.286705324019084,-0.10762561092370837,0.855156421661377,0.2942980043590069
16.580337219592938,7.359010156898802,2.6673938155429635,1.0477065015496254,-0.11336224489372929,0.2855669934570364,-0.10711063360973294,0.8553708791732788,0.29023614153265953
16.458322254693353,7.41126156459182,2.7039619297410358,1.0077574497769297,-0.1285113177414521,0.2743937032589643,-0.10954940091891419,0.853865921497345,0.26473893225193024
16.375801495960193,7.443782971773416,2.727850958568051,1.0129112244729765,-0.1284536141498913,0.27579364343194923,-0.1071454646386818,0.8536048531532288,0.26599738374352455
16.29256092626828,7.474693077324467,2.750237893459921,1.0178028617436243,-0.1265963861628822,0.27860713354007904,-0.12089941279198047,0.8570124506950378,0.2737155854701996
16.16657826332345,7.517967715473718,2.782690557644982,1.072545637690584,-0.10712707137972519,0.29635642235501836,-0.12145568033955212,0.8600073456764221,0.3115575313568115
16.081830512401226,7.5439730121333595,2.806500763558276,1.076777247039235,-0.10660134460093519,0.2975801594417242,-0.12393490314576261,0.8608044385910034,0.3139357306063175
15.953650782227657,7.578472853663429,2.8447508547333005,1.0352402609160118,-0.12414729848297741,0.28434049626669955,-0.12632763516954948,0.8592091202735901,0.2837540954351425
15.867610223009047,7.5991187252107215,2.8683897502981144,0.9435965363254993,-0.15191732021400817,0.26070160070188564,-0.1266584743626371,0.8544977307319641,0.23271015658974648
15.781159965548307,7.6182294386531195,2.8895601131705826,1.0481652544529498,-0.13590573286153698,0.1959639518294174,-0.1225774257124479,0.8581499457359314,0.15562032163143158
15.650935075409791,7.645223017502613,2.914042287237929,0.911566739546993,-0.16460372615617178,0.17148177776207119,-0.11124126947946644,0.848405122756958,0.10209836065769196
15.563971910438216,7.662739633709701,2.9251371862715705,1.023527083356087,-0.1660899735718992,0.050250789728429446,-0.10698182932703215,0.8519563674926758,-0.06474799290299416
15.433645071379996,7.689740140347603,2.930370675947922,0.8895526685554781,-0.17236751769261532,0.045017300052077935,-0.09180327098866359,0.8414356112480164,-0.07492721453309059
15.347294448875806,7.709556334790325,2.9248395748884533,1.0091564094744965,-0.17785092378842093,-0.05393017988845328,-0.08643393396092414,0.8454410433769226,-0.21604500338435173
15.261181973457838,7.730173386647922,2.9174843247425395,0.921896333735541,-0.16945949279288625,-0.04657492974253952,-0.09237690838746837,0.8421802520751953,-0.19500631466507912
15.13346908272636,7.765759119080514,2.8922370664220645,1.0061086384025586,-0.1682565675609895,-0.11738710042206435,-0.10162757789572963,0.8479019999504089,-0.28918711468577385
15.048700220751998,7.791168066489463,2.8757621328707463,0.9202774628204946,-0.14941214905285347,-0.10091216687074622,-0.11942325519824082,0.8492262959480286,-0.25283296778798103
14.923407486654204,7.83413005239302,2.8419063211022952,1.0122229726433867,-0.14802437405097618,-0.15305072910229534,-0.11561921280043785,0.8512703776359558,-0.3193044178187847
14.840582021052883,7.864725956088416,2.8210147398231364,0.9268472964015104,-0.12390907684301977,-0.13215914782313654,-0.11970634181399675,0.8518296480178833,-0.285243172198534
14.758995690214503,7.898167001441973,2.7950055601514583,1.0693966485520532,-0.13780801116977126,-0.1814546791514582,-0.11758765561139217,0.8542881011962891,-0.35016173496842384
14.637807679459103,7.9513997663295735,2.759464342167324,0.9413207475849865,-0.0955186120721246,-0.14591346116732407,-0.10007384334608216,0.8484672904014587,-0.2876804359257221
14.558661011594427,7.990206433485816,2.7309809261908087,1.0927523108483972,-0.1083703982996177,-0.18217284319080873,-0.08718585413514979,0.8477343916893005,-0.3311658166348934
14.480188588211512,8.030451273415094,2.706828016809267,1.0069277217671166,-0.07849972342913762,-0.15801993380926715,-0.08073655076890551,0.8453959822654724,-0.2881266139447689
14.36467953909183,8.09503729547154,2.667482732163296,0.8769813586957157,-0.03410446432842127,-0.11867464916329595,-0.07621048463946756,0.8433786630630493,-0.22018129006028175
14.288790145791024,8.140181319432449,2.643633457307517,1.0372722500910365,-0.047138390394629116,-0.14958795030751704,-0.09247213281452416,0.8511298298835754,-0.25698354467749596
14.176009504971237,8.209955677792925,2.614616854474241,0.9056322590792045,-0.013436281338003182,-0.12057134747424092,-0.10486848119794745,0.8536453247070312,-0.2115284614264965
14.102023431736697,8.258524634084264,2.5940437713720215,1.0745042941527865,-0.029565526304083253,-0.14557176037202169,-0.10441134874702929,0.8563103079795837,-0.23885609582066536
14.028656050291794,8.308327195371579,2.5751044557487335,0.9862371332097399,-0.006562347908339798,-0.1266324447487337,-0.11893878773949318,0.8598572611808777,-0.20945022627711296
13.92043833527378,8.385369861249472,2.547036051100498,1.1192345710627563,-0.012018686012322068,-0.1357817291004979,-0.1299814745320209,0.8654735684394836,-0.21249842271208763
13.84944704089271,8.438319220868799,2.5294592337247357,1.0307464598988076,0.010197116177624138,-0.11820491172473568,-0.12826999732082545,0.8642436861991882,-0.1841997317969799
13.7440331710559,8.519602221986801,2.50581905964564,0.8971342312587737,0.037365577952931495,-0.09456473764563977,-0.10920942887862584,0.8572372198104858,-0.14772912487387657
13.67453101178404,8.574634298362819,2.4927217340032293,1.0821525951707884,0.020367754969948013,-0.1111048080032293,-0.09107054677159954,0.8547468781471252,-0.15974782034754753
13.605621783328868,8.630471282753632,2.480153999714274,0.9931362272514559,0.035699798699450294,-0.09853707371427411,-0.08992637780155266,0.8533761501312256,-0.14257531240582466
13.503526972949611,8.715871206567938,2.4614435478271393,1.1398093459171068,0.02758617976480727,-0.10254917282713905,-0.09717596054783573,0.8578371405601501,-0.13759809359908104
13.43622507276069,8.773721925778805,2.4499476200782526,1.0506836492361515,0.04231824205868646,-0.09105324507825241,-0.10691438160589817,0.8596445322036743,-0.12324487790465355
13.336292738778694,8.861741313645934,2.4337638032518982,0.9167061464503404,0.06121641156373301,-0.07486942825189802,-0.11392662563901212,0.8599532246589661,-0.10435566678643227
13.270210831703734,8.921146145806937,2.424483165712101,1.1130697210545133,0.04759624453724809,-0.08192879071210069,-0.11871593196111596,0.8643572330474854,-0.10122647508978844
13.204457569056203,8.981105056604457,2.4160607062053736,1.023651545157616,0.058197789973161385,-0.07350633120537342,-0.12339554021938137,0.8645001649856567,-0.09319876506924629
13.106518394456073,9.072106352361757,2.4039417429322443,0.8891881196227002,0.07207523935788265,-0.061387367932244086,-0.1256957629356683,0.8632126450538635,-0.08262014761567116
13.041612534250064,9.133490827833674,2.3963794301352612,1.0885717285728504,0.06130697241256372,-0.06417432913526122,-0.13222941252373333,0.8682500123977661,-0.0714837945997715
12.944820592949265,9.226171365604081,2.3867247208006463,0.9539255188054385,0.07299767063638908,-0.054519619800646346,-0.13904604830892398,0.8682112693786621,-0.06609732285141945
12.880626993659213,9.288313418246455,2.381071036953679,0.8641563296922009,0.079161517127933,-0.04886593595367916,-0.13346892074089123,0.8651379346847534,-0.06367737427353859
12.81682638657696,9.350747778203822,2.3757736965889853,1.0654148338355756,0.07049126603189897,-0.04817834558898548,-0.12823782557319285,0.8668021559715271,-0.04511198773980141
12.721524831081245,9.44503499887024,2.3683347896264593,0.9308026448203366,0.07932505679555314,-0.04073943862645946,-0.13382256665026637,0.866283118724823,-0.04439674690365791
12.65807407444632,9.50812443820022,2.364600066649799,1.13181316564489,0.07282810885500851,-0.03598744964979872,-0.11746864253101363,0.8647118210792542,-0.017768889665603638
12.563360755186828,9.603043525241276,2.3594205972907445,0.9973315816454594,0.07926738553156996,-0.030807980290744386,-0.10054211611665198,0.8575078845024109,-0.019771892577409744
12.500171523991717,9.666305851660477,2.358066622831911,0.9078088410620045,0.08083675616864905,-0.029454005831910823,-0.1031537404980738,0.8566657900810242,-0.02678176388144493
12.405586595919315,9.761453461334284,2.355568405775349,1.0623313683384206,0.07755689659504518,-0.020286647775349387,-0.09245489124247563,0.8559696674346924,0.002610728144645691
12.342721075744043,9.825129288673075,2.353320372889216,0.9726748115563719,0.08026065516855468,-0.01803861488921621,-0.0974244395946331,0.8558633923530579,-0.002691071480512619
12.279651072997574,9.88856488387032,2.353330063883193,0.8832222496397948,0.0802535097402805,-0.018048305883193283,-0.10028348413958477,0.855032742023468,-0.01255953311920166
12.185144419681906,9.983703042156723,2.353091744671897,1.034356479087565,0.07897506732124458,-0.005326432671897141,-0.11753339211152736,0.8624964356422424,0.020466897636651993
12.122225045712606,10.047351014876867,2.3520902289161865,0.9447788757433419,0.08015882811181324,-0.0043249169161865275,-0.1181836659813571,0.8610637187957764,0.012889798730611801
12.027487784272836,10.14237914280762,2.3536635277295015,1.0907060922949616,0.08209486569564639,0.012701714270498599,-0.12208964189874005,0.864607036113739,0.05452939495444298
11.964275473187502,10.205541368469907,2.3547586384766905,1.0014351922864517,0.08073664895372355,0.011606603523309555,-0.12845124788100448,0.8647506237030029,0.04207445681095123
11.900570927521388,10.268414684500728,2.3579541943652713,0.9121831171349901,0.07710583344291595,0.008411047634728774,-0.13173003138210682,0.8639046549797058,0.025575727224349976
11.804370118705089,10.362190559858853,2.3637000733036495,1.0515199720186132,0.07876194774897924,0.027824452696350477,-0.1315761825276094,0.8660555481910706,0.0702412761747837
11.740153841264656,10.424637397536427,2.366167048144764,0.9621387045329121,0.07580968759615596,0.0253574778552359,-0.13701730770126241,0.865864098072052,0.05498412624001503
11.643358337442207,10.517765241573978,2.371257081283331,1.0933323926892586,0.08429180311541305,0.05256806371666878,-0.14390801843864742,0.8701487183570862,0.11331972479820251
11.577974725206854,10.578875693604846,2.3786918454778663,1.0044387113489472,0.0751521658510356,0.04513329952213363,-0.13441743348888746,0.8653351664543152,0.08875719457864761
11.512005469126334,10.63924016126612,2.3870651404762895,0.915621567350388,0.0655351537975494,0.03676000452371042,-0.1303606647875275,0.862110435962677,0.06210962310433388
11.412454961556936,10.729443871374377,2.396559235311707,1.0380019683205592,0.07294403312641097,0.06741705168829304,-0.1287191038631288,0.8635734915733337,0.12476323917508125
11.345576981630662,10.78891578640657,2.403778338060887,0.9490106690123036,0.0644674767975391,0.06019794893911312,-0.12179416101326268,0.8595457673072815,0.10064281895756721
11.244016840395311,10.876377924561446,2.4177744760202304,1.0619875641695398,0.07291506396034445,0.09500801797976965,-0.10889346464518268,0.8574900031089783,0.16992678120732307
11.17560410388387,10.933643808706972,2.428120719021955,0.9734802437807353,0.06044858561404906,0.08466177497804495,-0.10601694491411973,0.8544912934303284,0.1388014443218708
11.10616734636966,10.989662370167792,2.4415770136962616,0.8850092195235244,0.0454556479478449,0.07120548030373852,-0.10757323263747143,0.8527165055274963,0.10137881711125374
11.001414519006277,11.072669994113856,2.457201946410627,0.9880681315635568,0.056714547979421666,0.11387450758937279,-0.10787713850886305,0.8543158173561096,0.18163057044148445
10.931237659208769,11.127299133008995,2.4660505749144654,0.8996067903971865,0.04671720676052789,0.10502587908553451,-0.12009524665339222,0.8558562994003296,0.1527659296989441
10.859806431059388,11.180211247415901,2.480831770730664,1.0366077964992322,0.06742211489389212,0.15876502426933614,-0.1294011158340782,0.861025333404541,0.2572714351117611
10.75157239868105,11.258145094125853,2.500406955255742,0.9043757300099937,0.044834123536633796,0.13918983974425814,-0.11838513026990416,0.8544372320175171,0.2031501978635788
10.677724659389389,11.307383647625294,2.5210415526377457,1.0314350197345956,0.06636871538681648,0.19775125036225427,-0.11313022504437886,0.8550792336463928,0.3153868392109871
10.565629176014339,11.379429015018216,2.5472105312960966,0.8996027754983659,0.036273544607791836,0.17158227170390328,-0.09256487881890751,0.8454053997993469,0.24840258434414864
10.488989227250714,11.42417713942221,2.572810492666288,1.0173360222174752,0.059087857925715005,0.23574457733371235,-0.08784139482156861,0.8467936515808105,0.36507075652480125
10.411761660639199,11.467892384291845,2.5936193266599368,0.9296513436732436,0.034989219824846235,0.21493574334006338,-0.1021346523982154,0.8475616574287415,0.31451933458447456
10.293434741597833,11.528335362581561,2.633775815232688,0.9954305941936044,0.048572383586542915,0.2741385857673122,-0.10535472296505688,0.8502000570297241,0.41135939210653305
10.213182450126634,11.566184203107783,2.659934609738698,0.9077052080241468,0.0188853642823783,0.2479797912613022,-0.11654412695961103,0.8495146036148071,0.35162194445729256
10.090515172320114,11.61741871666081,2.706076031843393,0.9668637703221191,0.03296206150113571,0.3087412731566066,-0.10932892707830155,0.8501808047294617,0.44604575634002686
10.00761605922297,11.648633826589826,2.73555107541438,1.063886898223967,0.07654192190367018,0.3905823865856197,-0.12606077254198755,0.8595591187477112,0.5904603600502014
9.88153168342888,11.688984370651534,2.786692691832701,0.9341600621781023,0.016078727645046063,0.339440770167299,-0.1184854425571904,0.8510954976081848,0.47563645988702774
9.796356072144903,11.710192195335145,2.828928894718074,1.0307902935351325,0.05052426143010212,0.40907554546151204,-0.11239675230362645,0.855210542678833,0.5919352769851685
9.710500237315157,11.727696675918569,2.8713356607951983,0.9445927107686252,0.0007268501808369081,0.3666687793843879,-0.09908049324015589,0.8477111458778381,0.49488647282123566
9.58072500717087,11.746755102375085,2.937245684901591,0.9990521788061284,0.012119565383915272,0.40922927527799535,-0.08274032995931302,0.8472161889076233,0.5556945130228996
9.493657302822058,11.753985113364894,2.983777473121418,0.9114125481068668,-0.040907939589510965,0.3626974870581683,-0.07410845050842751,0.8406993746757507,0.45143530517816544
9.362568981456977,11.759366451176628,3.044185094576898,0.9691849935469663,-0.02078812782833405,0.40397949360268814,-0.0787521423991917,0.8450512886047363,0.5216861516237259
9.275112974695839,11.758785642104945,3.084190982817377,1.0751308496291898,0.030554057063811143,0.4565181483622096,-0.07233360300790848,0.8491889834403992,0.6289732158184052
9.188034243769529,11.75382163650576,3.1277666883240176,0.988439474340507,-0.02247714734865861,0.4129424428555688,-0.07375327743338445,0.845050036907196,0.5305111408233643
9.058324666103545,11.737725197116198,-3.085060585863995,1.0595837488388096,-0.007674332341490421,0.42473163386399504,-0.0820666706858082,0.8506656289100647,0.5574511140584946
8.972360937449604,11.722780270558262,-3.041447853825374,0.9712144338357657,-0.06013933889047492,0.3811189018253742,-0.08777932878176542,0.8474106192588806,0.46028976142406464
8.887128528247555,11.703983902632897,-2.9973331227494824,1.096225495540038,-0.01592891608098219,0.40843729374948223,-0.08441676467933124,0.8530427813529968,0.528096616268158
8.760025702601435,11.670901940621341,-2.939089021074935,0.9622802306270468,-0.08655722032586957,0.35019319207493504,-0.10233105818373933,0.8502088189125061,0.40041110664606094
8.676905295927458,11.644188682152564,-2.8978287513730976,1.0988749422330548,-0.04357465129375418,0.3699768913730974,-0.09980547889495761,0.8565701246261597,0.4569452777504921
8.553195700492697,11.600344009313325,-2.8473729446041687,0.9641705350800949,-0.10502596896470485,0.3195210846041685,-0.11010472721526576,0.8519420027732849,0.3457958921790123
8.472187810945455,11.567193339355887,-2.8118965668508435,1.1124718089639016,-0.060641024063658476,0.3353813378508437,-0.1077729533780607,0.8589037656784058,0.3979061208665371
8.391486319871865,11.532807981920106,-2.783543378643625,1.022671684496729,-0.09607759537839552,0.30702814964362535,-0.09831417766583272,0.8520902991294861,0.33230186253786087
8.27300731006842,11.47587503041844,-2.7362866119665106,1.1369032557546432,-0.07155451240908364,0.30222248696651066,-0.07791342662430978,0.8531226515769958,0.33828727155923843
8.195007367441944,11.43558214681545,-2.7091651199680844,1.0468387959042549,-0.10625498476321794,0.2751009949680845,-0.0835404816633849,0.8497431874275208,0.27781280875205994
8.079878157246887,11.37122082249905,-2.669085315879598,0.9099339102141544,-0.15302712160543713,0.23502119087959805,-0.08551754401386602,0.8430495858192444,0.191124826669693
8.003960377580647,11.32650608254338,-2.6464728876426546,1.081279872757567,-0.11055641304446477,0.2467952866426546,-0.08479659845405507,0.8515698313713074,0.23569409921765327
7.928315119386666,11.281311077544762,-2.6301691221475885,0.9912481127304913,-0.1305598804826386,0.23049152114758842,-0.10285580674761685,0.8509835600852966,0.2041553370654583
7.8162742233438065,11.210549667332455,-2.6028721091712717,1.1258050307318321,-0.09730600538246956,0.2302562471712717,-0.10988947516242731,0.8593001365661621,0.22795164585113525
7.742389380453033,11.161889734729073,-2.586132710993452,1.035581645983343,-0.11851909091579378,0.21351684899345225,-0.12103188383023067,0.8571344017982483,0.19351815059781075
7.63333881619117,11.086077326269447,-2.558766727080855,0.8991773829761589,-0.15008762181711754,0.186150865080855,-0.12894704837245463,0.8517926335334778,0.13744642958045006
7.561347325661972,11.034175375494144,-2.542860299919296,1.0867758036053505,-0.11287414443607134,0.19060019891929603,-0.13104911271183073,0.8617910742759705,0.16787806525826454
7.489640281760332,10.98170147968394,-2.5304293082801252,0.9964514230959363,-0.128202921712338,0.17816920728012509,-0.1306206657776947,0.8569612503051758,0.14184997975826263
7.383339650627864,10.901401638902868,-2.511250379588581,1.1443943300931982,-0.09987486469898571,0.17312178458858085,-0.10646683975724036,0.8588691353797913,0.14873861894011497
7.31349339495867,10.846869391326404,-2.4987537725494935,1.0544617136082164,-0.11594445557736982,0.16062517754949335,-0.09683172202193968,0.8519670367240906,0.1202385351061821
7.209671932912427,10.763983044420854,-2.4824660481435106,0.9195979397445943,-0.13504399960290794,0.14433745314351043,-0.0893997012962755,0.8431879878044128,0.08624626323580742
7.140791112356008,10.70828808764312,-2.474427980950623,1.1174679856604002,-0.10170563894350423,0.1445473379506228,-0.09775534591104162,0.8551512956619263,0.10865175351500511
7.072163460414774,10.651944896587013,-2.4666791864106887,1.0278596509927316,-0.111471497056646,0.13679854341068864,-0.10964941645478521,0.8531606197357178,0.09578122571110725
6.970139183443217,10.566361008228943,-2.454553238033934,0.8932730093142311,-0.1253849920320952,0.12467259503393402,-0.12657712448274916,0.8499426245689392,0.07625234499573708
6.902493991280596,10.508691940198064,-2.4474642454965676,1.092754161386431,-0.09784111731683462,0.1201487184965675,-0.12900474403689222,0.8606508374214172,0.08637341484427452
6.835054167686594,10.450642211451962,-2.441005243038229,1.0031213870841638,-0.10579781700776068,0.11368971603822908,-0.13064607002596396,0.8563132286071777,0.0747649110853672
6.734443930543494,10.362520022322412,-2.431207384656664,0.8682962055108971,-0.1168168553274297,0.10389185765666387,-0.12870855916983737,0.8487712144851685,0.057144034653902054
6.667751507411448,10.303392494737166,-2.425349742376204,1.0676018679704684,-0.09516810620401138,0.09497915537620383,-0.12633502587026135,0.8583923578262329,0.05563417449593544
6.568105546654925,10.214323007491412,-2.4184255778137143,0.9332685486136476,-0.10339267755269992,0.08805499081371426,-0.1146120032946838,0.8486441373825073,0.042265262454748154
6.501933780471877,10.154561517186833,-2.4141167477782166,1.1306423935112773,-0.08647926153174144,0.07499630977821647,-0.11936912503625874,0.8597974181175232,0.032748449593782425
6.435801220648595,10.094589300040361,-2.410653980503164,1.0410617040528858,-0.09089805245756288,0.0715335425031638,-0.11621577154713458,0.8543620705604553,0.02713959291577339
6.33667117322118,10.004356717476327,-2.4067607259071226,0.9066534766676893,-0.09543496925925327,0.06764028790712251,-0.12277490363873755,0.8489173054695129,0.023739226162433624
6.270650317268852,9.943994534346905,-2.4046170034636467,1.1001539628361034,-0.0832992780534043,0.05083910746364673,-0.11048056442721421,0.8558440804481506,0.0027820542454719543
6.171869322455133,9.853417769366013,-2.4018634056751758,0.9658990240653981,-0.08664588891612682,0.048085509675175775,-0.09874318156602202,0.8460884094238281,-0.0010053738951683044
6.105954052484564,9.793167521756116,-2.4014225031267213,0.8765583530291924,-0.08710359676465951,0.04764460712672136,-0.09521045995055188,0.8413155674934387,-0.0025453008711338043
6.040041541677435,9.732990233522715,-2.401555718243899,1.064970364685459,-0.07951909747195746,0.02685979224389934,-0.0948733365523744,0.8501049876213074,-0.027558911591768265
5.941006123870251,9.642654996181149,-2.4017783624599782,0.9309415315342727,-0.07923822710797354,0.027082436459978432,-0.09414597016705795,0.8430419564247131,-0.023035798221826553
5.874747684822133,9.58282528061547,-2.4037861730287604,1.1124645070454127,-0.07668614348156398,0.0014177260287602245,-0.10825342773521096,0.8553372025489807,-0.05811081454157829
5.775120614943697,9.493243802405644,-2.4066592094904875,0.9787016012381974,-0.07314425941599545,0.004290762490487321,-0.11662547933643985,0.851493239402771,-0.05042533949017525
5.708102782140911,9.434023971476329,-2.4110633302188016,0.889582674801412,-0.0682228500954555,0.008694883218801408,-0.12323408297809135,0.8519589304924011,-0.051449697464704514
5.640865609175993,9.375113605123541,-2.415313717768201,1.0628237795115316,-0.06963591068125619,-0.022111961231798816,-0.12923794192498583,0.8576642274856567,-0.07979537919163704
5.539400361913952,9.287745191050393,-2.4237677766540404,0.9294806128383961,-0.059719033144511255,-0.013657902345959538,-0.13267182953919754,0.8565794825553894,-0.07669427245855331
5.471233543988326,9.230189633373694,-2.4301022176899143,1.093665677483658,-0.06570449170656083,-0.05051429531008589,-0.1303690215111537,0.8595549464225769,-0.11668525263667107
5.367954691259642,9.145181132578154,-2.442425544634607,0.9606350918917423,-0.05081767282817852,-0.038190968365393374,-0.12171738766370965,0.8551418781280518,-0.10421370342373848
5.2985666234892,9.089473219505344,-2.4512975605294214,1.1150718510666786,-0.06090379888609871,-0.08146832747057875,-0.12460332659755013,0.8593686819076538,-0.1573510281741619
5.228569252595658,9.034663819452549,-2.461555801310856,1.0267461732084062,-0.04806327932497369,-0.07121008668914408,-0.11767602747293848,0.8562214374542236,-0.14435021951794624
5.121864961797622,8.954422367956138,-2.4800804042741698,0.8939705896220759,-0.026802107686683358,-0.05268548372583037,-0.10452419082794395,0.8507286906242371,-0.11895155534148216
5.0501007798250415,8.901761099473076,-2.4911556141298914,1.038113021876952,-0.03955262830773411,-0.6504370390496947,-0.09483432570556838,0.8653534650802612,-0.36895155534148216
4.977814841059541,8.84987831355265,-2.502313940174181,0.9495242219797704,-0.0264771014457772,-0.639278713005405,-0.1073099681824834,0.8678791522979736,-0.6189515553414822
4.8653213875430135,8.779367133822129,-2.5460374345466095,1.040293957032114,-0.007357608270429842,-0.12101209145339054,-0.09231234112407116,0.852865993976593,-0.36895155534148216
4.787312008080802,8.738904278084076,-2.5914452804563584,0.9519022423196131,0.04616309953075994,-0.07560424554364165,-0.10459874600554309,0.8569599390029907,-0.11895155534148216
4.668547565392679,8.67978345886286,-2.6389026473843518,1.031116277375748,0.07266534992174614,-0.11122281661564815,-0.09392790115841332,0.8578838109970093,-0.13839532062411308
4.589154996978683,8.640093345579603,-2.6538435016257145,0.9411806313507385,0.09020700810124584,-0.09628196237428543,-0.09362176015947421,0.8568171262741089,-0.11671717092394829
4.509618009399143,8.600893882399111,-2.665299349590288,1.0573393444590622,0.06551967045278066,-0.1782313764097121,-0.1068944322386014,0.8634745478630066,-0.23984097316861153
4.38958679762556,8.543350416409845,-2.680861734370833,0.9230924255115254,0.08378874225105992,-0.16266899162916681,-0.10390447440472905,0.8608238101005554,-0.22140028700232506
4.30838494005489,8.50776827558123,-2.6994697717546114,1.0304856206250625,0.05379048756498265,-0.24645068624538835,-0.10950168865061438,0.8647860288619995,-0.3503154329955578
4.185468789446528,8.457058262461885,-2.7268006993068132,1.085752240032999,0.020376844621552103,-0.3280326406931868,-0.11257334496375071,0.8667663931846619,-0.48313720524311066
4.102356894986692,8.427172841014299,-2.754055394500638,0.9965511983035873,0.05369703536799537,-0.300777945499362,-0.1237497053430523,0.8697381019592285,-0.4358343817293644
4.018007562032462,8.40162727210425,-2.7906365546498737,1.0920045344953295,0.02162104406568145,-0.3761801205297126,-0.11536551031809772,0.8690325617790222,-0.5535160899162292
3.889747460909675,8.369423500596847,-2.845541867805441,0.9570968796158433,0.0881316659197219,-0.32127480737414515,-0.11733223196814069,0.8697940707206726,-0.45202355086803436
3.803341176867589,8.353292205378027,-2.888119701942674,1.0515183237422623,0.058134972368620974,-0.38977572223691226,-0.1066350261779827,0.8683409094810486,-0.5582969486713409
3.672674283533229,8.335004619008304,-2.9473155619977187,1.101177628681596,0.04033739954593142,-0.4369366681818674,-0.09378063844874074,0.8656224608421326,-0.6311692148447037
3.585290069695513,8.328001147308866,-2.9917250116191347,1.0108507832327573,0.09530637784621158,-0.39252721856045136,-0.07809409177344806,0.861598014831543,-0.545012891292572
3.497796365848361,8.326029911739628,-3.040554884529041,1.1095632811689544,0.060557314120088454,-0.44228684465054524,-0.07891651031654678,0.8628178834915161,-0.6264395713806152
3.366303247844986,8.33086698199578,-3.1122766868843947,0.9710763064458374,0.14860258372938231,-0.3705650422951914,-0.10220325987390999,0.8706605434417725,-0.49092015624046326
3.2789207343438598,8.3394063514502,3.122233366436188,1.0769029718483534,0.11465798029855188,-0.41075693643618827,-0.11439188756561003,0.8751449584960938,-0.5579049587249756
3.148700431494423,8.360272407780137,3.0499032637583667,1.1435814054442384,0.10837228528896697,-0.41668827275836673,-0.12428803003132893,0.879052996635437,-0.5636406540870667
3.062598763943255,8.378894709356414,3.003786321100302,1.0495259688186795,0.16759477178203036,-0.3705713301003022,-0.12980662174248203,0.8813936710357666,-0.47489529848098755
2.934409561852072,8.412918277425494,2.9402170108793135,1.1262937784095202,0.15436425329020162,-0.37460898987931346,-0.11350314019485874,0.8773306012153625,-0.47817860543727875
2.850020027074235,8.439427573846135,2.90092215988093,1.0310842996199847,0.20412193543229382,-0.33531413888092976,-0.11190071031831805,0.8771522641181946,-0.40402405336499214
2.7665493953406206,8.468747958280055,2.8636346799739023,1.1670706069403898,0.1613512070033354,-0.3554633769739022,-0.10713765899552641,0.8761608600616455,-0.4412086755037308
2.64280844606366,8.517531276627189,2.811690772350422,1.024247562797179,0.22779525955039331,-0.30351946935042173,-0.08816133827083528,0.8707095980644226,-0.3432577885687351
2.561787157047523,8.553334922661978,2.778029754265397,1.1721535049391396,0.18630302277831196,-0.31787834526539704,-0.09232986306514612,0.8724867105484009,-0.3706424795091152
2.481397976348918,8.59093308369638,2.7492196872893744,1.0776436113276313,0.2239923364942627,-0.28906827828937454,-0.09375670278203141,0.8727328181266785,-0.3185155354440212
2.3631397359981854,8.651825076568718,2.705090433650081,1.1893384680873196,0.20180709392649626,-0.28437625165008074,-0.08962300473440732,0.872104287147522,-0.3107640855014324
2.2854593208663965,8.69470484374601,2.6791212158707167,1.0950456827846784,0.23633913051544791,-0.2584070338707165,-0.09663558904411151,0.8738693594932556,-0.26493922993540764
2.1706182602250856,8.762367867136955,2.6422043352611206,0.9523574259586641,0.28099823029699644,-0.22149015326112043,-0.10520406707194252,0.8755319118499756,-0.20291777327656746
2.0948040312800873,8.809261707881793,2.62088465968368,1.1237126850152643,0.2412492645821243,-0.23182331868367978,-0.11608516427050208,0.8797169923782349,-0.22145619615912437
1.9821588130762988,8.881306726387066,2.5949812128219643,0.9834067773434805,0.2732680365324934,-0.20591987182196414,-0.13054040379388132,0.8826509118080139,-0.1826014705002308
1.9081858443806177,8.93098357777261,2.5773672276316106,1.1635606879634752,0.2336995176271585,-0.21287334963161042,-0.12880411584405493,0.8832255005836487,-0.19403588399291039
1.8346513592036822,8.98156251387388,2.562631157300832,1.0707654839071434,0.252921230200103,-0.1981372793008318,-0.12702005300266617,0.8817819356918335,-0.17197085544466972
1.7259818091622183,9.05966010646553,2.539223083193964,0.9307592511666061,0.2806944668689062,-0.17472920519396373,-0.10671445972819038,0.8743348717689514,-0.1361132673919201
1.6543122699763073,9.112867240807413,2.525198513331378,1.1185828013385248,0.2449143573376346,-0.17875687833137777,-0.09197539917313713,0.871400773525238,-0.13932663574814796
1.5475833491420417,9.193747984491964,2.5081414735024397,0.9803446575013102,0.2659705043725284,-0.16169983850243952,-0.10368565428217313,0.8731181621551514,-0.11886497959494591
1.4771950654207635,9.248649415191759,2.496656249074309,1.1733683747153785,0.23207579310300996,-0.16218234007430876,-0.10284554044451477,0.8743792772293091,-0.11642928048968315
1.4072858314937564,9.30410358536898,2.4867868713888766,1.0817993015209473,0.2450540053824003,-0.15231296238887637,-0.11015431187777702,0.8753625750541687,-0.10546456649899483
1.3033511021299224,9.388552923496894,2.4723382360643162,0.9442389308801543,0.2624094559697173,-0.13786432706431606,-0.11507613888071533,0.8749409914016724,-0.09016663208603859
1.2345181464724584,9.445603457181596,2.4636404050370984,1.1409399113563736,0.23260092962469187,-0.1353394560370984,-0.12682369000308302,0.8801354765892029,-0.08178797736763954
1.1319285189633035,9.53201036168011,2.4521463620642985,1.0040687924549792,0.24711242180748605,-0.12384541306429853,-0.12956416274982185,0.8789879083633423,-0.07210176810622215
1.0637729744720121,9.59024475652795,2.4454261212601858,0.9127447001714268,0.2548311311510737,-0.11712517226018582,-0.13098103941433026,0.878004252910614,-0.06803661957383156
0.995894627273007,9.64883889354638,2.4391891639901973,1.110902662834895,0.2290085965969651,-0.11141691599019721,-0.1367484762653539,0.8816378712654114,-0.0522024892270565
0.8946792819684319,9.737379009788839,2.4307123792310183,0.9744492425902525,0.23946863519059905,-0.1029401312310183,-0.14249132108086715,0.8812049031257629,-0.049310650676488876
0.8274247561203463,9.7967293820851,2.4260580915816554,0.8836291875513764,0.2446752712368702,-0.09828584358165537,-0.1400990035344678,0.8790120482444763,-0.04925036057829857
0.7269997247725529,9.886082392737462,2.419815032119337,0.7476648461740592,0.25090544982081625,-0.09204278411933675,-0.13743076892552852,0.8759185671806335,-0.05112702026963234
0.6604276901445981,9.94592461661899,2.4156167846233507,0.6570916807449014,0.2546003529742238,-0.08784453662335068,-0.1346859530951907,0.8735449910163879,-0.05247541144490242
0.5611781279187319,10.036200863109057,2.409218700221355,0.5212863696498167,0.25956577588307167,-0.08144645222135516,-0.13679651558405137,0.8676456809043884,-0.07363035157322884
0.49551454438852527,10.096921071575945,2.403528438299598,0.4303688055225133,0.26326474047267856,-0.07575619029959801,-0.12251671972440348,0.8588838577270508,-0.08308244124054909
0.43034556580392325,10.15820190727421,2.3971087210072057,0.3392187145471762,0.26693237615793247,-0.06933647300720569,-0.12145420314543043,0.8579331636428833,-0.051107775419950485
0.33314403171617246,10.250787453397926,2.388561519476575,0.20268975734640274,0.270902562743625,-0.06078927147657476,-0.11707437515424668,0.8516326546669006,0.004757154732942581
0.26837982119290865,10.312371880956523,2.385957556138582,0.1126143295021026,0.27184068874711964,-0.05818530813858214,-0.09900005056851957,0.8214981555938721,0.037364814430475235
0.23585028706752126,10.34296949156344,2.386133591303574,0.06800366014741814,0.27179160736959435,-0.05836134330357412,-0.09387689096036755,0.8072895407676697,0.052408576011657715
0.23585028706752126,10.34296949156344,2.386133591303574,0.06800366014741814,0.27179160736959435,-0.05836134330357412,-0.09387689096036755,0.8072895407676697,0.052408576011657715
0.23585028706752126,10.34296949156344,2.386133591303574,0.06800366014741814,0.27179160736959435,-0.05836134330357412,-0.09387689096036755,0.8072895407676697,0.052408576011657715
0.23585028706752126,10.34296949156344,2.386133591303574,0.06800366014741814,0.27179160736959435,-0.05836134330357412,-0.09387689096036755,0.8072895407676697,0.052408576011657715
0.23585028706752126,10.34296949156344,2.386133591303574,0.06800366014741814,0.27179160736959435,-0.05836134330357412,-0.09387689096036755,0.8072895407676697,0.052408576011657715
0.23585028706752126,10.34296949156344,2.386133591303574,0.06800366014741814,0.27179160736959435,-0.05836134330357412,-0.09387689096036755,0.8072895407676697,0.052408576011657715
0.23585028706752126,10.34296949156344,2.386133591303574,0.06800366014741814,0.27179160736959435,-0.05836134330357412,-0.09387689096036755,0.8072895407676697,0.052408576011657715
